Fx_mean,Fx_std,Fx_rms,Fx_peak,Fx_crest_factor,Fx_dominant_frequency_hz,Fx_spectral_centroid_hz,Fx_bandpower_low,Fx_bandpower_mid,Fx_bandpower_high,Fy_mean,Fy_std,Fy_rms,Fy_peak,Fy_crest_factor,Fy_dominant_frequency_hz,Fy_spectral_centroid_hz,Fy_bandpower_low,Fy_bandpower_mid,Fy_bandpower_high,Fz_mean,Fz_std,Fz_rms,Fz_peak,Fz_crest_factor,Fz_dominant_frequency_hz,Fz_spectral_centroid_hz,Fz_bandpower_low,Fz_bandpower_mid,Fz_bandpower_high,Mz_mean,Mz_std,Mz_rms,Mz_peak,Mz_crest_factor,Mz_dominant_frequency_hz,Mz_spectral_centroid_hz,Mz_bandpower_low,Mz_bandpower_mid,Mz_bandpower_high,F_resultant_mean,F_resultant_std,F_resultant_rms,F_resultant_peak,F_resultant_crest_factor,F_resultant_dominant_frequency_hz,F_resultant_spectral_centroid_hz,F_resultant_bandpower_low,F_resultant_bandpower_mid,F_resultant_bandpower_high,specific_energy_proxy,force_torque_corr,run_id,specimen_id,sampling_rate_hz,analysis_window_seconds,nominal_process_seconds,target_class,property_value,process_quality,microscopy_target_class,microscopy_property_value,microscopy_magnification,batch_id,property_delta_abs
40.87194848060608,2.4762315793915715,40.94689115715739,49.59247970581055,1.211141512928801,124.0,4776.742320869211,45176.641043270894,5283.58130914355,9411.636943663523,25.343978405284883,1.8043613699915744,25.4081278602156,31.240406036376957,1.2295437982777793,167.0,4705.155802279584,21798.338817048727,3122.0779791938617,6600.504028139279,55.1537378156662,3.1249666192065835,55.24219593218941,65.16800689697266,1.1796780666895887,87.0,4728.5747362493785,73255.31271240626,7608.328475650216,14485.693018820995,0.3619797544375062,0.0307255748815333,0.3632814385217582,0.4587860405445099,1.2628942519369362,124.0,4823.530240180033,7.279233843254401,0.4545682248095975,1.4849556289711534,73.2363992143631,3.217280962519302,73.30703285959235,83.09783172607422,1.133558793536693,1.0,4613.155818829534,82618.13177886844,7026.625095903,11984.886423671782,26.555831909179688,0.4626723960303748,grinding_specimen_000,specimen_000,20000,1.0,20.0,grain,0.198675,pass,grain,0.198675,200.0,batch_1,0.0
41.46394808921814,2.49383350178603,41.538875727202914,49.1708869934082,1.1837317725286256,125.0,4707.053759799586,45901.699549104495,5364.062992302159,9470.91876099294,25.708316091918945,1.79905586953537,25.77118775500517,31.48706817626953,1.22179344140451,168.0,4683.358428394787,21876.620841902524,3163.969125839516,6372.821327293165,55.989511183547975,3.1406537439536133,56.07752730383227,66.14490509033203,1.1795260645490653,87.0,4675.806628946197,74634.85363349783,7022.964238977073,14663.11191094946,0.3620350147560239,0.0305771745301311,0.3633239814705885,0.4503743052482605,1.2395942140271818,125.0,4712.74676340888,7.237342346027667,0.4531591093998712,1.4299022306174936,74.32237493476867,3.241291393483213,74.39301973869456,84.0462417602539,1.1297597819723717,1.0,4543.02878415155,84539.44382275027,6601.627579220642,12075.84502665207,26.953224182128903,0.4633630834665594,grinding_specimen_001,specimen_001,20000,1.0,20.0,grain,0.2436125,pass,grain,0.2436125,200.0,batch_2,0.0
40.89280966854096,2.481590311047089,40.96803843314199,48.64260482788086,1.187330579843685,126.0,4674.510336864999,45380.559259054375,5435.805989487106,9344.54700134189,25.345533672904967,1.8016636509646051,25.40948777672558,31.268552780151367,1.2305857188035303,170.0,4760.267437400133,21610.055145852,3250.895131007053,6568.762653587684,55.18740204181671,3.120949630069401,55.27557933408338,65.62604522705078,1.1872520562907103,88.0,4808.32619473178,72891.9283844896,7466.118840279987,14752.45507320854,0.3621312210440636,0.0305331489529183,0.363416144990623,0.4689947068691253,1.2905169826211946,126.0,4708.111873897873,7.220448699719039,0.4515714944889413,1.4310207431919044,73.27428187732697,3.208041577144565,73.34447433446267,82.81221771240234,1.129085980421173,1.0,4645.595645779004,82048.05318601949,6981.479775649131,12063.084197980834,26.580224990844727,0.4626598456124228,grinding_specimen_002,specimen_002,20000,1.0,20.0,grain,0.2001375,pass,grain,0.2001375,500.0,batch_3,0.0
41.41405148048401,2.4843216107153583,41.48849857362456,49.70009613037109,1.197924674043685,124.0,4638.508068391181,45561.325004776765,5418.429843328944,9285.777296625787,25.673544324970244,1.829332518448384,25.738635077821524,32.10626983642578,1.2473959764902656,167.0,4798.640367824709,22657.23070354447,3260.0120804841795,6516.493645283386,55.912195585823056,3.1330663796129032,55.99990821569614,65.81867218017578,1.1753353581698829,1.0,4644.53425267636,73483.36738474743,7510.848054111179,14969.367167804405,0.3620102767452597,0.0307156319180395,0.3633110107240132,0.4555518329143524,1.2538894210954958,124.0,4655.773546443134,7.300189566845984,0.4573494875600377,1.4577433837276363,74.22481077213287,3.2311039974899107,74.29510459782345,84.47091674804688,1.136964773188051,1.0,4519.075846305171,83358.56402404723,7009.5022409496205,12158.751912181348,26.916046142578125,0.4625094762568035,grinding_specimen_003,specimen_003,20000,1.0,20.0,grain,0.2389375,pass,grain,0.2389375,200.0,batch_4,0.0
41.21341839504242,2.490360889706768,41.28859107750956,48.92910385131836,1.1850514288430318,123.0,4681.482761682628,45951.1549795665,5331.274272503224,9311.076607485154,25.54036924552917,1.7911576664713835,25.603099558142013,31.231351852416992,1.219826989364854,166.0,4715.700515292732,21538.798366248466,3125.2618044480832,6425.884402665011,55.6195304227829,3.131089228797993,55.70759269802966,66.18134307861328,1.1880129776448602,86.0,4628.5077556221,73743.52871998005,7676.178773340103,14507.798844259054,0.3619617370441556,0.0308794228157323,0.3632765308101464,0.4587450921535492,1.2627985934860628,123.0,4675.3361857221125,7.339228792313682,0.4718177310107636,1.501425565653154,73.84555888175964,3.2304456546949814,73.91618459909418,83.72123718261719,1.1326509564407787,1.0,4499.780490646073,83654.75924587312,7085.330595978804,11910.59371061138,26.775781631469727,0.4662730845061399,grinding_specimen_004,specimen_004,20000,1.0,20.0,grain,0.22405,pass,grain,0.22405,200.0,batch_5,0.0
41.46737833995819,2.4864671532930718,41.54185823110997,49.32190704345703,1.1872821569286642,123.0,4649.484888961551,45624.51949980762,5398.545794018598,9382.192301702516,25.701760632133485,1.8043738576543635,25.76502017483536,31.625333786010746,1.2274523199053862,167.0,4690.345225412854,21887.84468626944,3165.46755810723,6498.25257357125,55.98074011726379,3.1395151564861714,56.068706240597656,65.48759460449219,1.1679883306648264,86.0,4648.607715306279,74314.83093458845,7628.644816162473,14456.233006040966,0.3622195845901966,0.0307350134769218,0.363521207791404,0.4518749415874481,1.2430497365830255,123.0,4657.648968123851,7.3192115147167005,0.442424661899891,1.461633208852385,74.31573210906983,3.2301756447124084,74.38589969613008,85.22911834716797,1.1457698124958218,1.0,4516.218225888279,83739.68344639547,6852.576737129314,11937.57753765569,26.964906692504883,0.4662737878453255,grinding_specimen_005,specimen_005,20000,1.0,20.0,grain,0.2432625,pass,grain,0.2432625,1000.0,batch_0,0.0
40.88269151039123,2.4861298235637435,40.958214153371344,49.00900650024414,1.1965611175508275,123.0,4742.6649028699,45359.09699697622,5568.7729684398055,9440.789179273726,25.340520208740237,1.8150050776112343,25.405436581199048,31.52744483947754,1.240972369780451,166.0,4771.120206583651,22086.64545535379,3229.813614704831,6590.859082772005,55.169475924301146,3.1215096865883574,55.257713456905805,64.4636001586914,1.1665991248256238,86.0,4701.501092106877,73076.23232814968,7491.0388620116355,14556.82353283922,0.3620922120079398,0.0307051409282059,0.3633917661095581,0.4694547653198242,1.2918695719106894,123.0,4785.439583689539,7.267272828150503,0.4557074281013879,1.485269505820155,73.25406078510285,3.2045266160276165,73.32411889917513,83.32540130615234,1.136398262360705,1.0,4602.030886046811,81665.88770638489,7060.6334713289725,12092.974406198393,26.570674896240234,0.4670040913606927,grinding_specimen_006,specimen_006,20000,1.0,20.0,grain,0.1996125,pass,grain,0.1996125,500.0,batch_1,0.0
40.77195184173584,2.4854765461869603,40.84763947459476,48.858524322509766,1.196116224853027,124.0,4665.00751984558,45748.99634809883,5193.959714681961,9377.70240925654,25.29090911951065,1.796939289159257,25.354665742231177,31.47935104370117,1.2415604829397775,168.0,4743.073600394265,21781.16059696725,3157.255333247969,6419.252427890396,55.05538853683472,3.145643634132034,55.14518003248141,64.5567398071289,1.1706687650507974,87.0,4789.027885681962,74872.8640802052,7297.730090870503,14584.991988034864,0.362107579627633,0.0305291738876466,0.3633922531948704,0.4694186151027679,1.2917683604307342,124.0,4678.915283926101,7.22993579399,0.4323556124223252,1.444850999406851,73.08828842658997,3.2375458521827705,73.15995905051746,83.45614624023438,1.140735278195103,1.0,4621.85439136996,84225.38725892502,6764.6856122666095,12015.58456528734,26.51234436035156,0.4706718840214136,grinding_specimen_007,specimen_007,20000,1.0,20.0,grain,0.1922,pass,grain,0.1922,200.0,batch_2,0.0
40.84923361558914,2.4767257499959165,40.924247792985405,49.1057014465332,1.1999170197320068,124.0,4637.124006272348,45322.35533207019,5396.9443792442935,9223.8769318616,25.32962557477951,1.8056105644550493,25.393900079920687,31.94243431091309,1.257878238883456,168.0,4775.774061820814,21835.54793097541,3168.173933629407,6548.422754898949,55.14842239685058,3.143607500156096,55.2379467483766,64.70072937011719,1.171309456248366,87.0,4827.109277830095,73764.23908738626,7512.579521114728,15154.344107797317,0.36223155131042,0.0306425243611763,0.3635253238276238,0.4601389765739441,1.2657687000428406,124.0,4685.244992647293,7.266090000092517,0.4442156224719857,1.4626051799177937,73.21565329036713,3.2160676178709404,73.28625367460097,82.90914916992188,1.1313055997929382,1.0,4657.163638873968,82352.14139371245,6879.739094078424,12233.465393622737,26.566410064697266,0.4605819163714403,grinding_specimen_008,specimen_008,20000,1.0,20.0,grain,0.1972125,pass,grain,0.1972125,1000.0,batch_3,0.0
41.07042065525055,2.494193539397113,41.14608674237687,48.79026412963867,1.1857813948413465,123.0,4804.717481504986,46132.4076475076,5334.94790252675,9349.656149468865,25.45431259355545,1.807576339589544,25.518412212241564,31.12400245666504,1.219668457339771,166.0,4838.3844495418025,22107.39503718529,3226.002522922592,6324.623044009712,55.42723537979126,3.133615466661473,55.51574522367221,65.34876251220703,1.177121233785437,86.0,4752.600816223048,73900.9883220512,7458.027357459411,14629.441529367276,0.3620642881602048,0.0307273862068172,0.3633658225866307,0.4604915976524353,1.2672947454837986,123.0,4834.03319527946,7.289194503411022,0.4510023272895914,1.4843277490318358,73.59141225337981,3.239108978644893,73.66266207803271,83.34782409667969,1.131479934955205,1.0,4656.315987971109,84042.84829142268,7041.052409782511,12031.382355066928,26.690731048583984,0.4612486589308925,grinding_specimen_009,specimen_009,20000,1.0,20.0,grain,0.213775,pass,grain,0.213775,1000.0,batch_4,0.0
41.0080326128006,2.479579278617988,41.08292896290951,49.10110855102539,1.195170592519215,123.0,4643.512835873236,45541.615743831855,5109.97198913145,9449.982522441596,25.42247711362839,1.802457390108443,25.486294262526982,30.85488510131836,1.2106461921647402,165.0,4719.325472117872,21780.095103366253,3215.255409760727,6502.268601648881,55.37209312877655,3.1317800432779,55.46058730036472,67.3570785522461,1.2145035209860306,86.0,4690.21016268263,73457.57074255237,7728.400438378644,14622.84871727348,0.3619304308280349,0.0306178566121669,0.3632231957115213,0.4587271511554718,1.262934626894813,123.0,4656.432976275285,7.262212124359245,0.4402926672458585,1.4448944630502032,73.50426149616241,3.218467745619163,73.57468989214848,85.76422882080078,1.1656757092217538,1.0,4539.908274860576,82316.5149829313,7328.616494290237,12070.639537159564,26.6488094329834,0.4605210205047966,grinding_specimen_010,specimen_010,20000,1.0,20.0,grain,0.2083875,pass,grain,0.2083875,500.0,batch_5,0.0
40.9926429391861,2.481111343866805,41.06765988755956,48.77074813842773,1.1875706644098716,124.0,4743.767121659507,45320.50329584527,5476.1985642920745,9359.62396674176,25.407833399105076,1.813941673181204,25.472502476796084,31.85281753540039,1.2504785332503705,167.0,4738.850510496508,22140.151803712462,3259.466300755057,6516.966847991961,55.32851013717652,3.119627270941781,55.416388445199566,65.92066192626953,1.1895517513101288,87.0,4662.647890554433,73287.54902561886,7323.968430386373,14448.821111176532,0.3619585569396615,0.0307317011363606,0.3632608352087749,0.4603271186351776,1.267208226206429,124.0,4784.75132072504,7.3081428991158335,0.4445108467902683,1.4536826931413969,73.45795926647186,3.210202799539031,73.52807070506344,83.86795043945312,1.140624929162974,1.0,4543.739960594086,82596.08374837572,6925.511936127433,11742.832895888858,26.634544372558597,0.4643052550519966,grinding_specimen_011,specimen_011,20000,1.0,20.0,grain,0.2072125,pass,grain,0.2072125,1000.0,batch_0,0.0
41.200603774261474,2.4928361066886944,41.27594921038764,49.12765884399414,1.190224810908298,123.0,4648.526158593973,45821.770320675096,5419.92736525169,9487.847243612818,25.550991760349277,1.8227547974156568,25.615925027001044,31.7812557220459,1.240683507956326,165.0,4708.858357222707,22512.231695473896,3137.97089898872,6565.685315160068,55.63738417625427,3.1381671625156877,55.72581637908952,66.33683776855469,1.1904148216919948,86.0,4706.259862400755,74153.69949220313,7376.502582065509,14660.80556546161,0.362115970942378,0.0307093230360846,0.3634157934554795,0.4556553661823272,1.2538127797083414,123.0,4665.235973149054,7.296735021672067,0.4282538027917149,1.4778304109920015,73.85694113254547,3.224662945102605,73.9273035120706,83.9936752319336,1.1361658175212546,1.0,4553.146391530263,83365.65548684192,6951.8204236296815,11878.99862858868,26.790346145629883,0.4601537718296976,grinding_specimen_012,specimen_012,20000,1.0,20.0,grain,0.2241875,pass,grain,0.2241875,200.0,batch_1,0.0
41.05243538150788,2.4799134228122224,41.12727101738607,48.87522888183594,1.1883897879140706,125.0,4775.580975488194,45136.9259071342,5337.344396133508,9576.83630452602,25.45820413427353,1.8021413573182472,25.521909631022883,31.719497680664062,1.2428340253233938,169.0,4774.718628076703,21812.248626859586,3276.283255038871,6409.806090896539,55.41768548183441,3.1417818250524148,55.50667218632144,65.28031921386719,1.1760805799118736,88.0,4616.715998855838,74180.27422323126,7629.904283805095,14673.07159291097,0.3621575446784496,0.0308896603952636,0.3634725000421049,0.4601218402385711,1.2659055091795677,125.0,4785.318317107199,7.3895857658403665,0.4576433501444136,1.4711972957575636,73.57544579563141,3.234923127752157,73.64652708490985,84.71574401855469,1.1503019541014163,1.0,4553.551864529756,83495.31117118079,7216.170436326353,12060.096894617209,26.69243049621582,0.4656389619858052,grinding_specimen_013,specimen_013,20000,1.0,20.0,grain,0.2128625,pass,grain,0.2128625,500.0,batch_2,0.0
41.29901903705597,2.490817622610898,41.37406368550496,49.26206588745117,1.1906508933206312,123.0,4749.463445435665,45860.0886231198,5307.621254733,9479.05829553646,25.60493471889496,1.81204977687446,25.668973613152964,32.29634475708008,1.2581860593183671,166.0,4797.164211624272,22232.99511037342,3241.2322692314806,6391.505156230491,55.78587275981903,3.1323939711357154,55.87374599545949,65.04668426513672,1.1641726021094532,86.0,4774.9059370375,73859.71500921049,7524.527492539687,14541.389059188772,0.3620906375721097,0.0304989197698486,0.3633728304709979,0.4530863463878631,1.2468910947485536,123.0,4780.863320556681,7.152958923664545,0.4560525782029136,1.468927261023577,74.04164401912689,3.2279708381078898,74.11197504308453,84.15959167480469,1.1355734565956317,1.0,4647.429047167355,83423.12957652783,7067.58127025945,11945.621381501524,26.855125427246094,0.4605533824354251,grinding_specimen_014,specimen_014,20000,1.0,20.0,grain,0.2317375,pass,grain,0.2317375,200.0,batch_3,0.0
41.44232364654541,2.493492409639121,41.51726982379676,49.141727447509766,1.1836454481730598,125.0,4718.2728717681175,46118.613486488735,5369.776943173901,9313.426033474934,25.69566553440094,1.807793603091852,25.75917981938051,31.53726577758789,1.2243117210533274,169.0,4695.435550792692,22156.68278211773,3124.078157633666,6438.070176085782,55.96663247680664,3.1320437673613326,56.054202776907054,65.7092056274414,1.172244049013787,87.0,4646.69992659948,73569.30625941722,7439.111024847941,14788.67650595808,0.3619963670611381,0.0308652523771094,0.3633098313695418,0.4600034654140472,1.2661464835124516,125.0,4751.272158363561,7.40066074971888,0.4438811624323051,1.4493199252750932,74.2888221189499,3.2347486262579004,74.35921389105762,84.71932983398438,1.1393252483559762,1.0,4535.987033188748,84021.49527122821,6639.112794795933,12117.13034375862,26.93827438354492,0.4606832392527457,grinding_specimen_015,specimen_015,20000,1.0,20.0,grain,0.24105,pass,grain,0.24105000000000001,500.0,batch_4,2.7755575615628914e-17
41.46868718204498,2.477939673747908,41.54265520677555,49.42528533935547,1.1897478650159623,123.0,4645.079154804603,45131.300487282446,5204.0573020899965,9614.011730856011,25.699783306598665,1.798217931610292,25.762617292031727,32.21706771850586,1.2505355086135006,167.0,4700.992508340038,21723.33042094867,3139.69543669213,6522.944309913568,55.96793543987274,3.135778222216536,56.0557124873165,66.02384948730469,1.1778255338783472,86.0,4631.405416884789,73776.50978589106,7483.852078728651,14867.096274536198,0.3621900531217455,0.0305927115796694,0.3634797774046442,0.4657522439956665,1.2813704446538363,123.0,4628.277879103604,7.252884023652363,0.4485582885474758,1.4382271516840563,74.30547730350494,3.2316547230779005,74.37571881703653,84.06090545654297,1.1302197382902863,1.0,4491.5137568647215,83389.1458724176,6898.104539381924,12320.258463127766,26.958009719848636,0.4582493164826947,grinding_specimen_016,specimen_016,20000,1.0,20.0,grain,0.2418,pass,grain,0.24180000000000001,500.0,batch_5,2.7755575615628914e-17
40.99537330570221,2.481174937386663,41.070389108745935,48.593692779541016,1.1831807254339597,122.0,4709.281379803917,45606.187283255626,5210.525723135185,9312.663896865222,25.41045629262924,1.8134860669082649,25.47508627491753,31.426549911499023,1.2336189786505745,165.0,4862.109369986138,22290.562080007265,3145.73442880697,6426.339243526953,55.34784599742889,3.1284912831511726,55.43619317976171,65.0971908569336,1.174272386378415,86.0,4625.621776967373,73932.45849666286,7593.235716627155,14129.240125090602,0.3621245058581233,0.0308707626526898,0.3634379750793093,0.4533555507659912,1.2474083113275658,122.0,4700.070965966651,7.3774042392518036,0.465217053515759,1.4567418528184228,73.47532052555084,3.210244138728952,73.5454172179523,83.97662353515625,1.141833532418356,1.0,4510.0727349419085,82945.68680022265,6782.793756402508,11522.802558832776,26.653106689453125,0.4631003318700575,grinding_specimen_017,specimen_017,20000,1.0,20.0,grain,0.208,pass,grain,0.208,1000.0,batch_0,0.0
41.05115861148834,2.4853194933462617,41.12632291282045,48.77767562866211,1.1860451451509777,122.0,4689.152503526825,45756.11580506078,5334.530411241567,9274.249287580047,25.44246937608719,1.811844840471277,25.50690160876222,31.80595970153809,1.2469550472806932,165.0,4849.269625778901,22153.587873483742,3199.084397186005,6457.051967660274,55.42989799499512,3.1156398656330904,55.5173919011681,64.79253387451172,1.1670673217116394,86.0,4648.600008597749,72962.44143714091,7146.044607992679,14683.241112695476,0.3623184066414833,0.0309766223919105,0.3636401778214754,0.4547832310199737,1.2506407673225917,122.0,4673.920164091471,7.454559676723624,0.4526656970867309,1.4750334292647815,73.57884660301208,3.2110127389887766,73.64887826871181,84.5468521118164,1.1479720275350669,1.0,4532.259408212227,82370.47832038981,6846.7809458794745,12060.669394670058,26.704837799072266,0.4611276832924086,grinding_specimen_018,specimen_018,20000,1.0,20.0,grain,0.2130625,pass,grain,0.2130625,1000.0,batch_1,0.0
41.26110723896026,2.489586326117336,41.33614653859464,49.3984375,1.1950421516402787,123.0,4692.414502873759,45999.399261149934,5354.268698482606,9188.269397373318,25.57746954011917,1.8024802992809863,25.640902544665234,30.89871025085449,1.2050554849631523,166.0,4713.778154213774,21685.035176054625,3307.0258485321697,6475.217664466777,55.70384271240234,3.12625470127736,55.79150079882525,65.37252807617188,1.1717291548025244,86.0,4682.1643052652,73395.34554717074,7392.184288386671,14725.156635191932,0.3620568989142775,0.030721929276385,0.3633579983843573,0.4666019678115845,1.2841384251517602,123.0,4708.750141239937,7.31020494334105,0.44187180574634,1.46924724909919,73.94824068908692,3.237614805436048,74.01908166574015,84.88684844970703,1.1468238532469803,1.0,4561.248685106687,83845.35162219689,6904.972383831662,12219.454579249525,26.81950569152832,0.4628157797751594,grinding_specimen_019,specimen_019,20000,1.0,20.0,grain,0.2278,pass,grain,0.2278,500.0,batch_2,0.0
40.86113143024445,2.4775709857167114,40.936174952589006,48.45438766479492,1.18365694207906,122.0,4780.672940674847,45710.59286874735,5233.39256788361,9114.710824632271,25.340105811786653,1.8062354900356496,25.404398225464973,31.20037078857422,1.2281483903562591,165.0,4742.955153550968,21841.49807429528,3235.1369511207927,6590.877442379022,55.18687692222595,3.139058734832637,55.27608048848656,65.25187683105469,1.180472208854352,85.0,4636.882223395707,74183.25306600213,7242.971279567511,14849.184156232915,0.3619510659709573,0.0305927648757041,0.3632416432903204,0.4531142115592956,1.2474181304073242,122.0,4832.39438623858,7.221973813876943,0.4392761175479256,1.4686660915208782,73.25427518959046,3.226470190315887,73.32529538598017,83.38621520996094,1.137209400535254,1.0,4555.189315939081,83368.93333661913,6936.387163996246,11997.23493217406,26.559650421142575,0.4577655120403653,grinding_specimen_020,specimen_020,20000,1.0,20.0,grain,0.1992125,pass,grain,0.1992125,1000.0,batch_3,0.0
40.75606713619232,2.478017115074013,40.831330828573485,48.15829849243164,1.1794447429259591,125.0,4625.479714433599,45338.66361897325,5302.976452903152,9322.41202113158,25.268971065330504,1.8005545152890745,25.333039597786883,31.12447166442871,1.2286118112390971,168.0,4819.705227893949,21736.26797171514,3238.261338961887,6452.254858384431,55.02388729534149,3.1369702112987143,55.1132357532836,64.5816650390625,1.1717995533444028,87.0,4736.431818022426,73884.34410450565,7600.092258693335,14636.454990093798,0.3622082548335195,0.0307358289704221,0.3635099875547339,0.4520126581192016,1.243466957152427,125.0,4652.152224311764,7.271396756175241,0.4645103083251047,1.4700127651583408,73.04863872203826,3.213348430535308,73.11928081757159,83.24578857421875,1.138492989036807,1.0,4593.134761319817,82652.58300631506,6883.807999549653,11843.65927923097,26.504627227783203,0.463802890851763,grinding_specimen_021,specimen_021,20000,1.0,20.0,grain,0.1914375,pass,grain,0.1914375,1000.0,batch_4,0.0
41.42550405979157,2.487679134900962,41.50013173576717,48.52241134643555,1.1692110197475871,124.0,4601.588650695425,45531.14743582769,5607.0842488723565,9339.161946760294,25.68965867204666,1.8253280199007784,25.75442457261465,31.825014114379883,1.235710548478736,167.0,4742.745941549423,22575.11095941679,3302.1975201432915,6498.312803659037,55.94938575305939,3.137022957320847,56.03726152462665,66.31829833984375,1.1834678664784306,1.0,4608.399780436139,73846.37377108732,7726.05536827119,14635.064881959594,0.3620630174264311,0.0308445123118455,0.3633744797418879,0.4496991038322449,1.2375638051182762,124.0,4630.526752624908,7.362650685046156,0.4502450468439813,1.4817398690487684,74.26464067325593,3.2386949935620755,74.33522717789421,84.03311920166016,1.130461591252793,1.0,4472.361311319512,83719.85888334425,7225.921477856862,12158.739204282776,26.934375762939453,0.4594379715196579,grinding_specimen_022,specimen_022,20000,1.0,20.0,grain,0.2400499999999999,pass,grain,0.24004999999999999,200.0,batch_5,8.326672684688674e-17
41.23918171920776,2.4778396584898164,41.3135546551374,48.9747314453125,1.1854397873561435,122.0,4615.611691004036,45412.698222637286,5296.839238952917,9329.806607427348,25.575119343566893,1.8042801575127356,25.63868476198582,31.169849395751957,1.215735116099525,165.0,4740.612040044975,21808.503900293497,3228.875639000364,6468.775883721359,55.67445608158111,3.141783716844381,55.76303313937768,65.17499542236328,1.1687849773067536,86.0,4634.611802270716,74145.90445454138,7710.957890723211,14546.409225006735,0.3620055842667818,0.0308457332015446,0.3633173575499455,0.4526770710945129,1.2459549803707992,122.0,4650.546444759695,7.359270326413034,0.4494663119753125,1.477296094685561,73.91351685352325,3.234168514537065,73.98424034641762,84.83089447021484,1.1466076298548145,1.0,4484.212576475537,83999.51925970314,7095.634513962242,11679.787632549886,26.80356216430664,0.4656647808651893,grinding_specimen_023,specimen_023,20000,1.0,20.0,grain,0.22695,pass,grain,0.22695,500.0,batch_0,0.0
41.20391109542847,2.485333712240102,41.27879810775951,49.06673812866211,1.1886668308648898,125.0,4732.655230418092,45503.27919682655,5354.864175697279,9434.66513517887,25.55205377178192,1.8098845802140489,25.61607179389009,30.978721618652344,1.2093470797517576,169.0,4689.830647797176,21974.455729578996,3201.249520808205,6552.673042358049,55.637374505424496,3.141173606120301,55.72597611061333,66.77857971191406,1.1983384477530168,87.0,4645.453100831069,74209.78908126855,7455.10703055485,14756.12013348853,0.3620858741819858,0.0308593153948381,0.3633985107685101,0.4543477594852447,1.2502741371295012,125.0,4728.97505154275,7.374052791201588,0.4710072954892619,1.4706597775475294,73.85810674762726,3.2383318134493515,73.92906549712299,84.90015411376953,1.148400206912848,1.0,4535.31150763885,83818.08392886708,6998.487584750913,12233.077461921128,26.78857421875,0.456291721460923,grinding_specimen_024,specimen_024,20000,1.0,20.0,grain,0.223725,pass,grain,0.223725,1000.0,batch_1,0.0
41.46355732002258,2.486843640314609,41.53806660067572,49.41242218017578,1.1895696218892375,124.0,4613.445402298487,45691.85642993992,5451.985032273331,9260.25352226216,25.690952914905548,1.804895204066092,25.754275535793173,31.236146926879883,1.2128528672246297,167.0,4730.211925554797,21841.249718047075,3234.639094284482,6459.1280631698,55.98148939266205,3.113382887036704,56.06799717862255,64.86663055419922,1.156927905727501,1.0,4612.871325544297,72915.59914158637,7372.814573035517,14543.47503277073,0.3620072512418031,0.0307289362499503,0.3633091211003372,0.4587042331695556,1.2625728519567572,124.0,4630.514049866412,7.327546755851536,0.4423758191451045,1.4570054423971472,74.30995241413116,3.216358604840345,74.37952668890391,83.7848129272461,1.1264499339674514,1.0,4472.036579380973,82808.2784304779,7103.088258955549,11794.723269109085,26.94694709777832,0.4675073996391786,grinding_specimen_025,specimen_025,20000,1.0,20.0,grain,0.2427,pass,grain,0.2427,200.0,batch_2,0.0
41.51117978382111,2.492303058104807,41.585930572468335,49.31502532958984,1.1858584057329835,127.0,4704.536592324186,45798.89562749655,5293.296326798367,9606.276558676896,25.73394320077896,1.8004109089086928,25.796846941086333,32.097938537597656,1.2442582076368276,172.0,4749.459913901027,21687.628458434447,3202.7772412746926,6531.861777142908,56.04297386684418,3.1540410256399727,56.13165679570842,66.1225357055664,1.1779900947199875,89.0,4753.245362992857,74985.93725383474,7459.795519256806,14873.850148250584,0.362084647756815,0.0306518075154495,0.3633797262439677,0.4573971331119537,1.2587304686471807,127.0,4716.6000318208025,7.258549309691525,0.451910433602623,1.4695233011812854,74.39820330295562,3.2461017862787926,74.46898570220223,84.26984405517578,1.1316099348011357,1.0,4623.360388180579,84585.19926197181,6853.714120761344,12221.989187623543,26.98461532592773,0.4640127057432866,grinding_specimen_026,specimen_026,20000,1.0,20.0,grain,0.246375,pass,grain,0.246375,200.0,batch_3,0.0
41.18529689998627,2.495805037028686,41.260849767338485,50.16058349609375,1.2156943877535011,125.0,4770.612828460485,45971.581456945685,5529.205931177831,9358.35146581394,25.52649519920349,1.8202705190818165,25.59131379819327,31.030670166015625,1.2125469763184402,169.0,4792.842657066178,22346.78816444938,3282.0049103948554,6475.405430287085,55.61984195861817,3.12051091360598,55.70731018334664,64.91571807861328,1.165299811909056,88.0,4648.170165644244,72979.33352047275,7242.854379316035,14899.170791015487,0.3619791484236717,0.0307717851883665,0.363284745973741,0.4541493058204651,1.2501193921676303,125.0,4791.866579091843,7.340775161944207,0.4574291976090466,1.4588324559212156,73.82560536804199,3.2338000709942034,73.89639687330522,84.4734878540039,1.143134055627002,1.0,4579.26562356487,83484.0034262297,6906.6514939106255,12324.3763733872,26.768896102905277,0.4579054889511843,grinding_specimen_027,specimen_027,20000,1.0,20.0,grain,0.222975,pass,grain,0.222975,200.0,batch_4,0.0
41.33977614212037,2.4938363396375065,41.41492860273358,49.5057373046875,1.1953597162888718,124.0,4769.758561457622,46222.69046536946,5327.588651101029,9278.974391074167,25.636014807605743,1.813769841123524,25.70009759227288,31.231884002685547,1.2152437900498825,168.0,4702.272350625911,22142.02359605857,3181.3402716736546,6590.0541544547605,55.82105431079864,3.134309677143008,55.90897961438184,65.33738708496094,1.1686385180986878,87.0,4719.854867049453,73624.06798791014,7527.144894621547,14801.00177477516,0.3620771642595529,0.0308292106986359,0.3633872770344886,0.457341194152832,1.2585503760205297,124.0,4805.15481932173,7.328634621961718,0.4508341176828812,1.4907170061026729,74.10157131080628,3.2345726147924223,74.17213311433663,83.72523498535156,1.1287963749982597,1.0,4612.3277320796815,83540.68066988824,7076.11738973999,12132.634219573072,26.87713050842285,0.4677715646565252,grinding_specimen_028,specimen_028,20000,1.0,20.0,grain,0.2345749999999999,pass,grain,0.23457499999999998,500.0,batch_5,8.326672684688674e-17
41.2931459060669,2.4885614968662826,41.36806542664782,49.2224006652832,1.1898646977476472,124.0,4714.050088930927,45833.95043345866,5242.240334874141,9451.93976170362,25.60157071094513,1.812292969963736,25.665635169940828,31.52448272705078,1.2282759619357382,168.0,4745.61744907778,21983.986043059227,3295.431654118668,6510.093042988976,55.74654800033569,3.137401908549718,55.83476430226515,66.01478576660156,1.182324069807588,87.0,4780.344229615279,73989.48383222615,7443.392829300362,14756.327263319745,0.3620231219053268,0.0308790512459745,0.3633376619618873,0.4567643105983734,1.2571345016424038,124.0,4727.175798763669,7.360980180211822,0.4470070600999941,1.500693679509717,74.00749275741578,3.2332007666458225,74.07808428568052,84.02826690673828,1.1343201935768898,1.0,4649.484023796282,83702.03357937551,6890.1006902537565,12021.951307312927,26.838733673095703,0.4638586872497074,grinding_specimen_029,specimen_029,20000,1.0,20.0,grain,0.230575,pass,grain,0.230575,500.0,batch_0,0.0
41.02939269695282,2.48896933542388,41.10481764262488,48.76821517944336,1.186435507473744,122.0,4655.89000485147,45579.69491396168,5544.764940941576,9409.034519393554,25.437145289516447,1.8116317407947615,25.50157583452881,31.764062881469727,1.2455725515778355,165.0,4824.525107874404,21951.96753668273,3277.508952668165,6566.8557141752735,55.38014210357666,3.1261202488225464,55.46830416753736,65.77645874023438,1.1858386465460002,86.0,4603.707767269162,73453.43193122269,7335.992174823493,14719.937109182833,0.3620282247379422,0.0308765807627496,0.3633425363847516,0.4579138159751892,1.2602813326824305,122.0,4689.267169764541,7.380470252189621,0.4559416222622963,1.4796703760164969,73.52737098617554,3.2241105200500155,73.59802424511263,83.734619140625,1.137729171393966,1.0,4513.029666647522,83111.55582146198,6981.7178300509095,12053.875994581776,26.664968490600582,0.4619399498636921,grinding_specimen_030,specimen_030,20000,1.0,20.0,grain,0.2102,pass,grain,0.2102,1000.0,batch_1,0.0
41.33929478397369,2.4909033388870507,41.414271606294776,49.27969741821289,1.189920660362951,123.0,4647.20121741492,45872.74519070448,5269.181843146012,9406.677922705112,25.619584644794465,1.805910751772811,25.683154615723453,31.269153594970703,1.217496606738,165.0,4668.797944664647,22118.20860824072,3159.5294997500105,6378.442980989502,55.805256241989134,3.1387988830204083,55.89345831724959,65.69475555419922,1.1753567865011638,86.0,4726.435664254973,74037.11664027817,7415.624937334368,14691.80797174641,0.3622130114555359,0.0307739808853206,0.3635179549447568,0.4607229828834533,1.26740089895551,123.0,4627.456436626716,7.30415073242482,0.4689764638600587,1.4703457936878792,74.08331814250946,3.24144706441606,74.15419749465086,84.17236328125,1.135099105985495,1.0,4561.362731080078,84114.56430105997,6943.877448956701,12095.414078370088,26.87945556640625,0.4562898304907942,grinding_specimen_031,specimen_031,20000,1.0,20.0,grain,0.233025,pass,grain,0.233025,1000.0,batch_2,0.0
41.521052084350586,2.482470374036375,41.59519714281112,49.68198394775391,1.1944163595902182,125.0,4713.951266510272,45315.02946788012,5488.62207845035,9480.636578115927,25.72273501176834,1.811887185453765,25.78646993402673,31.60158348083496,1.2255102602909929,169.0,4685.796743338205,22028.61455419397,3282.3995166355794,6528.065121216586,56.05379686641693,3.141679355412731,56.14176958658998,66.43203735351562,1.1832907627012808,87.0,4630.724877669932,74361.95428319529,7605.715385994521,14516.31141534478,0.3619094965443015,0.0307415160234443,0.3632127812954404,0.4616961181163788,1.27114501992382,125.0,4729.135695665877,7.315849259460247,0.4546355914744405,1.460189111063522,74.4077372297287,3.23873328028417,74.47818978002334,85.3470458984375,1.1459334088343998,1.0,4495.644267679215,83964.9066114306,7127.426070442182,12085.774139522751,26.97466278076172,0.4599674324034012,grinding_specimen_032,specimen_032,20000,1.0,20.0,grain,0.247175,pass,grain,0.247175,200.0,batch_3,0.0
41.48900496463776,2.489590169119801,41.56363304820591,49.257423400878906,1.185108706540395,123.0,4680.055017865105,45848.03607390421,5309.235197211499,9405.424311964034,25.71974860944748,1.806155828610954,25.78308878723418,32.16555404663086,1.2475446333085114,166.0,4728.315121598273,21963.282399731,3174.9645607278103,6505.021797481749,56.00682482566833,3.136359788221505,56.09457353233263,66.47386169433594,1.1850319470923645,86.0,4766.415210085525,73802.1534363254,7452.661256275457,14877.065219178745,0.3621825695991516,0.0306867668091699,0.3634802489526008,0.4582840800285339,1.2608225105741466,123.0,4732.549993849632,7.27728197220843,0.4497287121705536,1.4610974697279695,74.35303366527558,3.245122686951344,74.42381632570967,84.04356384277344,1.129256305198913,1.0,4600.149287659632,84259.55182310006,7125.878316260129,12150.588801275346,26.975807189941406,0.4662721433910557,grinding_specimen_033,specimen_033,20000,1.0,20.0,grain,0.2455375,pass,grain,0.2455375,1000.0,batch_4,0.0
40.919378374671936,2.4686589445935225,40.9937776199546,48.586700439453125,1.1852213496860682,123.0,4703.190594330066,44948.92768509146,5265.58875294585,9291.854408205963,25.36936962175369,1.8114265859916248,25.433957247774018,31.1843318939209,1.2260904424005885,166.0,4782.160627357006,22144.27241765953,3154.0413936217265,6526.765651669017,55.25477107791901,3.1398643571556257,55.343910912173264,65.1662368774414,1.1774779881540258,86.0,4751.11152584258,74197.80468843812,7619.43603555634,14517.353119361424,0.3621268525004387,0.0309027624764884,0.3634430327170308,0.4593706130981445,1.2639411730195442,123.0,4716.055639374483,7.405658719327298,0.4460384314542119,1.4677581643751965,73.34774508075714,3.229977013435712,73.4188290558972,83.38395690917969,1.135729866322106,1.0,4617.701904282158,83234.89593367605,7156.800904392078,12069.357654053036,26.60765266418457,0.4655048578735059,grinding_specimen_034,specimen_034,20000,1.0,20.0,grain,0.20285,pass,grain,0.20285,200.0,batch_5,0.0
41.022455040740965,2.476977136237164,41.09716819080186,48.78923416137695,1.1871677857428795,124.0,4626.552748264654,45470.74563653095,5227.128051045303,9214.703175126017,25.43231844768524,1.812943334978367,25.49685441697296,31.867544174194336,1.2498617928720055,168.0,4827.021623192605,22168.44579941312,3259.7970917234584,6425.642512793944,55.358626186943056,3.1380985786809465,55.447499095948565,65.02081298828125,1.172655467756384,87.0,4758.988410886697,74032.41403388645,7466.145725004588,14746.71179463311,0.3623737930521369,0.030701968155642,0.3636720730818122,0.4613780677318573,1.2686651021126525,124.0,4645.435146428508,7.328187645998721,0.4277135667390798,1.451622235823782,73.50518954582215,3.237141720874379,73.57643628695443,83.54883575439453,1.1355379516962043,1.0,4585.226354073133,84011.11871549996,6844.732151318884,12111.17656588001,26.683269500732425,0.4720267214142243,grinding_specimen_035,specimen_035,20000,1.0,20.0,grain,0.2102,pass,grain,0.2102,200.0,batch_0,0.0
41.250118303680416,2.479077604976152,41.32454580318004,48.76752853393555,1.1801104546001508,123.0,4785.919708079697,45387.08313129618,5139.81808919164,9442.126849897852,25.57607442560196,1.808247029681848,25.639916933256316,31.373336791992188,1.2236130434299235,166.0,4792.666149510313,22059.136953148725,3125.361885608649,6495.302579294075,55.69688231010437,3.1560468380690696,55.78622886259388,66.3458251953125,1.1892867926012312,86.0,4709.910028443582,75269.79559210407,7410.297412441638,14748.95117969752,0.3619837653964758,0.0306640087612042,0.3632802332138621,0.4575402438640594,1.259469142640378,123.0,4830.286083755291,7.267982571354908,0.4408645210423336,1.4748534904691637,73.93707022361755,3.2459826894264308,74.00828843360863,84.16602325439453,1.1372513138159952,1.0,4608.3074732857485,84682.47802215267,6733.043820154911,12154.167900664785,26.80935859680176,0.4555221986780444,grinding_specimen_036,specimen_036,20000,1.0,20.0,grain,0.2269875,pass,grain,0.2269875,500.0,batch_1,0.0
40.9898130147934,2.466967834658778,41.06398301778539,49.14057159423828,1.1966830293338766,125.0,4669.268119690685,44958.419936375474,5100.0842844872695,9302.106334468315,25.420810507774352,1.8141159991010405,25.485459064540414,31.759418487548828,1.2461780031946836,168.0,4741.358294687466,21983.17917911162,3315.673429633389,6607.082984149643,55.35714456443787,3.111305543371091,55.44450988612204,64.48486328125,1.1630522735920297,87.0,4656.825762109785,72704.77366148282,7377.012707295224,14583.696868145662,0.3622688920989632,0.0307173388828246,0.3635688450495347,0.4557197391986847,1.2534620207531666,125.0,4671.717616069522,7.284157296681302,0.4746315552393885,1.4537714246211937,73.48199117774963,3.2015577582084958,73.55170290024576,83.08816528320312,1.1296565817910589,1.0,4537.515513493847,81844.86921181121,6869.72325195159,12038.559809831477,26.66533660888672,0.4585850576923698,grinding_specimen_037,specimen_037,20000,1.0,20.0,grain,0.20885,pass,grain,0.20885,1000.0,batch_2,0.0
41.23685405082703,2.4854955619676264,41.311691083732825,48.66971969604492,1.178110080204619,1.0,4615.028147049199,45502.03713772033,5469.686537164752,9387.36578381821,25.555649445438384,1.8057947506830905,25.61936988412732,31.58921813964844,1.2330208854675924,169.0,4723.255300103521,21870.676851768163,3232.430279151448,6527.855643259387,55.656725872612,3.134513667814085,55.74492183861047,66.18059539794922,1.1872040217322668,88.0,4747.789034809732,73858.4368526783,7446.175913760749,14647.292830480266,0.3622981009498238,0.0307417853199123,0.3636000155617493,0.4560733437538147,1.254327074351736,126.0,4647.054989596938,7.279048394219608,0.4712318739844161,1.4792310041526653,73.89265397357941,3.22178991989951,73.96285717538977,83.63314056396484,1.1307451301623423,1.0,4576.047494162521,83101.99104953416,6882.991341904569,11974.554721720608,26.816381454467773,0.456493501522166,grinding_specimen_038,specimen_038,20000,1.0,20.0,grain,0.2251625,pass,grain,0.2251625,500.0,batch_3,0.0
41.40919659805298,2.492215669115424,41.48412590181438,48.74414825439453,1.1750072393899138,125.0,4718.11294282952,45878.22813010221,5314.755114287785,9468.96214136636,25.694097381019592,1.8118161063767784,25.75789816403202,31.63352394104004,1.2281096749273068,169.0,4845.38835601695,22225.698302518475,3172.796767248044,6419.759201152551,55.93889712677002,3.13507528363277,56.02668032994106,66.66551971435547,1.18988880515073,88.0,4618.293335664185,73586.37371487275,7824.44209840289,14576.057703556937,0.3619548231914639,0.0306479054165495,0.3632500352897239,0.4573594033718109,1.2590760053389298,125.0,4715.041668446046,7.259293139217733,0.4567629097632416,1.4632635014995314,74.24879993019104,3.241394292741304,74.31951915906448,85.36223602294922,1.1485843421598334,1.0,4542.732348360237,83881.79321935779,7223.030997378177,12021.52944723701,26.92009925842285,0.4569179660005448,grinding_specimen_039,specimen_039,20000,1.0,20.0,grain,0.2400625,pass,grain,0.2400625,200.0,batch_4,0.0
41.31957218723297,2.4988136032000425,41.395061482736,49.59321594238281,1.1980466791447064,127.0,4678.358559546653,46023.72079914762,5512.719276919126,9521.966618568871,25.62259393205643,1.8020959489238024,25.68588853079025,31.770357131958008,1.2368798180321527,171.0,4794.358805016126,21787.031302432377,3151.680101728732,6542.643481198294,55.78735396766663,3.1551368813477763,55.87650446702773,64.94161987304688,1.1622348336297306,89.0,4657.363624966065,74469.65049042032,7932.179164223153,14750.116041418096,0.3619899048060179,0.0309053429818938,0.363306800660679,0.4531111717224121,1.247186044682958,127.0,4708.8647623045645,7.3927575209087,0.4688630338711577,1.4618800398021992,74.06020722408294,3.253527836140477,74.13163789809752,84.23577117919922,1.1362998790744512,1.0,4539.338790314462,84377.85303382149,7289.206447420478,12331.088269005526,26.856077194213867,0.4677238755263638,grinding_specimen_040,specimen_040,20000,1.0,20.0,grain,0.231975,pass,grain,0.231975,500.0,batch_5,0.0
40.90855224895477,2.459201035489426,40.98240252643096,48.43676376342773,1.1818917578633708,121.0,4643.021944028211,44482.106320365696,5303.8861690256845,9189.265632070044,25.34709334449768,1.82409914438282,25.41264407146995,31.44296646118164,1.2372961417455086,164.0,4814.207411417984,22418.78755168583,3232.084140615057,6581.479833222664,55.20597904281616,3.129372318157161,55.29460274910659,64.60620880126953,1.1683999086567882,85.0,4808.384597647212,73518.78038729592,7281.991378315711,14802.635859544986,0.3618926459282636,0.0307640432906262,0.3631978985849823,0.457640141248703,1.2600297056554215,121.0,4615.9196825312,7.360506919712768,0.4703683926812011,1.4277608941716662,73.29713693008424,3.2222049135965407,73.36792818836254,83.53839874267578,1.1386228397809175,1.0,4625.468893518453,82963.30328110067,7013.421371526487,11941.169427883113,26.57118034362793,0.4588735744776855,grinding_specimen_041,specimen_041,20000,1.0,20.0,grain,0.2007,pass,grain,0.2007,1000.0,batch_0,0.0
41.29711579151154,2.4891565263511954,41.37206391890775,49.67806243896485,1.2007634556578433,122.0,4719.609598470706,45684.62933435765,5571.538447491245,9313.389300581795,25.60768890819549,1.8102924444343085,25.67159694980612,31.486661911010746,1.226517461012434,164.0,4708.372333783034,22159.91856189398,3169.226853209539,6516.247110141913,55.763063236618045,3.139408401433844,55.85136620210876,66.1129150390625,1.1837295940052814,85.0,4659.237856078121,74386.71579875413,7470.5067809165985,14531.943085701008,0.3621990039348602,0.030705667853504,0.3634982207518142,0.4653092622756958,1.2800867671740137,122.0,4770.3753604395815,7.305144349704728,0.4335645442956648,1.458199816002569,74.02430227050782,3.2336267423024787,74.09489637312439,83.7213363647461,1.129920419122327,1.0,4545.551529824316,83902.43396464644,7013.913899097246,11915.455186591174,26.85769462585449,0.4649487134817123,grinding_specimen_042,specimen_042,20000,1.0,20.0,grain,0.230375,pass,grain,0.230375,500.0,batch_1,0.0
41.2460468503952,2.4895025282522867,41.3211084510468,49.19399642944336,1.1905294478661816,126.0,4784.394888727725,45816.0797286349,5274.1707368511525,9488.60445381104,25.56594265422821,1.821979513876288,25.630782921094514,31.55897331237793,1.2312918184955024,170.0,4819.180761207626,22471.557756439503,3157.8774180430046,6530.265293385436,55.68752404689789,3.1284998770892503,55.77533366959608,65.26878356933594,1.17020875134477,88.0,4689.501697247288,73583.00909233557,7325.233462754108,14724.330049843722,0.3622125666335225,0.0308098126136573,0.3635205468478125,0.4565007984638214,1.2557771559882005,126.0,4830.625998469792,7.371069578511343,0.447360070730293,1.4484471003431914,73.92425054130554,3.2348201382003667,73.99499225907263,84.1983413696289,1.137892427569046,1.0,4614.713813536332,83864.9483655718,6746.404472704074,12143.628398974695,26.822114944458008,0.4597813541691002,grinding_specimen_043,specimen_043,20000,1.0,20.0,grain,0.2262375,pass,grain,0.2262375,500.0,batch_2,0.0
41.48876067886353,2.5068185202797744,41.564424713468966,48.965858459472656,1.1780713626382815,122.0,4742.776314604532,46676.10179529297,5470.134729501446,9308.08020165198,25.72031860265732,1.8100426256609337,25.783929943453337,31.716981887817383,1.2301065802372178,165.0,4703.221958746021,22091.01563183033,3105.0505876173465,6591.361569299666,56.00822840118408,3.12165051370199,56.0951544303864,65.55384826660156,1.1686187324424486,85.0,4658.714470659886,73154.42398917314,7395.660284320451,14678.967454416725,0.3620445241644978,0.0308626555880852,0.363357593821082,0.4497058689594269,1.2376399354429426,122.0,4824.549284416981,7.358766146309562,0.4597295282234034,1.4834921073713432,74.35460147647858,3.2360519064895588,74.42498769007251,85.38191986083984,1.1472211485797648,1.0,4557.600046082389,83882.52303960964,7085.33509608997,11897.483201267798,26.966066360473636,0.4644713881746719,grinding_specimen_044,specimen_044,20000,1.0,20.0,grain,0.2447375,pass,grain,0.2447375,500.0,batch_3,0.0
40.929905421829226,2.4736672578888887,41.004587396322336,48.59639358520508,1.18514528912352,124.0,4660.800222141483,45310.75199457776,5097.9033557826415,9332.349271508028,25.368215697193147,1.8080698941003863,25.432567396967,31.60462188720703,1.242683107603839,168.0,4816.991243872724,21914.1312961898,3228.2580297943227,6557.730133120516,55.22682995586396,3.147905501214585,55.31647183270539,64.72381591796875,1.1700640654327008,87.0,4792.996722646262,74794.07445530118,7291.771370316181,14793.687629502963,0.3622454130515456,0.0306995289822771,0.3635439455645198,0.462622731924057,1.272535927412256,124.0,4638.233456609628,7.280913659668904,0.4600801890359571,1.4640616057273357,73.33230626468658,3.2367549232326174,73.40370375213271,84.91402435302734,1.156808444431664,1.0,4623.361610466151,84053.45876333727,6759.896095986802,12039.912920794151,26.61040306091309,0.4640582205650855,grinding_specimen_045,specimen_045,20000,1.0,20.0,grain,0.2032125,pass,grain,0.20321250000000002,1000.0,batch_4,2.7755575615628914e-17
40.978005244636535,2.4894623051714437,41.05355449164334,48.64184188842773,1.1848387427288185,123.0,4647.882661200859,45768.40011423943,5243.568691311653,9453.84504485152,25.41844103012085,1.8001859375449123,25.482107719171616,31.420108795166016,1.2330262920726494,166.0,4668.265550449506,21835.417381526076,3196.692408805386,6399.780086929138,55.321990316391,3.123910799026876,55.4101202962702,64.83889770507812,1.170163453145266,86.0,4710.247306706819,73637.51312441098,7248.220304897401,14452.904397321006,0.3621157448887825,0.0307134304224764,0.3634159153155983,0.4530055224895477,1.2465208687851437,123.0,4628.678032163713,7.26763965681025,0.4638980837372672,1.485229968349723,73.44828537712097,3.2191547622345955,73.5187974753547,82.9299545288086,1.12801021475642,1.0,4546.30595405118,82863.56395599508,6799.223841363314,12026.930588797712,26.64217758178711,0.4591422403658045,grinding_specimen_046,specimen_046,20000,1.0,20.0,grain,0.206875,pass,grain,0.206875,200.0,batch_5,0.0
41.28936193256378,2.482156818128061,41.36390348199776,48.839237213134766,1.1807211868771137,123.0,4648.169200797289,45664.08325694804,5085.934222194508,9434.92080501074,25.613470579338077,1.8038312888923809,25.67690951881484,31.34272003173828,1.220657805752355,167.0,4705.715371504704,22090.858093393374,3132.1397812241235,6318.974615452899,55.74461531181336,3.111416825655852,55.831380521397016,66.02550506591797,1.182587721265716,86.0,4648.964849304793,72814.27211773704,7324.547736422224,14526.110983215342,0.3621653609037399,0.0308025967245484,0.3634728994072479,0.4565732181072235,1.2561410186338615,123.0,4670.053841375862,7.329442048899665,0.4518934415777328,1.478379418277062,74.00715095825196,3.2188274121604588,74.07711686389237,84.44037628173828,1.1398982554475916,1.0,4525.335626769015,83082.62081132871,6744.476230573551,11989.767864578436,26.848472595214844,0.4603785344109781,grinding_specimen_047,specimen_047,20000,1.0,20.0,grain,0.22985,pass,grain,0.22985,500.0,batch_0,0.0
40.99018731937409,2.4865658156486474,41.06553866726856,48.72819900512695,1.186595880305984,126.0,4623.187495882438,45652.4186074743,5352.17592863619,9413.569247378064,25.41972798614502,1.80320181620332,25.48360468378764,31.281476974487305,1.22751382163718,171.0,4723.9257719206125,21787.77943607744,3324.970124426706,6448.475168301087,55.35634554653168,3.123295460121448,55.44438625143427,65.53810119628906,1.1820511620253291,1.0,4644.082507019528,73164.32554920291,7518.886251973067,14495.94109184956,0.3619911623105407,0.0307608343884562,0.363295789300138,0.4623067378997803,1.2725353596593547,126.0,4649.784203216454,7.317284005663561,0.4335270366776587,1.490697015690213,73.48138903846741,3.21838517958113,73.55183572275233,84.81004333496094,1.1530649439484488,1.0,4516.916684093321,82535.6805041587,7047.604618247238,12084.609330873536,26.645299911499023,0.4614681517038372,grinding_specimen_048,specimen_048,20000,1.0,20.0,grain,0.2085499999999999,pass,grain,0.20854999999999999,200.0,batch_1,8.326672684688674e-17
41.411043177986144,2.488061677433272,41.48571980814295,49.22434616088867,1.18653711177085,124.0,4606.307513108967,45788.73906482312,5477.644832089335,9248.622388784648,25.672073299598694,1.8025928323946043,25.73528100525364,31.559589385986328,1.2263160981045325,168.0,4814.3770635678575,21805.66892775973,3336.5951085402144,6377.07360658044,55.88465444717407,3.140354405909244,55.97281865758384,66.1390609741211,1.1816282002650194,87.0,4732.203103247802,74295.31000866574,7311.787843836079,14762.254005779549,0.3619538568764925,0.0305694314063193,0.363242459858803,0.4520390033721924,1.2444552972907017,124.0,4660.614204447718,7.245147862491852,0.4318384379164046,1.4542077733016987,74.2012741760254,3.2399029164501387,74.27197358528798,84.4866943359375,1.1375312955555132,1.0,4574.121860011144,84204.40702487067,6893.76469287094,12029.90831041649,26.90314102172852,0.4614653544346843,grinding_specimen_049,specimen_049,20000,1.0,20.0,grain,0.2385625,pass,grain,0.2385625,200.0,batch_2,0.0
40.92160570068359,2.4940469488973807,40.99753752733845,48.64111328125,1.1864398745611142,120.0,4814.885638874892,45890.43361854614,5436.603168301492,9377.249388488915,25.3702456287384,1.8271174840143176,25.43595332522276,31.0177059173584,1.2194434201371438,162.0,4845.594029822093,22640.51070158756,3251.564860978135,6435.630138948628,55.24909206161499,3.1380679642813982,55.33813914635419,64.57963562011719,1.1670004921799373,84.0,4801.055096150005,74082.3766209654,7329.525250398729,14841.934570189109,0.3619743917956948,0.0307875453243964,0.3632813417490154,0.4549039304256439,1.252208352445276,120.0,4817.967659535562,7.308857629768136,0.462223831535501,1.4928488272419915,73.3459907831192,3.234360777052823,73.41726945067859,83.77608489990234,1.141095079219512,1.0,4691.460768145511,83818.41919774032,6952.538880671878,12020.3573073376,26.59573173522949,0.4655861852438419,grinding_specimen_050,specimen_050,20000,1.0,20.0,grain,0.2022499999999999,pass,grain,0.20224999999999999,200.0,batch_3,8.326672684688674e-17
40.93264521446228,2.4815771075765976,41.007800101857335,48.47824478149414,1.1821713103624512,125.0,4637.481755116018,45494.15153808999,5238.732985565915,9497.504006736815,25.382805898189545,1.8061155628396703,25.44698191714486,31.03591728210449,1.2196305787129158,169.0,4745.359270058553,21884.886051141733,3260.899091166722,6522.838653570506,55.26488465404511,3.121279149733383,55.35295709675744,65.79318237304688,1.188611879543126,88.0,4672.3700225617,72743.41637792869,7670.929569722308,14767.042263310184,0.3622345007941127,0.0305113203690599,0.3635172268768337,0.4542094767093658,1.2494854249734368,125.0,4653.757453935961,7.251555962460382,0.4403677382647571,1.3957618392217204,73.36739830818176,3.219205066372373,73.43799027595152,84.66043090820312,1.152815192655491,1.0,4518.494912622038,82626.79518954031,7140.905628846618,12065.876190035677,26.62217140197754,0.4680069808533947,grinding_specimen_051,specimen_051,20000,1.0,20.0,grain,0.203275,pass,grain,0.203275,200.0,batch_4,0.0
40.89569823513031,2.480249468776485,40.970840503536245,48.7310791015625,1.1894088210701086,125.0,4741.772822163806,45294.32011159387,5335.456953553663,9398.16976511102,25.359195936584477,1.806009091627433,25.42342399027172,31.52053451538086,1.2398225560586251,169.0,4823.291164859421,21828.02900739268,3259.361057984644,6543.852861234244,55.2142151506424,3.118791070853236,55.30222791574551,65.59611511230469,1.186138743130606,88.0,4643.782008022558,73058.96049523364,7458.877395866782,14547.73961875748,0.3622095011144876,0.0308891007271519,0.3635242209830566,0.4533730149269104,1.2471604057107424,125.0,4767.463912827357,7.385753342163738,0.4496453336134055,1.4925376245682087,73.30071846752166,3.209570800384548,73.37095251240476,82.84848022460938,1.1291727500825652,1.0,4556.509071987399,82264.64046650555,7067.626327150509,11805.722166663583,26.59601783752441,0.4619893187918501,grinding_specimen_052,specimen_052,20000,1.0,20.0,grain,0.201275,pass,grain,0.201275,500.0,batch_5,0.0
41.20487294044494,2.485473392234152,41.27976661782036,49.14078903198242,1.1904328211673678,124.0,4653.825911543198,45710.97254925223,5419.611745451423,9187.55494272075,25.525363627052307,1.801220629395078,25.58883709841077,31.77901268005371,1.2419092183766096,167.0,4829.7368527468525,21816.66013452187,3095.949410805045,6536.093937106459,55.61101082668304,3.11571749053614,55.698224573556125,65.66773223876953,1.178991480276853,87.0,4644.286605242448,72386.03980828066,7677.75347914663,14735.348832181704,0.3620387710124254,0.030885715440517,0.3633538208612371,0.4717183113098144,1.2982340744118972,124.0,4676.263329973391,7.377096196819957,0.4563873046097382,1.4880939525460624,73.82945140933991,3.211236282470284,73.89925529980621,83.96134948730469,1.1361596155019016,1.0,4519.812992635891,82328.97835096072,7013.930410454056,11919.90112306026,26.774534225463867,0.4578591073957191,grinding_specimen_053,specimen_053,20000,1.0,20.0,grain,0.2222375,pass,grain,0.2222375,500.0,batch_0,0.0
41.39631247196198,2.4930214886683104,41.47131348799163,49.90874099731445,1.2034521407614918,123.0,4761.158036468632,46099.5271238151,5530.968225394563,9068.476463638728,25.676953020191192,1.7983784596168753,25.739853952288065,31.375232696533203,1.2189359253821328,166.0,4819.832586789287,21859.76471885049,3076.499953135598,6403.953575821235,55.88415999641418,3.156428404894832,55.97322912589594,67.18632507324219,1.2003296240444796,86.0,4801.071046285128,75149.30464084524,7308.767525901687,14788.04543149634,0.3617567918390035,0.0307837062481484,0.3630641995736022,0.4531548023223877,1.2481395930928791,123.0,4812.893298100378,7.377114611163258,0.4305079997112663,1.4498053009941236,74.1943043926239,3.2584502438678093,74.2658218987516,85.4830322265625,1.1510413544349325,1.0,4671.807627735228,85252.32806173856,6911.83804696033,12097.042308418557,26.887285232543945,0.4684606078751877,grinding_specimen_054,specimen_054,20000,1.0,20.0,grain,0.2388875,pass,grain,0.2388875,200.0,batch_1,0.0
41.28641568775177,2.488692761070788,41.361355296953725,49.138160705566406,1.1880210489424037,124.0,4681.843415451368,45604.14709781422,5467.389171361427,9339.679491578132,25.57989138622284,1.81626225952896,25.644290825178743,31.77886390686035,1.239217887657802,167.0,4851.149927863799,22212.96823269217,3269.995633337271,6493.83884615254,55.72643926391601,3.135521887310366,55.8145817017446,65.66869354248047,1.1765508499802635,87.0,4628.809067841419,74324.49388712404,7374.634833956242,14444.650185732558,0.3622372660726309,0.0306809883399228,0.3635342624530575,0.4540274739265442,1.2489262246228356,124.0,4699.851479935918,7.301403733743003,0.44850252823084,1.4428125450720104,73.9805623725891,3.245809942317745,74.05173118264148,83.60089874267578,1.128952657926149,1.0,4521.741304354546,84551.69404490855,7117.148285377171,11852.22344093667,26.845399856567383,0.4707785163319504,grinding_specimen_055,specimen_055,20000,1.0,20.0,grain,0.228625,pass,grain,0.228625,1000.0,batch_2,0.0
41.096732080841065,2.4880055148940445,41.17197541005987,48.74458312988281,1.183926266456787,122.0,4673.210649943804,45708.6301930524,5321.975519784732,9438.58742361812,25.475933335208893,1.8097712953754528,25.54013413123691,31.77354049682617,1.244063180465661,165.0,4835.931169503173,22010.282414624387,3277.1850896879128,6442.765675366454,55.468638981628416,3.146926045157869,55.55783521707736,65.05094146728516,1.170868901085077,86.0,4628.846533664477,75016.24581347893,7226.468621530729,14587.109604956191,0.3619819791197777,0.0306453394545504,0.3632768779288819,0.4607520401477813,1.26832195534884,122.0,4716.759783828269,7.258111298204285,0.4562557246253389,1.4433483864496028,73.64511680259704,3.24034473782625,73.716369029464,84.8819351196289,1.1514665770597314,1.0,4530.71398976083,84522.66361640708,6638.725361365036,11996.1073816257,26.70488166809082,0.4700250045471704,grinding_specimen_056,specimen_056,20000,1.0,20.0,grain,0.2153625,pass,grain,0.2153625,200.0,batch_3,0.0
40.99886659374237,2.4757075752493765,41.07354610901805,48.331180572509766,1.1766985115974256,124.0,4756.696033926036,45205.57437522708,5244.878954912004,9370.012518656362,25.415311413002016,1.8001771408503346,25.478985300798588,31.488117218017575,1.2358465946063657,167.0,4757.5187005873895,21812.832595918288,3195.522879924443,6383.809704010008,55.33717135181427,3.1486182874258555,55.42667525966145,65.96665954589844,1.1901608609367158,87.0,4664.661487478687,74520.72051869005,7511.147414931519,14793.58690628919,0.3620811811879277,0.0309020946444656,0.3633974700295262,0.4537084102630615,1.2485183516170253,124.0,4770.994656186002,7.387554944643727,0.462983711586043,1.4569781390902392,73.47026157302857,3.232936094233261,73.54135714955656,83.38289642333984,1.133823193577583,1.0,4554.640740682492,83721.37309920395,6844.742967700377,12112.872790058656,26.64901161193848,0.4685558448284795,grinding_specimen_057,specimen_057,20000,1.0,20.0,grain,0.208375,pass,grain,0.208375,1000.0,batch_4,0.0
41.236898530197145,2.485260883819359,41.31172136392307,50.50113677978516,1.22244087422334,122.0,4683.5040850389405,45766.252872896046,5168.9824114147,9340.176374419245,25.56134442844391,1.8062612417677224,25.625083583533005,31.77680969238281,1.2400665772970585,165.0,4806.310927481847,21910.442612009632,3222.4694534067576,6466.944375241042,55.636847473526,3.133345455571975,55.72500920176102,65.64485931396484,1.1780143288319158,86.0,4658.8061800475125,73952.48656345325,7376.628379373966,14557.14460650264,0.3619653888568282,0.0305293994514187,0.3632505842543672,0.4551262557506561,1.2529264245641314,122.0,4677.051566594683,7.186567237119698,0.4493304676685091,1.4703607158923686,73.87922233924866,3.2311581284020976,73.94984703366787,85.08871459960938,1.1506273239601186,1.0,4544.9880599660255,83746.81114648629,6744.363892763773,12021.651425008513,26.78769302368164,0.4660563933050565,grinding_specimen_058,specimen_058,20000,1.0,20.0,grain,0.2245625,pass,grain,0.2245625,200.0,batch_5,0.0
40.9721953748703,2.4943469835207823,41.04805185037096,49.13956451416016,1.19712294004316,123.0,4621.62023704644,45860.04300237288,5355.168737316602,9537.959929782955,25.411968310451503,1.8258846512079023,25.47748002002765,31.904125213623047,1.252248071180645,165.0,4685.06658801812,22495.06707334944,3285.335578614101,6601.369102981145,55.33719335918426,3.12701714478474,55.425474333518565,64.77745819091797,1.1687307861566425,86.0,4707.693842457441,73300.25129390863,7566.469122615704,14567.052092370805,0.3623106489554047,0.0307096745729721,0.3636098052292655,0.4609042704105377,1.2675793220700566,123.0,4628.429717198622,7.300277735663611,0.4495121131903101,1.4608344234610686,73.45489968013763,3.225750722851629,73.52569452065762,83.1734619140625,1.131216270125735,1.0,4517.18446579898,83139.84198959723,6963.201103782816,12117.408130177471,26.659074783325195,0.4601187808311939,grinding_specimen_059,specimen_059,20000,1.0,20.0,grain,0.2072375,pass,grain,0.2072375,1000.0,batch_0,0.0
57.93515414943696,2.841890455186541,58.00481383194245,66.97846221923828,1.1547052355567455,131.0,4570.538671317328,60064.17988201783,10046.127022088527,9251.821506465649,35.947787551116946,2.0076984617678124,36.003809283652515,42.449344635009766,1.1790237055356203,177.0,4669.633827153332,27310.13793956333,5555.2711966609,6421.319951554056,78.24788859252929,3.610057628809276,78.33112143504778,92.79082489013672,1.1845971714713537,1.0,4609.132918538878,100257.2906954702,13361.989280978623,14591.24302974131,0.4828904678419232,0.0318850556083659,0.4839420013841948,0.5822891592979431,1.2032209596035286,131.0,4731.683996762036,8.0337980139295,0.4360042633856796,1.4692741968476897,103.831292376709,3.957274870220266,103.9066759213098,120.9780731201172,1.1642954800299437,1.0,4399.725334904163,129504.96632732228,13425.50952333738,11892.49330527903,50.20478057861328,0.5202147336658468,grinding_specimen_060,specimen_060,20000,1.0,20.0,pore,0.5719875,review,pore,0.5719875,200.0,batch_1,0.0
57.951554099845886,2.8288889940021824,58.02055873160608,68.94534301757812,1.1882916077473222,132.0,4622.530711683015,59529.68848157706,10009.998110186923,9026.747187983749,35.93851181898117,2.0249856711123395,35.99551636983778,43.04708099365234,1.1959011936754262,178.0,4692.455046014489,27899.24011595423,5575.823545197173,6526.463775904159,78.25678767776489,3.605693509472411,78.33981007972272,88.99744415283203,1.1360436547173594,1.0,4548.568417495195,99591.53244856304,13549.657913829842,14613.335056805432,0.4826200016275048,0.0322095868009706,0.4836936256069766,0.5811814069747925,1.2015486171550858,132.0,4806.444660286881,8.243620002443336,0.4405352490610877,1.462582655887746,103.84402052688598,3.9506557407871705,103.91914299093568,116.4062271118164,1.1201615386875343,1.0,4376.25943966983,128909.47269362962,13512.645245842465,11825.762200097945,50.183048248291016,0.517489080620617,grinding_specimen_061,specimen_061,20000,1.0,20.0,pore,0.5725125,review,pore,0.5725125,200.0,batch_2,0.0
58.48113263187408,2.8592272944422628,58.55098679465728,68.88626098632812,1.176517506492545,1.0,4548.437455958083,61074.06430850637,9921.991719006215,9234.555070838687,36.25749697256088,2.055777291284936,36.31573084748019,45.37175369262695,1.2493691475790616,178.0,4671.413676002611,29049.86132516883,5506.195024211079,6629.501754705929,78.95965303192139,3.6608520059518095,79.04447257291868,93.69026947021484,1.1852855287735065,1.0,4569.505631972223,103883.22378765748,13312.264663816684,14500.369027123035,0.4828590403586626,0.0321365510405343,0.4839272783888809,0.5785650610923767,1.1955619923277925,132.0,4662.272732766983,8.182268660946301,0.454075947908432,1.464943622076088,104.7796633354187,4.037469898686829,104.85742230222183,122.29876708984376,1.1663339075545094,1.0,4370.689683655055,135664.02670638994,13516.04694082936,11897.356166307523,50.66133117675781,0.5204140890983942,grinding_specimen_062,specimen_062,20000,1.0,20.0,pore,0.60395,review,pore,0.60395,1000.0,batch_3,0.0
57.41719183826447,2.830009799687638,57.48689306318781,68.49891662597656,1.1915571180840243,1.0,4520.11747060919,59216.60287895388,10105.779242236136,9288.224867151972,35.60729341449738,2.010544595703444,35.66401034484793,42.01073455810547,1.17795879240413,175.0,4735.47762010879,27580.204075344936,5476.101638934606,6357.88248218979,77.50578615341186,3.5525176684498136,77.58715917626485,88.15072631835938,1.1361509720712406,1.0,4536.3059023856185,96458.61915831373,13233.905251313328,14354.800207126242,0.4828235009104013,0.0320589913461683,0.4838866726388628,0.5801580548286438,1.198954399104996,130.0,4635.340937114465,8.112016707890952,0.4621762944590384,1.4722377752006064,102.86516362495422,3.8974213821325887,102.93897114804729,114.03488159179688,1.1077911535349565,1.0,4338.2822586290895,125076.3162445262,13248.97870213226,11767.190554735762,49.73041915893555,0.5178228266314587,grinding_specimen_063,specimen_063,20000,1.0,20.0,pore,0.5399125,review,pore,0.5399125,500.0,batch_4,0.0
58.48130173549652,2.8706520839787726,58.55171471498884,69.20641326904297,1.1819707348609314,132.0,4576.4106034261085,61726.22098061338,9931.76570197872,9336.062092820875,36.253083643245695,2.0213997419780863,36.30939452209356,43.6994743347168,1.2035307916833071,1.0,4594.564736368614,28095.263645509334,5357.364333702618,6415.150095051547,78.93756950035095,3.644718620608122,79.02166698093723,95.5512237548828,1.209177525677016,1.0,4527.495403821296,103033.1832698409,13053.98916690515,14372.269592889848,0.4826586756438017,0.032102735575466,0.4837251107867534,0.5831230878829956,1.2054844267534024,132.0,4738.959984577801,8.190812774358209,0.4536595743271904,1.4419690058964851,104.76139001655578,4.018761004443863,104.83844370368988,124.34345245361328,1.186048247769219,1.0,4358.422675606347,134660.39373634785,12992.020991638074,11888.05501654114,50.6312255859375,0.5211385821256501,grinding_specimen_064,specimen_064,20000,1.0,20.0,pore,0.6020875,review,pore,0.6020875,1000.0,batch_5,0.0
57.902169488716126,2.820063117782131,57.97080288807706,66.66553497314453,1.149984675938579,131.0,4607.049771260302,58928.569492895615,9830.00509576514,9350.950586170376,35.9193965675354,2.00645177223156,35.97539295810631,42.33425521850586,1.1767558805488103,1.0,4620.511717009882,27117.94148417314,5617.06730941042,6496.266809587609,78.17059900398255,3.607602856165123,78.2538008470467,89.88732147216797,1.1486639690238163,1.0,4519.125911642946,100313.22743860557,13208.607995656825,14329.100533732551,0.4827835960060358,0.0320185684886833,0.4838441787399986,0.5749955177307129,1.1883898639187638,131.0,4714.432824677681,8.099430979500868,0.4635923674029987,1.454035234238526,103.74478938293456,3.939404763230102,103.81955612502884,116.11670684814452,1.1184473444319716,1.0,4338.048089587257,128586.96874066802,12918.703102657057,11839.525947803791,50.15133666992188,0.5157579609929067,grinding_specimen_065,specimen_065,20000,1.0,20.0,pore,0.5690875,review,pore,0.5690875,200.0,batch_0,0.0
58.14940980148315,2.864714289983076,58.21993170920126,70.595458984375,1.212565128674273,135.0,4607.917362007551,61189.45947055111,9988.2891507739,9409.129855901674,36.05854675359726,2.021791694989852,36.115182896384304,42.87556457519531,1.1871894626203825,182.0,4678.531466182377,27984.037751612097,5428.800426361674,6474.198134227294,78.52184886512757,3.623565101798716,78.605413129408,91.33289337158205,1.161916078492213,1.0,4489.115517326236,101062.98279930784,13258.619576329207,14798.02000298646,0.4828293715566397,0.0320974947436496,0.4838950828501961,0.5819904208183289,1.2027202619839412,135.0,4734.602720170046,8.21220574134292,0.4567620599509578,1.4166994732151577,104.19556782112122,3.9951858057390304,104.2721336848357,120.39139556884766,1.1545883959057817,1.0,4324.732456887661,132287.81539026377,13415.641087759006,12034.75668694314,50.37552261352539,0.5212354865937987,grinding_specimen_066,specimen_066,20000,1.0,20.0,pore,0.584325,review,pore,0.584325,200.0,batch_1,0.0
57.66620465068817,2.858103947277613,57.73698915763182,69.24715423583984,1.1993551317125892,131.0,4554.738790848392,60589.049810060525,10343.749649850986,9354.578425999109,35.758928779029844,1.9943844335777217,35.81450204445995,41.88205337524414,1.1694160461382923,177.0,4676.381425342983,26925.036683748443,5421.166010217665,6440.673503694662,77.8460212070465,3.615561068694991,77.92993840373157,92.53555297851562,1.1874198141812555,92.0,4588.551453136154,100618.08905957434,13251.383750287869,14452.13705364288,0.4829602412462234,0.031961223376739,0.4840166468463127,0.5897458791732788,1.2184413139834378,131.0,4711.181248235835,8.04120880164505,0.455782874543196,1.4861927459508408,103.31311225776672,3.96416599667736,103.389137613364,120.68211364746094,1.1672610530785743,1.0,4388.043236859256,130190.06836777188,13315.775617402056,11743.756190389562,49.96197509765625,0.5197389787126214,grinding_specimen_067,specimen_067,20000,1.0,20.0,pore,0.5545375,review,pore,0.5545375,200.0,batch_2,0.0
58.52804269542694,2.8669921421714526,58.59822032878637,70.132568359375,1.1968378555845387,1.0,4531.49565290074,61299.61840719271,10155.485034046198,9371.296103054938,36.3006754149437,2.011268105206844,36.35635068281909,43.02545166015625,1.18343702962709,177.0,4630.738364545887,27508.876962046597,5554.133313075848,6406.774260982535,79.03417465400696,3.653805022426513,79.11858855150277,93.75732421875,1.185022710026204,92.0,4604.391728756964,103146.19606835596,13507.656004370758,14565.692023576286,0.482884418925643,0.0320751058629912,0.4839485245945873,0.5806093811988831,1.199733756157786,131.0,4644.784544583746,8.124825705646117,0.4554223639960787,1.4887022867377773,104.87690729484558,4.015101150882485,104.95373609826116,122.24222564697266,1.1647248606045375,1.0,4384.87295294348,134228.38539970625,13294.296370267562,11817.162474655352,50.71086883544922,0.5237128835631264,grinding_specimen_068,specimen_068,20000,1.0,20.0,pore,0.6071124999999999,review,pore,0.6071124999999999,1000.0,batch_3,0.0
58.154970136260985,2.839131464777175,58.22423223215309,66.9652328491211,1.1501265071579765,130.0,4620.1430498639465,59778.890635968426,10177.181650576658,9284.017033014648,36.07588710050583,2.011442993728157,36.13191847944779,42.39985275268555,1.1734736082946446,1.0,4615.8548424941855,27554.37674436367,5483.108768813739,6382.063937078436,78.53131141166688,3.626172192079527,78.61498582842084,90.66641235351562,1.1532968097379972,91.0,4586.706761572087,101167.73956488848,13671.0344713695,14527.045229245812,0.4826283993497491,0.031792661362357,0.483674420633759,0.5824945569038391,1.2043112723236349,130.0,4776.264803513996,7.991035060685454,0.4451015559675115,1.4441888233609057,104.21196001319883,3.969904644343933,104.28754840669016,118.36711883544922,1.1350072050198454,1.0,4392.280626343802,130276.14244434472,13617.939959556556,11942.293287766814,50.36050033569336,0.5137774804408765,grinding_specimen_069,specimen_069,20000,1.0,20.0,pore,0.5849125,review,pore,0.5849125,1000.0,batch_4,0.0
58.326625819015504,2.8058038334934827,58.39407345427696,67.89331817626953,1.162674808590474,1.0,4578.692023726601,57821.36457051569,10018.548169336287,9380.848292907727,36.155782466697694,2.013051923561411,36.2117796279901,42.96543884277344,1.186504482358085,174.0,4642.180942844145,27353.62876178389,5587.040340228996,6542.177888979017,78.73380949707031,3.616518388104252,78.81682538121194,90.8834991455078,1.1530976882909607,90.0,4614.461857948183,100367.17196586424,13427.148807768344,14647.502009181697,0.4828506176784634,0.0318640460535663,0.4839008539188348,0.5747331976890564,1.1877085833484744,129.0,4644.626067634497,8.01176159927552,0.4500980867890916,1.474448141452018,104.48830343437194,3.930292896680296,104.56219563899316,116.71895599365234,1.1162634380463,1.0,4394.588145340903,127123.31271475735,13424.526364480203,11999.7688347583,50.51534271240234,0.5038576399478372,grinding_specimen_070,specimen_070,20000,1.0,20.0,pore,0.5940125,review,pore,0.5940125,1000.0,batch_5,0.0
58.26726241703034,2.85630473255576,58.33722950483932,70.6728744506836,1.2114540757342784,133.0,4600.916935196031,60648.36516270968,10360.135944328922,9190.204945831534,36.12460512943268,2.016968336826196,36.18086866051164,42.95722579956055,1.187291167678479,1.0,4584.824797452182,27706.13076683285,5429.351193061862,6570.851179070549,78.65193586425781,3.6208240634403865,78.73523596264707,90.85271453857422,1.1539015972680366,93.0,4617.116550084494,101376.82424765328,12979.6061010773,14555.862661722877,0.4828014084517956,0.0321442727103122,0.4838702866173045,0.5937497615814209,1.227084567916485,133.0,4810.2304554366165,8.166503594906079,0.4559334897763878,1.4701884300900152,104.38260153465272,3.9746040319223135,104.45824515256156,119.93728637695312,1.1481840059804218,1.0,4397.477712274469,131111.7122857121,13208.644213413716,11886.767320707346,50.462188720703125,0.5175389243497854,grinding_specimen_071,specimen_071,20000,1.0,20.0,pore,0.5908375,review,pore,0.5908375,200.0,batch_0,0.0
57.85001161174774,2.8491827436196355,57.92013195587427,66.24517059326172,1.1437330744296264,129.0,4635.1905925334295,60208.58197732258,10060.82791316222,9469.42039920971,35.848182266521455,2.028477581404595,35.905527333712904,44.71821594238281,1.2454410020708813,174.0,4721.987369891423,27964.271767399237,5595.04368970668,6561.044204524943,78.10313078155518,3.6225796239672174,78.18709689592454,93.57669067382812,1.1968303516677283,1.0,4603.256214625486,101069.010931625,12874.7926992432,14906.451252872,0.4828236516281962,0.0319908348080645,0.48388231222406,0.5755038261413574,1.1893466894794709,129.0,4748.003043424646,8.117535709525317,0.4527853680687243,1.4458699305721896,103.64027634162905,3.9829419327954874,103.71678121986456,120.10082244873048,1.1579690483658,1.0,4445.5280856685295,131042.84344992452,13258.616355443615,12304.323036812768,50.10523223876953,0.5121166525108173,grinding_specimen_072,specimen_072,20000,1.0,20.0,pore,0.5656,review,pore,0.5656,500.0,batch_1,0.0
57.94007885551453,2.852153921664213,58.0102363361511,69.02454376220703,1.1898683425840826,132.0,4573.245343339574,60327.628220330334,10242.084120633132,9390.480870024056,35.926036794281,2.028732992119383,35.98327218718924,44.82101058959961,1.2456068574429644,178.0,4727.941519653719,27952.49791501636,5641.778835527456,6555.154771625051,78.2225108921051,3.638671047817037,78.30709506334483,91.69232177734376,1.1709324896188682,1.0,4547.832436032694,101847.26159636698,13652.980214106638,14572.511401520713,0.4829209550723433,0.0321736237264113,0.4839915194625552,0.5836021304130554,1.20581065358565,132.0,4730.286567202626,8.218178725616639,0.4634185289867825,1.4247170533357203,103.80745343132018,3.999642738576618,103.88447684775603,121.12775421142578,1.1659851200766018,1.0,4366.550304431737,132486.77827453357,13598.714327671214,11985.975664760685,50.19755172729492,0.5187742525992297,grinding_specimen_073,specimen_073,20000,1.0,20.0,pore,0.5714125,review,pore,0.5714125,200.0,batch_2,0.0
57.4490021030426,2.8346919638522965,57.518895340273374,66.27476501464844,1.1522259706584526,129.0,4577.90737613798,58974.01855677921,10388.787096552936,9435.739993436751,35.64030479745865,2.00668803516056,35.696752274208514,43.79987335205078,1.226998832151375,174.0,4674.989323217527,27363.54935345072,5476.103788801536,6414.412685028837,77.59166135292054,3.577310776765676,77.6740823177195,88.1600341796875,1.1349993659284712,1.0,4601.473414077,98242.26007966044,12680.789224900289,14731.031854418788,0.482763223414123,0.0322469388320478,0.4838390175928687,0.5824108123779297,1.203728494811068,129.0,4694.726573046531,8.244126702264687,0.4627173723788237,1.471344808043135,102.95917617607115,3.918233272415632,103.0337057027084,115.04763793945312,1.116601961996878,1.0,4392.971637123071,126676.28266894474,12752.505379563076,12134.283513262388,49.76993560791016,0.5146929420764746,grinding_specimen_074,specimen_074,20000,1.0,20.0,pore,0.54375,review,pore,0.54375,1000.0,batch_3,0.0
57.778898331832885,2.8480182857460656,57.84904753404523,66.814453125,1.1549793120738672,130.0,4617.371073555515,59930.95190841048,10298.81350071824,9420.416138047563,35.826523329925536,2.014299006936653,35.883104302708325,42.68320083618164,1.1895069188024534,176.0,4650.586356918741,27412.715972581853,5559.022623596172,6549.234175616686,78.00414834823609,3.606249139234426,78.08746501448137,89.37610626220703,1.1445640634592529,91.0,4633.870810269202,99905.61120146602,12872.93647928152,15017.6457648737,0.4827358611643314,0.0319690237717179,0.4837932721059537,0.5845893621444702,1.208345373633971,130.0,4741.546240336939,8.060789189693011,0.4747320285599411,1.4589151658596553,103.5186531097412,3.9560238350948977,103.59421637446162,115.92588806152344,1.1190382254785978,1.0,4438.22484473536,129011.66635327204,13364.249415825008,12267.65130424245,50.03718185424805,0.51405986783564,grinding_specimen_075,specimen_075,20000,1.0,20.0,pore,0.562125,review,pore,0.562125,200.0,batch_4,0.0
58.06705381031036,2.844831919074801,58.13669931168492,67.95657348632812,1.168910073858794,1.0,4515.1376683594,60267.289051720894,10269.031239107371,9055.871066339703,35.98987717456818,2.031664520411361,36.04717630777758,42.71762466430664,1.185047735766472,175.0,4771.694424767933,28007.66201455192,5559.873501388227,6639.532341280727,78.38954374732971,3.625126835310776,78.47332103005841,93.14481353759766,1.1869615343782822,1.0,4543.443780046578,101401.47835266656,13271.34762440294,14483.386551063595,0.4829267238140106,0.0320583097802028,0.4839896236487898,0.5920198559761047,1.2232077446472442,130.0,4626.088265388159,8.13164212972944,0.4573899394901321,1.4670019888452797,104.0260324546814,3.990165566145031,104.1025304663997,121.7913818359375,1.1699175926875964,1.0,4358.839186953373,132181.73445424062,13330.541134814312,11856.539367148143,50.30257034301758,0.5129931503374993,grinding_specimen_076,specimen_076,20000,1.0,20.0,pore,0.5786125,review,pore,0.5786125,500.0,batch_5,0.0
58.80742753105164,2.839270168181529,58.87592876471517,69.37726593017578,1.1783638472596656,130.0,4626.573691961579,59747.2896033445,10084.428958528706,9300.104028509832,36.47797683086395,2.017288852904733,36.53371385431682,43.06040954589844,1.178648568760562,1.0,4579.057340494205,27799.848040178425,5440.241704347337,6447.870379386638,79.39298208084107,3.63334163795786,79.4760767473261,91.10102081298828,1.146269727211381,91.0,4653.956116809469,101571.50911356111,13205.297349024511,14904.70310476687,0.4826021870911121,0.0320660524102899,0.4836663133838289,0.578582227230072,1.196242556530745,130.0,4801.501657518712,8.169087741382505,0.4462532869444245,1.449112908647893,105.36455655937196,3.980480930794334,105.43971740949188,119.57516479492188,1.134061886096799,1.0,4425.4080504325375,131008.61521278064,13420.21370089113,12169.050798777283,50.91538619995117,0.5188169642618561,grinding_specimen_077,specimen_077,20000,1.0,20.0,pore,0.6227625,review,pore,0.6227625,1000.0,batch_0,0.0
58.10891033592224,2.8669449672350984,58.17959121438897,68.13644409179688,1.171139959383994,1.0,4521.551002923897,61240.99581817095,10046.21940005951,9447.694809174474,36.03981540517807,2.015069647638825,36.09610505475828,42.76065826416016,1.1846335830220924,175.0,4699.548900575756,27490.48553124411,5387.0128247767325,6715.571882765026,78.46746916694642,3.622918250759685,78.55106144488039,93.41051483154295,1.1891693519264477,1.0,4532.009307076666,100952.9393437376,13384.117494695767,14665.41414133182,0.4827785580262542,0.0319867558094798,0.4838370476070684,0.5783318877220154,1.1953030272946104,130.0,4632.953232259926,8.101534978294335,0.4411051952381758,1.466594349990153,104.12572479629516,3.987019515035255,104.2020291979339,119.92333221435548,1.150873290447719,1.0,4350.163615094151,131712.81753976044,13159.198365129436,12157.767357892271,50.335819244384766,0.5186837279600575,grinding_specimen_078,specimen_078,20000,1.0,20.0,pore,0.5813,review,pore,0.5813,200.0,batch_1,0.0
57.88481201572418,2.8389925788686976,57.954390178472224,66.14082336425781,1.141256480493975,130.0,4628.241307297008,59532.8075019746,10131.095067270082,9489.641665157536,35.88513632860184,2.0049869968071072,35.9411043539247,42.2138786315918,1.1745292580855855,175.0,4639.523285247165,27260.692466298835,5565.394291313693,6418.11855691348,78.1553639541626,3.5799457796757186,78.23731160126245,89.54926300048828,1.1445851239991138,91.0,4606.120407966143,98386.42184768595,13263.175398292084,14277.385557575464,0.4829403050482273,0.0320898077789118,0.4840052623715597,0.5753609538078308,1.1887493763779358,130.0,4761.808783789697,8.124431038945856,0.4589393141515179,1.4724369380657611,103.71186897125244,3.924218226754338,103.7860841066924,114.93377685546876,1.107410283803718,1.0,4419.056053155023,127244.83528990296,13129.466704932309,11829.185968583615,50.152076721191406,0.519612580656702,grinding_specimen_079,specimen_079,20000,1.0,20.0,pore,0.5679125,review,pore,0.5679125,500.0,batch_2,0.0
57.68910638198852,2.861008508963784,57.76000662085101,67.98716735839844,1.1770630118635663,1.0,4542.453424276815,60933.015467510224,10172.569252668403,9346.69715974614,35.755128575992586,2.003855294522177,35.8112364423116,42.2146110534668,1.1788090903108135,172.0,4696.027956999115,27179.177591061587,5558.84667398147,6363.934042747715,77.84486676750183,3.5944752895876864,77.92780976427842,90.349853515625,1.159404502563612,1.0,4583.282565577196,99430.6060362715,13051.459057728847,14538.601292023826,0.4827875692278147,0.0320750092961012,0.4838518814908616,0.5780439376831055,1.1946712615894266,127.0,4642.759512444357,8.162822317648494,0.451492133689331,1.4427240771186731,103.32335936431885,3.96105575736549,103.39925799076671,118.2715072631836,1.1438332301547554,1.0,4377.014177353642,129790.5892951123,13445.890478583646,11878.74007887806,49.94962310791016,0.5225358123620968,grinding_specimen_080,specimen_080,20000,1.0,20.0,pore,0.55535,review,pore,0.55535,200.0,batch_3,0.0
58.272729001808166,2.8564960666147043,58.3426989013772,69.07182312011719,1.1838983183975866,129.0,4596.08999983089,60685.252443379926,10136.918287499298,9415.711649459645,36.13335310316086,2.0120672204772365,36.18933020901911,44.42802810668945,1.227655440155593,174.0,4619.181566475603,27343.15083819764,5516.447495430076,6671.238364517624,78.65638347358704,3.620101962604539,78.7396456644531,91.15882110595705,1.157724553326388,1.0,4505.070313388281,101165.47625102292,13236.944366435358,14430.926771948964,0.4828317827120423,0.0320569976275556,0.4838948041607617,0.5956793427467346,1.2310099997453894,129.0,4723.848035081673,8.13630940186645,0.4462603658807162,1.4658879075601217,104.39166508789064,3.981230871125245,104.46755448019027,118.68590545654295,1.1361030326315225,1.0,4337.156141274917,131463.7903181509,13385.111581094265,11867.337847738649,50.47004318237305,0.520493216051701,grinding_specimen_081,specimen_081,20000,1.0,20.0,pore,0.5905,review,pore,0.5905,1000.0,batch_4,0.0
58.17085291233063,2.822943691475677,58.23930923039221,67.3021469116211,1.155613756429986,130.0,4634.45376335063,58886.25377005802,10079.082957142758,9260.914643993792,36.06489415016174,1.9988444781761323,36.120243206688215,42.44679641723633,1.17515256401642,1.0,4591.572975629327,27140.265512545528,5369.083172064478,6463.691530960544,78.505468516922,3.600920293022348,78.5880093526877,89.79134368896484,1.1425578078457077,91.0,4610.974315099358,100027.38320424978,12848.89247346093,14590.830615788978,0.482690868486464,0.0321611097483709,0.4837611099504213,0.5778634548187256,1.1945223436376446,130.0,4793.145821861674,8.163889151701678,0.4708975856781235,1.48158983071165,104.19722924346924,3.9372246877110575,104.2715892285986,117.26265716552734,1.1245887593450592,1.0,4400.856383858826,128057.5469523666,13203.795227911649,11963.974486266114,50.35999298095703,0.5128761121096216,grinding_specimen_082,specimen_082,20000,1.0,20.0,pore,0.58405,review,pore,0.58405,200.0,batch_5,0.0
58.68287376499176,2.8720526935935093,58.753113619558384,70.51507568359375,1.2001929998160967,1.0,4553.236539005545,61538.83773115744,10211.611193486166,9277.41875879674,36.38582484331131,2.04747564079756,36.44338631394989,44.81431198120117,1.229696702582412,172.0,4687.9174375972025,28662.17408519863,5603.763775115715,6595.74119159127,79.21899932632446,3.630595031870544,79.30215050394055,90.1411361694336,1.136679593133536,1.0,4617.907152849184,101704.6542147302,13078.81703463296,14738.782958992411,0.4827463260382414,0.0322082459203584,0.4838195804312661,0.5817588567733765,1.2024293358586469,127.0,4667.84530265495,8.220725831381865,0.4481875153674582,1.4709153856089212,105.1320446357727,4.01659429064762,105.20874411850836,122.20309448242188,1.1615298282124809,1.0,4389.936393111101,134323.67593632653,12935.673468964696,12252.10350465622,50.81989669799805,0.5240022183280565,grinding_specimen_083,specimen_083,20000,1.0,20.0,pore,0.6153,review,pore,0.6153,1000.0,batch_0,0.0
58.78240290622711,2.834097401660476,58.85068393410664,68.10000610351562,1.1571659248644448,131.0,4556.653792430043,59406.835824826565,10101.201455942064,9351.271977830947,36.44931480674744,2.009172911676596,36.50464800091069,43.36347579956055,1.187889164099836,177.0,4634.628159670302,27371.99498367201,5485.8969990590185,6518.241075405728,79.37352137527466,3.5826980390980623,79.45433670197329,90.463134765625,1.1385550307334993,92.0,4618.367402702318,97989.39582214436,13415.166575825771,14772.238457469768,0.4826074700564146,0.0320801350449811,0.4836725185688735,0.5851494073867798,1.209804950502798,131.0,4678.738939885188,8.160351661249248,0.4410637070651449,1.4597107176750987,105.32623509902956,3.920222990947012,105.39916483746345,117.02073669433594,1.1102624662614184,1.0,4434.074440820126,126571.00574273815,13182.990255325953,12106.838842751244,50.89651107788086,0.519125884364189,grinding_specimen_084,specimen_084,20000,1.0,20.0,pore,0.6209374999999999,review,pore,0.6209374999999999,1000.0,batch_1,0.0
57.72888748703003,2.847635745073574,57.79907853786938,70.36170196533203,1.2173498911272735,1.0,4547.039922055907,60202.21508119078,10280.539926402216,9166.508800796024,35.80794075841904,2.00838632401212,35.86421945316705,42.9229736328125,1.1968188430494926,172.0,4644.367046361554,27450.090566635918,5432.099393550705,6431.984631283857,77.93950107040405,3.585507135873605,78.02193081771891,88.74791717529297,1.1374739928268751,1.0,4554.749094595428,98292.68719292124,13307.875098185188,14673.245390785438,0.4827344878673553,0.0321694120515329,0.4838051848092362,0.5851395130157471,1.209452753687348,128.0,4635.772391576976,8.183768553193453,0.4660670860973493,1.46444947063931,103.43501365013122,3.9490942074396473,103.51037336355265,117.4409637451172,1.134581587611872,1.0,4375.07366751258,128899.46257797258,13104.396979467369,12050.940800782108,49.99819564819336,0.5238378602019039,grinding_specimen_085,specimen_085,20000,1.0,20.0,pore,0.558425,review,pore,0.558425,1000.0,batch_2,0.0
57.55648401088715,2.818533042924634,57.62545427334665,68.75963592529297,1.193216379677135,1.0,4546.519228186924,58826.87911985475,9836.879274734183,9377.124017652292,35.68545225000381,2.015933607029889,35.742348700040054,44.92626190185547,1.256947669524726,176.0,4731.862334106012,27692.05479460893,5512.3123906514575,6451.345695762382,77.7136554386139,3.5810719302941747,77.7961201976136,89.32186126708984,1.1481531603401194,1.0,4578.974268139848,97676.21169690385,13370.145573032169,14856.609347233058,0.482856706148386,0.0319165166623915,0.4839103870638958,0.589801013469696,1.2188228011559883,130.0,4620.029975567146,8.04852222800973,0.4624240425388923,1.4622964621005634,103.12671529388427,3.914763513807063,103.20099214966346,118.95011138916016,1.152606277434398,1.0,4397.924260002252,126030.82711959114,13247.26761571629,12097.614622976296,49.85945129394531,0.5124045967999141,grinding_specimen_086,specimen_086,20000,1.0,20.0,pore,0.54805,review,pore,0.54805,1000.0,batch_3,0.0
57.35259426383972,2.8167526118259354,57.421722057674735,66.06912231445312,1.1505945824490058,130.0,4544.899684775857,58624.59524947083,9975.618393761892,9327.47812861202,35.555447898101804,2.010768632588442,35.61226004802888,42.36674880981445,1.189667512049953,175.0,4696.299469651513,27099.26166722924,5739.695901808257,6588.520306799651,77.44321814460754,3.5634454572633327,77.52515836888153,87.988525390625,1.1349673737131434,1.0,4599.234756782383,97105.08415007826,13106.1520807696,14447.926119326536,0.4827240588545799,0.0320171447910105,0.4837846778863593,0.5813144445419312,1.2015974691089355,130.0,4656.182277518856,8.11879513857872,0.4572904576507435,1.4498749196599268,102.7639954788208,3.8985442428062216,102.83791817216166,114.91323852539062,1.1174208946257895,1.0,4393.984149527864,125076.5671414817,13138.10068878534,11882.850750845031,49.67042922973633,0.5109423481099912,grinding_specimen_087,specimen_087,20000,1.0,20.0,pore,0.5368375,review,pore,0.5368375,200.0,batch_4,0.0
57.96709653759002,2.860809641198991,58.03764737479853,68.24640655517578,1.1758989146208942,1.0,4536.537914674691,60724.3292019961,10220.879234077322,9404.904816753788,35.92915432958603,2.020568268244897,35.98592540099322,42.4648551940918,1.1800406609223884,1.0,4590.58788276734,27788.23358511371,5519.868254878254,6530.62525262579,78.26447936019898,3.593440154410624,78.34693064610981,90.39962768554688,1.1538375139911818,1.0,4496.014806993396,99303.2581631219,12978.150162436968,14655.77965282061,0.4826571746379137,0.03201848353798,0.4837180289357897,0.5786030888557434,1.1961577907871386,131.0,4639.264277430944,8.105554468537884,0.4524101545506112,1.4739222468583872,103.85543366470336,3.9554747805151047,103.93073117429174,119.38543701171876,1.1487019831652054,1.0,4302.147330390299,129062.18299005376,13479.823375356642,12076.443419417346,50.192657470703125,0.521821892611518,grinding_specimen_088,specimen_088,20000,1.0,20.0,pore,0.572875,review,pore,0.572875,1000.0,batch_5,0.0
58.258359391593935,2.853075865787979,58.328179132354734,68.44562530517578,1.173457260681208,1.0,4531.14338492213,60207.85269295555,10410.799861743692,9351.491414764148,36.12862390041352,2.0128630108870813,36.18465258142087,42.27748107910156,1.1683815668527124,176.0,4682.813349677841,27601.80739144417,5486.750011520951,6473.258917134543,78.64111034431457,3.616640481771584,78.72422959013984,89.85328674316406,1.1413676222805251,1.0,4522.942989897947,101043.48085174168,12645.521191135083,14856.244310175192,0.4829405033141374,0.0320300366701676,0.4840015010208178,0.5750916004180908,1.1882021010371928,131.0,4622.745537420664,8.128810490427883,0.446198883062893,1.4562264083999426,104.3704377105713,3.97763894684398,104.44620567300514,117.77098846435548,1.127575556292269,1.0,4338.375704867549,131129.39509816378,13017.531092262489,12204.884234566947,50.4709358215332,0.5198524911386063,grinding_specimen_089,specimen_089,20000,1.0,20.0,pore,0.589825,review,pore,0.589825,200.0,batch_0,0.0
58.94440797309876,2.876250736938515,59.01454100135701,68.8101577758789,1.1659864943166576,132.0,4540.347713146836,61967.471428450895,9989.383746020229,9283.891386416826,36.551702716636655,2.0304193500584247,36.608053406627285,43.62551498413086,1.191691743331897,178.0,4673.081088545219,28065.220828701444,5623.748390620254,6528.885234901325,79.5607031528473,3.633682262791039,79.64363837094841,93.95134735107422,1.1796466016970018,1.0,4563.274412478822,102055.1721581921,13024.323615246118,14776.929925657052,0.4828406124576926,0.0320044740805563,0.4839001378380592,0.575365424156189,1.1890168635346396,132.0,4683.306028094861,8.111351964448422,0.4456310948154434,1.4685719392326178,105.59296346321106,4.012583883000598,105.66917602764366,121.1035385131836,1.1460630532550211,1.0,4354.155835339539,133776.70242833544,13171.090639291542,12318.25893357746,51.05120849609375,0.5189008413026288,grinding_specimen_090,specimen_090,20000,1.0,20.0,pore,0.6300375,review,pore,0.6300375,200.0,batch_1,0.0
57.94692990550995,2.88009856139282,58.018459590008256,70.58551788330078,1.2166044804032816,128.0,4585.665853935202,62047.07536503488,10128.79654813262,9404.021560259076,35.940354127693176,2.016807624396733,35.99689664148587,44.30695724487305,1.2308549174711343,173.0,4700.901898717108,27743.75645731387,5503.140775156516,6437.136382960708,78.2406905166626,3.635339435647776,78.32510035318532,92.8865966796875,1.1859109820586395,1.0,4520.139796086662,102409.54969254746,13124.785142289516,14500.691401178805,0.4828085371047258,0.0323646147173169,0.4838920869233199,0.5813632607460022,1.2014316341530258,128.0,4689.191189004424,8.35374368467381,0.4511617787751671,1.4544200316380338,103.8297264831543,4.015901284889215,103.90736049335776,122.48300170898438,1.178771177782098,1.0,4340.933522715702,134542.7589451505,13132.173694314764,11851.28913958003,50.19859313964844,0.5286756542663158,grinding_specimen_091,specimen_091,20000,1.0,20.0,pore,0.5720375,review,pore,0.5720375,200.0,batch_2,0.0
57.9992707107544,2.8521823570573006,58.069358074437865,70.1385498046875,1.2078409703578674,132.0,4643.912351792827,60860.408232438494,9709.631538464371,9341.736448662725,35.953370609569546,2.029509896434244,36.01060633492283,44.3245735168457,1.2308755121920858,178.0,4685.345979328991,28008.668644175697,5720.308491473335,6449.393257761993,78.28424025650024,3.6307009436958175,78.36838815415312,91.31865692138672,1.1652486298653992,1.0,4524.326800717301,101924.88520147074,13017.782127728484,14557.174186844086,0.4827881366491318,0.0320358895806188,0.4838498559577778,0.5871030688285828,1.213399284094889,132.0,4778.335157231316,8.143079743045304,0.4515199165580277,1.4362466615803706,103.89629060935974,3.997396655394031,103.97316183710626,120.97352600097656,1.1635072345929482,1.0,4361.645236404217,132928.2764009978,13016.044598231694,12027.40246095718,50.226444244384766,0.5196671405026411,grinding_specimen_092,specimen_092,20000,1.0,20.0,pore,0.5742375,review,pore,0.5742375,500.0,batch_3,0.0
57.65241143341064,2.8227030241959747,57.72147084447921,65.90258026123047,1.1417342506533468,1.0,4545.071127541014,58941.79818894088,10083.017333944434,9157.346360554273,35.74631552257538,2.021258011869231,35.80341544308391,43.710182189941406,1.2208383376001308,176.0,4697.577374876908,27779.508405339224,5603.218235236172,6514.172762437092,77.81228128700256,3.6059690605235417,77.89579020687229,92.63410186767578,1.18920549649297,1.0,4540.360673758385,99987.38236074027,13117.177180096602,14617.90096357215,0.4828732749938965,0.0319536084532024,0.4839293675698053,0.5723143219947815,1.182640195755896,130.0,4616.346585850378,8.079071585051654,0.4456747765563231,1.4682497855338947,103.2754844406128,3.947303275637024,103.35089205997744,120.62223052978516,1.1671135887224338,1.0,4360.3885150331125,128837.64055724244,13249.141294568002,11809.300045749886,49.93385696411133,0.5144352462344394,grinding_specimen_093,specimen_093,20000,1.0,20.0,pore,0.554175,review,pore,0.554175,200.0,batch_4,0.0
58.28683118209839,2.8590454443644124,58.35690901772795,70.68218231201172,1.2112050398443746,1.0,4539.006634933981,61070.97273315452,10103.32112978788,9156.435505410182,36.13860475616456,2.025443626014887,36.19531980248888,44.4760856628418,1.2287800164645462,1.0,4610.713274416087,28136.935332543344,5408.735140809333,6468.458214992952,78.70242598724366,3.615145762427345,78.78541194384377,91.2533950805664,1.158252433148531,1.0,4548.229657345619,100643.10713024992,13243.28525108498,14553.025950008803,0.4829631235361099,0.0318177443579762,0.4840100696801517,0.5814245939254761,1.2012654908392686,131.0,4663.186342042272,7.979506105557435,0.4548859846463083,1.4581102750688613,104.43586415061952,3.990165948565452,104.51206219945976,120.9264678955078,1.157057523797793,1.0,4327.34973403657,132320.18370488912,13181.627143852327,11908.553445051186,50.50428771972656,0.5168411854918271,grinding_specimen_094,specimen_094,20000,1.0,20.0,pore,0.5912125,review,pore,0.5912125,200.0,batch_5,0.0
57.86224743270874,2.8437443069795894,57.93208575260766,67.75167846679688,1.1695017982974525,129.0,4645.209975351915,59971.5259017164,9964.552856090106,9491.472954455066,35.8858182346344,2.0119252252564026,35.94217290984564,44.34272003173828,1.2337239638505964,174.0,4717.492119507382,27590.404407677077,5413.09924064089,6454.550012042468,78.13460024909973,3.628134025169189,78.21879002254641,91.2869644165039,1.1670720601813274,1.0,4531.714200696082,100749.57573194471,13696.18194401751,14882.299645338013,0.4825224813103675,0.0320845076684511,0.4835880070909957,0.5899621844291687,1.2199686009131254,129.0,4753.276864662353,8.139871440578386,0.4790417622501956,1.4654160747311096,103.6840008907318,3.971577697868655,103.76003792462434,120.23552703857422,1.1587845324990953,1.0,4379.396667776449,130175.10889609622,13511.788229178212,12183.764808966062,50.094913482666016,0.5105316628306167,grinding_specimen_095,specimen_095,20000,1.0,20.0,pore,0.567475,review,pore,0.567475,500.0,batch_0,0.0
58.56489619636535,2.8376394070334654,58.63360183286882,66.9126205444336,1.1411992177312178,1.0,4501.530262738853,59978.343103328894,9691.574943094103,9416.326021027706,36.32375062627792,2.0289140512292723,36.38037041850043,44.79463577270508,1.2312858626069887,173.0,4625.180918470451,28170.978349185567,5515.577435177811,6418.262272266138,79.04818571968079,3.641854458188456,79.13203377563205,92.72797393798828,1.17181335438573,90.0,4646.48243044984,102908.83344912362,12917.508054355338,14517.34853053472,0.4828935916051268,0.0320803160665032,0.4839580224484617,0.5768304467201233,1.1919018178514684,128.0,4618.887909379067,8.15521543854847,0.4541114607349127,1.4641238185362513,104.9158761592865,3.996037538603216,104.99194914983084,119.89017486572266,1.1418987440135149,1.0,4398.347589882498,132925.01785575546,12843.380540970851,12043.617160861168,50.72813034057617,0.506478158341443,grinding_specimen_096,specimen_096,20000,1.0,20.0,pore,0.607625,review,pore,0.607625,1000.0,batch_1,0.0
57.64867246589661,2.8492943917477445,57.71904292008895,69.453857421875,1.203309235706363,1.0,4566.212486351822,60416.041025596525,9968.14544908744,9398.612074329854,35.744301786136624,2.0087324398498354,35.8006999399916,42.165775299072266,1.1777919250112336,174.0,4633.6414737320965,27350.033695095448,5500.101771971429,6494.58604713599,77.84060533103943,3.5853022218470114,77.92313026518265,88.14768981933594,1.1312134088987156,1.0,4610.42783333001,98641.24280586308,13185.18591139183,14518.843388763507,0.4827173580959439,0.0320658983586617,0.4837812208474774,0.5782818794250488,1.1953375916742432,129.0,4631.735450660077,8.115097094321545,0.4524673143141071,1.497744532932274,103.29427951049804,3.934982286207205,103.36920365943458,115.42485809326172,1.116627138519383,1.0,4405.626568717504,127943.41590031431,13170.359848394692,11935.610649706528,49.92769241333008,0.521128531437143,grinding_specimen_097,specimen_097,20000,1.0,20.0,pore,0.5539875000000001,review,pore,0.5539875000000001,500.0,batch_2,0.0
58.10352644844056,2.8418972345283544,58.17298484379369,67.09327697753906,1.1533408017088718,1.0,4553.818502871265,59767.54763785006,10128.84173286439,9418.708523275682,36.02808947238922,2.0126743108796687,36.08426372966695,42.80447006225586,1.1862364820004303,174.0,4660.542641464748,27296.868123042448,5669.185455611863,6504.64816189806,78.44028084487915,3.577321258399748,78.52181153290667,89.82962799072266,1.1440086039415576,90.0,4613.884463359532,98071.23155575331,12927.16003441638,14807.682669230426,0.4828440487906337,0.0318901967201844,0.4838960219916918,0.5934917330741882,1.2264860757304967,129.0,4660.315715186748,8.063798733425413,0.4419123877761626,1.450603848086136,104.09807778663637,3.928784447688885,104.17218988822782,115.6254425048828,1.10994539549321,1.0,4389.469934910878,127537.04191807464,12977.564889463103,12033.314104846528,50.32830047607422,0.5200714917102981,grinding_specimen_098,specimen_098,20000,1.0,20.0,pore,0.581125,review,pore,0.581125,500.0,batch_3,0.0
58.34453352394104,2.850420741775233,58.41412064331211,67.95115661621094,1.163265934124624,129.0,4663.223562124684,60525.464810195255,10071.023181275064,9158.08492009346,36.18831359272003,2.020903606668441,36.24469743386597,42.84236526489258,1.1820312569325504,174.0,4640.463614961208,27707.686981802864,5588.3551572067545,6598.046131523243,78.76815543861389,3.603491837225132,78.85053877192335,91.05266571044922,1.1547500768995471,1.0,4510.91180400769,99621.25144961444,13149.215320998626,14808.765816924546,0.4827786618709564,0.0320653658941049,0.4838423545410572,0.5884361267089844,1.2161732456579546,129.0,4813.030911322164,8.133470320601019,0.4490790892796029,1.473069464320953,104.5352934638977,3.9582153636434665,104.610205278683,119.51856994628906,1.1425134825793524,1.0,4363.552189333647,129259.87054834992,13376.327656262509,12178.744055289251,50.53322219848633,0.5185296031706038,grinding_specimen_099,specimen_099,20000,1.0,20.0,pore,0.5960875,review,pore,0.5960875,200.0,batch_4,0.0
59.24041326503754,2.879434866027168,59.31035077421249,69.61627197265625,1.1737626074355416,131.0,4557.972743988966,62036.43711132134,10226.69692544809,9174.003122060947,36.74132852563858,2.0223174537188577,36.79694266800598,43.134613037109375,1.1722336126205897,177.0,4679.372008990468,27705.48162142518,5680.263136514963,6478.724796777719,79.9678511341095,3.6743135272044505,80.05221917538137,95.467529296875,1.1925656812551466,1.0,4583.863022466595,104726.88086729604,13445.09102198804,14554.90849243405,0.4828331204488873,0.0320789914790547,0.4838975964981878,0.5728188157081604,1.183760406857705,131.0,4687.403643909834,8.153619525495657,0.4529276966502466,1.468588998344955,106.13065281944274,4.046606529578619,106.2077703950437,123.91564178466795,1.1667285860889387,1.0,4386.177659262291,136348.371658114,13634.037345373004,11893.7264685945,51.31074523925781,0.5188212326468735,grinding_specimen_100,specimen_100,20000,1.0,20.0,pore,0.6481375,review,pore,0.6481375,500.0,batch_5,0.0
58.22370469436645,2.859219365564408,58.29386694770908,70.12496185302734,1.20295608311473,129.0,4612.905526493375,61269.94451300031,9820.100255775837,9282.889084691333,36.0936832777977,2.0313364901574347,36.1507994447456,44.42663192749024,1.2289252965316513,174.0,4758.765738016015,28092.38853977513,5584.15506961857,6503.934012411062,78.59156539039611,3.609497827542405,78.67440895920313,89.79862213134766,1.1413955734692969,1.0,4573.697165136793,99911.7086637541,13342.966247920742,14790.117568881322,0.4827370161578059,0.0322533414893447,0.4838132954003745,0.5768086910247803,1.1922133941099085,129.0,4789.623238274561,8.229935117727347,0.4369293040828643,1.500647593548541,104.3020189163208,3.975763598663016,104.37776509493293,119.55593872070312,1.145415775208115,1.0,4406.800220794548,130787.634675021,13374.7203709597,12072.73391682238,50.41693115234375,0.51845720919582,grinding_specimen_101,specimen_101,20000,1.0,20.0,pore,0.5877,review,pore,0.5877,200.0,batch_0,0.0
57.93425976409912,2.847404872883272,58.00419096000076,66.66780090332031,1.1493617926555326,1.0,4532.625968000635,60437.504973565854,10026.868205442732,9164.535959226268,35.93296321296692,2.001372695939726,35.988655683874704,43.85406112670898,1.2185523547176702,175.0,4679.476494730083,27232.42470038285,5579.758947180951,6182.930185969144,78.23555393943786,3.5965063762728096,78.31817642364551,94.41365051269533,1.2055139026984587,1.0,4555.137589774672,99348.84421686396,13101.06578528392,14633.5521395234,0.4827558487147093,0.0318248877868914,0.4838037132462994,0.5862568020820618,1.2117658174806205,129.0,4634.031720673848,7.979724134569333,0.443183586463888,1.4894514342131595,103.81628462104796,3.947823867027819,103.89131949207074,120.39349365234376,1.1588407408910857,1.0,4355.825124655524,128702.98227931563,13340.982959720352,11938.87672758584,50.18267822265625,0.5154226022850109,grinding_specimen_102,specimen_102,20000,1.0,20.0,pore,0.5717125,review,pore,0.5717125,200.0,batch_1,0.0
57.70256157855987,2.8268467761106786,57.7717636516586,67.18273162841797,1.162899094330993,128.0,4623.751363470712,59136.93499238169,10039.65949050582,9338.211875755524,35.77905620746613,2.017714881801741,35.83590429222158,42.62471389770508,1.1894415597866483,173.0,4643.660818366007,27541.18807379693,5500.334817611076,6631.568365461603,77.90775241775513,3.580733946731405,77.98999642507688,90.6091766357422,1.161805113336404,1.0,4508.318650790618,98217.91657504064,13162.185927933837,14608.874871041333,0.4828480051845312,0.0320428777416524,0.4839100558209631,0.5807667970657349,1.2001544296913864,128.0,4768.879678131139,8.144522572892436,0.438321164269652,1.4568336450845147,103.38644446144104,3.933364405914014,103.46124034597857,118.5884780883789,1.1462116411113403,1.0,4339.6720899076745,127608.08247254947,13322.745621680187,11935.673462423949,49.984901428222656,0.5154254365932176,grinding_specimen_103,specimen_103,20000,1.0,20.0,pore,0.5575625,review,pore,0.5575625,200.0,batch_2,0.0
57.88262161026001,2.851069129186147,57.95279527042624,68.1605224609375,1.176138651170815,1.0,4534.800419033696,60219.82639922322,10247.17046486543,9312.777135544631,35.8913073176384,2.0163516606674787,35.947901398950115,44.53447723388672,1.2388616720526384,175.0,4655.628222981615,27558.461647840883,5552.720674395742,6547.085546801882,78.15408990783692,3.624693820157811,78.23809925229617,92.5556411743164,1.1829996134728444,1.0,4461.054524283022,101139.85002954167,13400.112679949185,14726.66860737218,0.4826945280253887,0.032052844527164,0.4837575758868643,0.5824800133705139,1.2040741941925426,129.0,4620.300986109371,8.121032863854587,0.453153985920565,1.4781386786723305,103.71187830696104,3.978010492180523,103.78814127555133,120.9584732055664,1.1654363563986456,1.0,4265.516387204749,130864.05671421328,13546.257323395645,12119.479341001244,50.12685775756836,0.5152876444271184,grinding_specimen_104,specimen_104,20000,1.0,20.0,pore,0.567325,review,pore,0.567325,500.0,batch_3,0.0
58.05752063999176,2.85510096521227,58.12768105115346,67.25166320800781,1.156964495948584,128.0,4645.7930240923215,60215.869537926446,10356.510119506038,9407.79103534199,35.993820863819124,2.0169097456552474,36.05028523186495,42.61457061767578,1.1820869195234174,173.0,4672.210146598884,27593.21839575739,5667.100507462195,6435.853339692378,78.39716462593078,3.622494010213268,78.48081220425362,92.52323150634766,1.1789280577977117,1.0,4518.5526044398575,100624.26619741588,13429.704695427474,14995.866604017025,0.482790698377788,0.0319974260159624,0.4838498669130325,0.5784839391708374,1.1955856118377612,128.0,4804.695079404393,8.11388786067352,0.4448757492615709,1.4554625415189806,104.0286556816101,3.965734867582902,104.10421824288846,118.58971405029295,1.1391441773628035,1.0,4363.947573908862,129857.11116732632,13342.83539016552,12272.231694347707,50.28927993774414,0.5139394779225016,grinding_specimen_105,specimen_105,20000,1.0,20.0,pore,0.578425,review,pore,0.578425,200.0,batch_4,0.0
57.68191983547211,2.8088137170475878,57.75026675611902,68.85289001464844,1.1922523285548812,1.0,4570.186421723343,58288.74309151325,10014.551322335654,9222.723614272289,35.76483758964539,1.9963352514251624,35.82051035719333,41.90776824951172,1.1699377767546513,176.0,4727.245878643783,26725.57967566202,5547.02954476089,6621.052661078386,77.86807150726318,3.6157750661884656,77.95197489217013,88.42414093017578,1.1343412537333617,91.0,4559.319809606174,100357.6575969978,13415.076915597016,14776.670416741228,0.4827433623492718,0.0319546976768391,0.4837998104545913,0.5751197934150696,1.188755722898427,130.0,4693.883122796818,8.083017786028154,0.4341398392562437,1.4620050895116647,103.34031803588869,3.93590253681005,103.41524384991745,117.99916076660156,1.1410228934706106,1.0,4401.867396390748,127782.6353420484,13208.89788046206,12112.193580046089,49.95135498046875,0.5128747247843572,grinding_specimen_106,specimen_106,20000,1.0,20.0,pore,0.5558125,review,pore,0.5558125,500.0,batch_5,0.0
58.29666367912292,2.8622796991649566,58.36688822605692,70.27263641357422,1.203981204915464,133.0,4596.647999809385,60974.64189139905,10235.004664410866,9350.076032598969,36.1481076043129,2.0164705582503863,36.204306883094375,43.04581451416016,1.1889694409330185,180.0,4663.639487449673,27335.07251142215,5805.707434613813,6589.654763529012,78.69489061050415,3.623340461206875,78.7782609880228,90.91521453857422,1.1540647559152986,1.0,4544.406820447799,101373.26851907652,13131.525816632731,14511.059222324642,0.4827667684838175,0.0318474043994416,0.4838160910090625,0.5879344344139099,1.2152023162100598,133.0,4724.41880416743,8.023434551386595,0.4462459739739574,1.4480593160780215,104.43937722320555,3.984515796211168,104.51535715339294,117.98484802246094,1.1288757100958795,1.0,4372.554879878612,131737.763087732,13390.14948283903,11808.279656909855,50.48558807373047,0.517977548689532,grinding_specimen_107,specimen_107,20000,1.0,20.0,pore,0.59245,review,pore,0.59245,200.0,batch_0,0.0
57.481548765182495,2.8318528954833093,57.5512627078304,66.37593078613281,1.15333578557785,130.0,4651.79774152022,59247.57606253846,10099.566772766862,9302.406311496516,35.64754140501022,2.0067501840972586,35.703980933829946,43.87125015258789,1.2287495401113482,175.0,4658.390735093639,27230.669645193837,5498.366793839359,6530.5389924940255,77.60093789863586,3.6348839407579177,77.68602154835013,92.36911010742188,1.1890055413628475,91.0,4644.202578676637,101996.11668081555,13323.534035741968,14470.75913858987,0.4827675516590476,0.0321313176483673,0.4838356441072644,0.5785213708877563,1.1956981217355298,130.0,4761.585260667672,8.177600931448854,0.4578885822686734,1.464813737884158,102.9869573764801,3.965683595206579,103.06328170615478,120.24626922607422,1.166722689550194,1.0,4441.411369205576,130046.35378154754,13607.319857485176,11729.62014323663,49.78425598144531,0.5140101729020924,grinding_specimen_108,specimen_108,20000,1.0,20.0,pore,0.5443375,review,pore,0.5443375,200.0,batch_1,0.0
58.6061719839096,2.8478804842614296,58.675325460198586,68.22695922851562,1.1627879128646033,128.0,4648.817674149204,60595.38722525939,9810.467084467024,9308.596312715816,36.35998459796905,2.003293439532352,36.41512961077333,44.24483108520508,1.2150123192782858,173.0,4678.803010479606,27100.84128365421,5477.804141091292,6557.329899218933,79.12405758934021,3.576899035331085,79.20486535630359,90.1453628540039,1.1381291092218189,1.0,4502.343984545983,97714.2341085355,13302.278185677063,14685.06313295975,0.4827610506892204,0.0319255127441371,0.4838155334696646,0.5798392295837402,1.1984717097143314,128.0,4818.822376695478,8.051568320051839,0.4467714864193982,1.4644582027403197,105.00863398208618,3.931026588439143,105.08218774284612,117.32917785644533,1.11654677521151,1.0,4354.0358353015445,127799.78486634832,13016.50885060366,11899.29927803771,50.75910186767578,0.5181039034067516,grinding_specimen_109,specimen_109,20000,1.0,20.0,pore,0.6103375,review,pore,0.6103375,500.0,batch_2,0.0
58.61132144756317,2.858071511667555,58.680964329119405,69.77507781982422,1.189058131841224,1.0,4520.764804592502,60503.536831270576,10121.287901733784,9584.06033059487,36.34959592676163,2.0094032798215453,36.40509340160801,43.16837310791016,1.185778391822596,175.0,4704.570769256934,27294.985201597858,5582.52400596947,6473.3828695812645,79.13067833862304,3.6342935705948354,79.21409182770383,90.14086151123048,1.137939720464045,1.0,4530.394107777582,102071.56561235012,13095.107218687304,14736.234339978617,0.4827604843959212,0.0320639859758964,0.483824125577515,0.5773512721061707,1.1933081497683014,130.0,4619.70599366224,8.174034212865726,0.4365382296142652,1.440611491379487,105.01352503929138,3.977221639110312,105.08881354903806,118.34278106689452,1.126121582975829,1.0,4334.8798077570655,131111.7922372257,13219.711533040416,12007.201337397137,50.7625732421875,0.5190611284537882,grinding_specimen_110,specimen_110,20000,1.0,20.0,pore,0.6113500000000001,review,pore,0.6113500000000001,1000.0,batch_3,0.0
57.9515257478714,2.818709044330612,58.020034963646765,66.38562774658203,1.144184552597682,1.0,4537.1977813263375,58619.465543796025,9969.813916535224,9448.195859945812,35.926621620368955,2.005036630962937,35.98252788430332,42.81085586547852,1.1897678785417944,179.0,4706.868323033373,27336.729028683127,5480.85818020714,6293.796893989496,78.24002272605895,3.597925353766182,78.32270566716586,92.52713012695312,1.1813576834302597,1.0,4562.72542730518,99527.3436979124,12985.688396878732,14686.48641556334,0.4829706429541111,0.0321251826168096,0.4840378800400551,0.5899660587310791,1.2188427457005186,132.0,4618.925824368476,8.139652521235703,0.4599583509345808,1.4860022927928247,103.82695327758788,3.934052051589797,103.90145808626092,118.4790267944336,1.1403018684884103,1.0,4363.806955596378,127743.1924015207,13152.424050103144,12051.887333064156,50.21030807495117,0.5138153059758006,grinding_specimen_111,specimen_111,20000,1.0,20.0,pore,0.5717625,review,pore,0.5717625,1000.0,batch_4,0.0
57.830348959732056,2.8294465105869806,57.899525286142506,67.06124114990234,1.1582347319512925,1.0,4521.710954389831,59202.85289120058,10270.627373467316,9204.077734037355,35.84621506729126,2.015371285484432,35.90282518227297,44.51229476928711,1.2397992231337012,1.0,4629.519400769017,27647.89488260175,5449.06164955174,6516.629300518808,78.07303176651001,3.5836570436874515,78.15523582602289,89.26297760009766,1.1421240900456255,92.0,4628.6472327002175,98420.61263751636,13260.603409998275,14528.988801404628,0.4828002492085099,0.0322340652685368,0.4838751033061482,0.5803868770599365,1.199455961041098,132.0,4646.052342609403,8.26385627140257,0.4433914016477023,1.4418924352751437,103.60553339691162,3.9372855867742698,103.6803200624419,115.89566040039062,1.1178173478881237,1.0,4394.980718147207,128089.79132458498,13215.01927778441,11929.743387520328,50.08700180053711,0.5218154489845641,grinding_specimen_112,specimen_112,20000,1.0,20.0,pore,0.564575,review,pore,0.564575,200.0,batch_5,0.0
58.65171322441101,2.877794405179796,58.722271454679216,69.03800964355469,1.1756699448664374,1.0,4506.777354669938,61814.625089507805,10070.39151527776,9452.13645940047,36.35808731374741,2.0385823876086278,36.41519368704701,45.063232421875,1.2374843536230902,178.0,4604.47381975183,28393.841850067656,5615.541997669732,6576.523289719291,79.16453461723327,3.6724975691513566,79.24967368739475,95.56800842285156,1.2059104344053897,1.0,4603.135466978505,104037.5186229886,13414.78825052563,15112.66650266574,0.4827275543913245,0.0322308693002962,0.483802357067927,0.5800917744636536,1.1990263503040506,132.0,4647.287617408711,8.229800000533698,0.4493447904577711,1.4757051071040037,105.06472603759764,4.035543907483774,105.14220024321672,122.17862701416016,1.1620322452025398,1.0,4367.71981348504,135055.16076292278,13582.017259067274,12318.20128207866,50.78480529785156,0.5164291821517174,grinding_specimen_113,specimen_113,20000,1.0,20.0,pore,0.6125875,review,pore,0.6125875,1000.0,batch_0,0.0
58.227955735969545,2.8424072595287484,58.29729074510281,67.9009780883789,1.164736426350702,1.0,4531.721037086183,59988.56976462378,10116.77987319435,9303.138748388676,36.094320964717866,2.0210481127281685,36.1508594832548,43.14522171020508,1.193477066020798,176.0,4626.009161394398,27719.689919932094,5670.018238569935,6485.243073580543,78.59959018287658,3.6053694249038784,78.68223602317224,90.58879089355467,1.1513245615805316,1.0,4549.019466081337,99615.66574816425,13397.743414250575,14729.511225437433,0.4826695740610361,0.0320225357839595,0.4837306694042636,0.5772367119789124,1.193301869178164,130.0,4661.654368293239,8.111627330636871,0.4476589165899499,1.4719938932071484,104.31055464363098,3.957424918034229,104.38559777116672,117.2178955078125,1.1229316879975784,1.0,4348.747559489405,128979.5234945043,13631.812543130902,12213.139633561615,50.41208267211914,0.509377991965908,grinding_specimen_114,specimen_114,20000,1.0,20.0,pore,0.58785,review,pore,0.58785,500.0,batch_1,0.0
58.16865567073822,2.8589004431042646,58.23886858691958,67.91061401367188,1.1660702836683294,131.0,4614.178855881748,60929.2453039566,10099.160413377733,9266.970086195535,36.0729916633606,2.0349236253433496,36.13034239674271,43.92619705200195,1.2157702954944063,1.0,4619.511380468642,28268.715145469843,5692.0587495314885,6429.013942197302,78.53015728607178,3.6349972255484735,78.61424049245097,92.43169403076172,1.1757627301587628,1.0,4531.613846591249,101830.13324172732,13199.70149691452,14741.222480048364,0.4829022641837597,0.0320610008072224,0.4839653960011628,0.5785492062568665,1.1954350683689714,131.0,4709.401053825922,8.17194782360842,0.4458384060300099,1.4332883819820186,104.2179036087036,3.9993542661855512,104.294612838533,120.58611297607422,1.1562065354493756,1.0,4344.6408322944335,132973.13685978958,13221.078993975076,11939.260900568948,50.39406967163086,0.5225788719158698,grinding_specimen_115,specimen_115,20000,1.0,20.0,pore,0.584725,review,pore,0.584725,500.0,batch_2,0.0
58.25138909378052,2.8363446410096778,58.32040108124768,67.30011749267578,1.1539721305914583,134.0,4678.709514190897,59728.71125093855,9909.2201646845,9340.120051169231,36.11947436246872,2.022049845892282,36.176029547205815,43.41238021850586,1.200031644209528,181.0,4700.290147787759,27753.31239124184,5660.175133618365,6476.078325372603,78.65746888694763,3.618861781414711,78.74067292253807,92.2057876586914,1.171005837725057,1.0,4561.414579159813,100753.74910051662,13149.540192271716,14791.462430594778,0.4829192841097712,0.0319964105827677,0.4839781041072778,0.5794483423233032,1.1972614822980991,134.0,4799.073262967907,8.092151208451345,0.461520712990269,1.4542645221942072,104.37542620544434,3.979733423795633,104.45127033067924,119.41039276123048,1.1432162805027892,1.0,4388.732084421527,131023.98175941904,13538.176119407224,11986.14718511472,50.46965026855469,0.5084473976606242,grinding_specimen_116,specimen_116,20000,1.0,20.0,pore,0.5896875,review,pore,0.5896875,200.0,batch_3,0.0
58.121000491905214,2.849174072901496,58.19079386877051,70.28646850585938,1.2078623409807148,1.0,4530.858302145644,60154.01000538207,10149.218360038209,9438.37218369152,36.03460759382248,2.029290560474943,36.09170215741565,43.5394401550293,1.2063559641806303,175.0,4615.554030640653,28240.258163342995,5542.232000350264,6419.986540539209,78.45045734558106,3.626778556081489,78.5342459085569,93.92377471923828,1.195959464977871,1.0,4531.336856866189,101471.9322628512,13000.15909728865,14823.779247673208,0.4828603440195322,0.0321466279644629,0.4839292484611222,0.5830917358398438,1.2049111263558767,129.0,4605.952828058157,8.197569438799665,0.4443260355506945,1.4686239679273825,104.11756580162049,3.9924582068756673,104.19408443375478,122.72686004638672,1.17786782918962,1.0,4339.897567591817,132226.41325130223,13118.375869996256,12220.024983264544,50.34068298339844,0.5176761100236187,grinding_specimen_117,specimen_117,20000,1.0,20.0,pore,0.5816,review,pore,0.5816,200.0,batch_4,0.0
58.14196608333587,2.8363800558944474,58.211109522644,67.40335083007812,1.1579121474030376,1.0,4554.400793665853,59355.33558406136,10216.322556162546,9470.087752456056,36.03157287683487,2.03709063564906,36.089111685334,43.46088790893555,1.2042659372687554,173.0,4628.677640132456,28401.86596737439,5579.335414867664,6513.730003061211,78.45092019081116,3.657076152698042,78.53611325225901,91.10842895507812,1.16008324300996,1.0,4575.434021512854,103371.76522471772,13407.707641259807,14743.51005854246,0.4829154649347066,0.0317316973993771,0.4839568647027848,0.5770271420478821,1.192311100705752,128.0,4653.547147792557,7.942883498885984,0.4419614731076456,1.4477974379159977,104.12903153800964,4.002890851704187,104.20594198132112,118.09178924560548,1.1332538912874408,1.0,4364.981884488463,132957.9297065423,13390.581171561207,12057.030575123876,50.35083770751953,0.5142301727156627,grinding_specimen_118,specimen_118,20000,1.0,20.0,pore,0.5816749999999999,review,pore,0.5816749999999999,200.0,batch_5,0.0
58.44089029941559,2.8579887901944736,58.5107319977558,70.01345825195312,1.1965917338829144,1.0,4566.854698419729,60513.64330981058,10087.815502683792,9643.17691859404,36.23078652095795,2.029938048374305,36.28760863445628,43.00160598754883,1.185021763785156,1.0,4596.820772420909,28250.605158921884,5536.632000532021,6398.115455087591,78.897463073349,3.658126510402093,78.98222311999439,94.96312713623048,1.2023354545485123,1.0,4537.876896141835,103567.93078524702,13125.26865970418,14879.473791179267,0.482848347762227,0.031954473229901,0.4839045518447962,0.5794281959533691,1.197401830060095,134.0,4641.071078470186,8.051645476604673,0.4599971704936067,1.4706655656446963,104.7009988861084,4.023517169217962,104.77827951517368,122.83629608154295,1.1723450380167215,1.0,4345.155701583967,134758.03210864426,13128.35802678967,12212.581113077742,50.620731353759766,0.5135504854877119,grinding_specimen_119,specimen_119,20000,1.0,20.0,pore,0.6004875000000001,review,pore,0.6004875000000001,500.0,batch_0,0.0
76.53324586257935,3.4148639031731745,76.60939249034163,88.79593658447266,1.1590737597307983,1.0,4486.698107909903,80869.12045319098,24808.51348435801,9480.765330213022,47.4524446264267,2.370188234886803,47.51160167046453,56.81596374511719,1.195833475351699,1.0,4546.355195259689,35995.92302966181,12764.195339416226,6404.326452425483,103.29434778366088,4.303244623511038,103.38394555414136,116.3036880493164,1.1249685570223191,1.0,4470.855387097924,136881.01043108484,31231.880788953295,14771.675160097127,0.6234545147240161,0.0339971889052975,0.6243807658658465,0.7259116768836975,1.1626105680514602,137.0,4651.165094707206,9.410067057868492,0.4662207499780497,1.454611842766426,137.0774919139862,4.934846330399704,137.166291404753,154.51072692871094,1.126448235541906,1.0,4241.167054265875,196317.6374653444,33106.330944431684,12196.351579595012,85.55664825439453,0.5666251831956803,grinding_specimen_120,specimen_120,20000,1.0,20.0,crack,0.8901625,reject,crack,0.8901625,1000.0,batch_1,0.0
77.15157255020142,3.439339782060709,77.22819566133509,99.64093017578124,1.2902144006151792,1.0,4449.4783622016685,82209.77046192325,25090.94432782605,9486.296968421944,47.83263689746857,2.375842379868804,47.89160447906347,58.06037139892578,1.2123288002244264,1.0,4526.12650236542,36166.74056207472,12551.000723960771,6620.5040381172,104.13770833244324,4.309630524012421,104.22684496801445,137.84498596191406,1.3225478138978155,1.0,4404.588853435708,137787.2849493032,30816.87616499194,14824.304587757417,0.6238360707193613,0.0341630496274408,0.6247708036475608,0.7361294627189636,1.1782392173598133,137.0,4595.953572298115,9.534929596303218,0.4553273990014931,1.4656532865965632,138.19016533050538,4.951102004344452,138.2788313702782,176.7780303955078,1.2784171564347244,1.0,4172.469469573071,197809.3702498762,33024.26221047762,12417.14887014535,86.303955078125,0.5672664242591957,grinding_specimen_121,specimen_121,20000,1.0,20.0,crack,0.9204125,reject,crack,0.9204125,200.0,batch_2,0.0
75.95569731025695,3.422913763296913,76.03278432701477,89.6852798461914,1.179560641373564,1.0,4441.78241804629,81234.02473375655,25067.14061894842,9455.28712986423,47.10856451206208,2.35878146642743,47.1675810318218,56.40841293334961,1.1959148995852351,1.0,4579.5428025116025,35202.56279015717,12896.475163935114,6583.918051468711,102.54869414749146,4.341984399170785,102.64057433529096,122.0650634765625,1.1892476661112448,1.0,4400.411318131403,140548.02235894965,31268.06855178491,14436.12028730986,0.6238422885715962,0.0340418455737145,0.624770396434011,0.7371298670768738,1.1798412205254516,138.0,4549.914203254666,9.468958194249812,0.4555254629106574,1.446994476108572,136.07426073417665,4.964680831640881,136.1647990124935,157.85256958007812,1.159275897477693,1.0,4205.543358492729,199342.80476027715,33164.73541980894,12102.08239480766,84.98457336425781,0.5662203981229522,grinding_specimen_122,specimen_122,20000,1.0,20.0,crack,0.8619,reject,crack,0.8619,500.0,batch_3,0.0
76.93762137413025,3.4128365018402813,77.01327830768741,93.0322036743164,1.208002122733035,1.0,4520.779227692479,80765.5960741152,24718.91655264076,9449.956489737931,47.70248860416413,2.3492011098249552,47.7602990451778,55.970333099365234,1.1719008092143923,1.0,4526.602120990431,34633.23074817896,13049.117471787102,6483.839117525527,103.86372520484925,4.279095285875328,103.95183533682336,121.19380950927734,1.165865028900998,1.0,4465.495516506538,134435.73325324277,31636.116647683823,14651.71214312402,0.623616676646471,0.0337971895500995,0.6245318321855777,0.7213351130485535,1.1550013560144856,139.0,4717.531520631459,9.304122712875014,0.459138428489687,1.4356813417383392,137.81894044532777,4.900503938274038,137.90603788203703,159.94723510742188,1.1598276447057276,1.0,4248.221591916044,192452.05491862624,33575.65402008994,12156.276880964071,86.0398178100586,0.5653160321060811,grinding_specimen_123,specimen_123,20000,1.0,20.0,crack,0.909875,reject,crack,0.909875,500.0,batch_4,0.0
76.40375526046753,3.4238095489294955,76.480430763227,92.46244049072266,1.2089686154746404,1.0,4542.251157853912,81605.11065844483,24698.93827385352,9470.5660961714,47.38802722320557,2.375613022514622,47.44753588269904,56.90667343139648,1.1993599324542912,1.0,4557.848250870051,35933.51064521478,12784.5187224293,6691.6539065138695,103.16710956954957,4.3140638296463605,103.25726920494124,136.84144592285156,1.3252475779816884,1.0,4401.410773294622,137152.0793294721,31703.856628400383,14971.60746319533,0.6236479003608226,0.0340345767248691,0.624575900941834,0.7314472198486328,1.1711102185429207,135.0,4744.045236047864,9.472230896640394,0.4376929492461919,1.454944902631481,136.88775602531433,4.932630486030351,136.97659870633996,172.60191345214844,1.2600832191941378,1.0,4225.332018416762,195933.7333561068,33129.52641200403,12275.565956898468,85.46576690673828,0.5718604456723152,grinding_specimen_124,specimen_124,20000,1.0,20.0,crack,0.8850625,reject,crack,0.8850625,200.0,batch_5,0.0
75.9763751548767,3.3925816618301066,76.05208210171995,98.09312438964844,1.2898151066850283,1.0,4485.933440447395,79203.06458895835,24843.73581228868,9565.134662867198,47.110499703407285,2.3524134912408465,47.16919579066947,56.59119415283203,1.1997489718496817,1.0,4553.8252601390095,35303.98244303772,12603.348785799051,6454.208194073224,102.5548729232788,4.298846506481809,102.64493188460966,128.458740234375,1.25148643850029,1.0,4535.103674515312,135807.733099541,31758.75287831428,14861.72253796063,0.6235985410451889,0.0338936705840141,0.6245189519136676,0.7223048210144043,1.1565779049636502,137.0,4625.2621779361525,9.324173694572416,0.4473371455289649,1.48707403687326,136.09111649665832,4.903292993180365,136.17941941234733,168.29139709472656,1.2358063929259755,1.0,4284.036422011555,192703.54292663813,33269.29209253499,12499.39086514533,84.9595718383789,0.5616548104196196,grinding_specimen_125,specimen_125,20000,1.0,20.0,crack,0.8627,reject,crack,0.8627,500.0,batch_0,0.0
76.40390450134278,3.4207065308922653,76.48044100435611,88.27190399169922,1.1541761897878111,1.0,4558.400881061102,80997.40565981061,25115.842608492265,9359.924162294126,47.3707930261612,2.3682546741091057,47.42995532497202,58.004520416259766,1.2229511923179106,1.0,4546.015869052037,35558.2129680618,13004.212120728473,6493.501617890659,103.1472516052246,4.300147863178959,103.23684800184824,120.08628845214844,1.163211496441644,1.0,4434.045805609961,136598.96797968072,31349.67071846033,14555.916185985154,0.6237588324129582,0.0340963600683249,0.6246900373650005,0.7264265418052673,1.162859175519111,135.0,4726.322367297455,9.500600193341604,0.4362163378539845,1.461316084256309,136.86653233413696,4.925203193729892,136.95512148025313,158.55247497558594,1.1576965743369212,1.0,4235.324470135979,195860.34466438243,32854.89211132102,11927.554390528214,85.46723937988281,0.5688292513561689,grinding_specimen_126,specimen_126,20000,1.0,20.0,crack,0.8840375,reject,crack,0.8840375,500.0,batch_1,0.0
76.17215928459167,3.4306443332133707,76.24937488673736,89.64618682861328,1.175697334722755,1.0,4484.942740898998,81669.83050564211,25023.01688895961,9554.638976977883,47.22798335018158,2.3796535123740137,47.28789657157508,57.36019515991211,1.2129995055519454,1.0,4612.302138646801,36533.92786102438,12578.957170029678,6474.255567229932,102.8366774181366,4.348816119319172,102.92858895390307,120.58895111083984,1.1715787842466785,1.0,4528.585463476594,140859.9375636732,31082.90777769468,14804.926021159135,0.6235231076776981,0.0340604315770052,0.6244527034189749,0.7409655451774597,1.1865839336118795,137.0,4736.197275037784,9.467268101798869,0.4479843740129902,1.454987866748895,136.45315992355347,4.994187312473934,136.5445229953766,157.917724609375,1.1565291755768343,1.0,4273.946123330305,201759.97169360943,33486.06557930752,12258.68914142441,85.17859649658203,0.5696516050976091,grinding_specimen_127,specimen_127,20000,1.0,20.0,crack,0.87285,reject,crack,0.87285,200.0,batch_2,0.0
76.70661841087342,3.4262627403506487,76.78310090376176,89.97471618652344,1.1718036277187571,1.0,4431.841012770217,81438.36507318106,24923.750976290525,9549.455388064947,47.54497528457642,2.3787737690867083,47.60444558500264,57.67444610595703,1.211534876568899,1.0,4601.3195059391655,36034.68208047847,13028.68246825648,6503.295762610334,103.53194064979552,4.281143997376354,103.62041752781668,118.41522979736328,1.1427789293126036,1.0,4490.498174662876,135863.27073813445,30855.131200134416,14323.535491284323,0.6236870725572109,0.0339644416186251,0.6246111972815158,0.7281995415687561,1.1658445201400265,136.0,4583.388815833081,9.372670996243793,0.4597572679069709,1.480387057617235,137.38582205238342,4.914736400842838,137.47370197568307,156.70938110351562,1.1399226095710655,1.0,4230.7795344891965,194863.0511509377,32908.88391539396,11937.497235395653,85.77870178222656,0.5567837646227575,grinding_specimen_128,specimen_128,20000,1.0,20.0,crack,0.8983125000000001,reject,crack,0.8983125000000001,500.0,batch_3,0.0
77.5006060470581,3.4539862486938144,77.57753514173717,96.79053497314452,1.2476619010426724,1.0,4523.2922630964495,83504.44817115545,24764.28017700049,9519.9765527999,48.05866322917938,2.379468391369167,48.11753299163625,56.993072509765625,1.1844554150286988,1.0,4606.363069847837,36367.79168822321,12735.670448612136,6566.575607061904,104.62003240394591,4.370268698814958,104.7112717366308,128.7495880126953,1.2295676088867065,1.0,4401.349954505199,142974.67445853038,30872.958710757383,14874.821150521211,0.6237695460170507,0.0341024524565441,0.6247010675530085,0.7347694635391235,1.1761937056026806,138.0,4694.050270418002,9.492232295936804,0.4516058954803002,1.4641897027857234,138.8267551464081,5.015320194040012,138.91731850683516,168.4591522216797,1.212657673156792,1.0,4205.496414627546,204632.85736614908,32723.96255728133,12287.565910845971,86.69318389892578,0.568772144339287,grinding_specimen_129,specimen_129,20000,1.0,20.0,crack,0.9375125,reject,crack,0.9375125,1000.0,batch_4,0.0
76.71328273086547,3.422789884094697,76.78960370998384,89.24720764160156,1.1622303453820018,1.0,4450.836538262897,81426.47475862935,24702.7964029484,9522.705344769094,47.56423604469299,2.3728478229519494,47.62338666355176,56.2520637512207,1.1811857092110762,1.0,4618.828917868287,35839.64494693726,12970.247421537477,6453.858172389872,103.56731652908326,4.321899296484092,103.65745446693292,132.9696044921875,1.2827789875411737,1.0,4439.195312637763,137778.25369745618,31787.93572271845,14989.936402853316,0.6239305421322584,0.033848691058858,0.6248480257565451,0.7361044883728027,1.1780536354924895,135.0,4592.008991000183,9.380044532825217,0.4362438949793308,1.4262085491036225,137.42266718673707,4.95061758464805,137.51181066070697,165.3558349609375,1.2024846023512274,1.0,4214.596105538175,197456.10582979704,33548.3906780468,12253.32995572374,85.8370132446289,0.5658118268060248,grinding_specimen_130,specimen_130,20000,1.0,20.0,crack,0.8995125,reject,crack,0.8995125,500.0,batch_5,0.0
77.60861791839599,3.445133723426558,77.6850469625646,98.82919311523438,1.2721778125828882,1.0,4409.324116713018,82802.8150966949,24906.546325564766,9547.186395261058,48.10550816078186,2.4043045642259555,48.165554038592845,58.94950485229492,1.2238934240237618,1.0,4596.890365383179,37303.59967079126,12892.729552700972,6579.772472779971,104.7543189163208,4.406259142269999,104.84694774408592,124.28756713867188,1.1854190304331729,1.0,4482.180256667923,146687.78557694505,30539.58708808512,14628.933501674795,0.623500117456913,0.0340307462099448,0.6244281288958642,0.7260835766792297,1.1627976753115148,1.0,4585.656942884464,9.46155496534003,0.4408726864712796,1.446873014505555,139.0044539138794,5.052859430311656,139.09626018092044,161.74192810058594,1.1628057281353978,1.0,4219.718172531177,208844.9235275542,32427.615438855,12120.691004452094,86.76702117919922,0.568330595817263,grinding_specimen_131,specimen_131,20000,1.0,20.0,crack,0.9427625,reject,crack,0.9427625000000001,1000.0,batch_0,1.1102230246251565e-16
76.48491317863464,3.417042894619752,76.56120509818894,89.64105987548828,1.1708418089883064,1.0,4475.095386830855,80656.08586065819,25379.023973393025,9250.695701981009,47.42394435749054,2.358961739752588,47.48257784611084,55.19108200073242,1.1623438428217725,1.0,4550.423993695504,35329.16059813723,12805.197846746843,6527.747240175647,103.26506022567747,4.326749004501187,103.35566467475672,129.62037658691406,1.2541197136587343,1.0,4396.411743690627,139373.76617333406,30925.93933789326,14654.708817908053,0.6238039778470993,0.0341162872147442,0.6247362033940272,0.7316821813583374,1.1711858179233103,137.0,4611.03840030928,9.481637943732864,0.4677102818741359,1.4641412762906227,137.0185943584442,4.950914650040077,137.10801127518357,162.93753051757812,1.1883881109656915,1.0,4184.996969847864,197960.61218014703,33189.00198866627,12077.02948333251,85.56880950927734,0.5687719887320012,grinding_specimen_132,specimen_132,20000,1.0,20.0,crack,0.888875,reject,crack,0.888875,200.0,batch_1,0.0
76.85279993019104,3.4475299935909307,76.93008722318389,89.33036804199219,1.1611889608656432,1.0,4481.907082898213,82734.26628920675,25091.341017267107,9598.541648476246,47.66054498729706,2.370014783064367,47.71943543838412,55.51195907592773,1.1632987390977292,1.0,4533.976265837722,35997.1225425639,12748.31005763576,6454.552196309055,103.76925396461486,4.356984742968055,103.8606825724884,121.58148193359376,1.1706208636626023,1.0,4503.443747342326,141356.72027567026,31398.94076966594,14866.41555722647,0.6235763291388751,0.0341303142187622,0.6245096609428761,0.7409540414810181,1.186457292529848,137.0,4579.114955653579,9.513829935612366,0.450911015178712,1.4608987528675246,137.68642249717712,4.987312678926008,137.77671874387391,156.87228393554688,1.1385979094709862,1.0,4262.283301827239,201519.60967670745,33136.306531162176,12299.89309028518,85.95523834228516,0.5712879175654104,grinding_specimen_133,specimen_133,20000,1.0,20.0,crack,0.906925,reject,crack,0.906925,1000.0,batch_2,0.0
76.72455353889465,3.3865651223392472,76.79925741223386,87.8169174194336,1.1434605018126731,1.0,4535.435077129419,79102.04375303355,24809.86064999402,9313.990641980205,47.5741996553421,2.3439409906008875,47.63190666154119,55.016109466552734,1.1550263955940625,1.0,4523.129610445053,34762.437407449135,12722.059888567066,6485.260598845997,103.6021713634491,4.279936448590759,103.69053846530768,117.10910034179688,1.129409703865881,1.0,4519.848650188578,135393.1078595741,31004.997505633182,14548.257863950204,0.6234003703266382,0.0341405641272864,0.6243345255889018,0.7243872880935669,1.1602550530267255,136.0,4729.633061712505,9.531136804550718,0.4437981659391111,1.4452756169240395,137.45871199150085,4.873882860990638,137.54509164817566,153.54722595214844,1.1163410057910637,1.0,4295.503893852704,191277.01433671755,32439.760968457365,11976.055997891315,85.78545379638672,0.5627311892404789,grinding_specimen_134,specimen_134,20000,1.0,20.0,crack,0.9002875,reject,crack,0.9002875,500.0,batch_3,0.0
77.00152426757812,3.429041309779092,77.07783769563463,88.3338623046875,1.1460345145319295,1.0,4435.34060125852,81821.69519700819,24766.89173996615,9537.773409945812,47.7446782081604,2.374523962834024,47.80368878288432,55.86794662475586,1.1686953046342918,1.0,4603.419656529244,35720.83219400654,13020.709018737634,6644.773577608316,103.96176924934387,4.3627095458587615,104.0532685696867,135.8173828125,1.3052678179113633,1.0,4461.502389749626,141276.20102182718,32016.707562467305,14766.468565375548,0.6236109493464231,0.0339234874086747,0.6245329608136897,0.7197908163070679,1.152526546187841,138.0,4573.041583073962,9.376126845788152,0.4581331575835767,1.4512556360661115,137.9439382041931,4.973765386138429,138.0335771810562,166.04063415527344,1.2029003199524482,1.0,4239.87239675977,200007.19104789608,33156.71054948121,12298.229894730332,86.11852264404297,0.5640435494353873,grinding_specimen_135,specimen_135,20000,1.0,20.0,crack,0.913,reject,crack,0.913,200.0,batch_4,0.0
76.62196584396362,3.4426327875098104,76.69926577421172,90.3215789794922,1.1776068267117707,1.0,4551.242164766403,82758.34615306943,24677.708009591115,9540.288927441838,47.51435430335999,2.382670124201294,47.57405786545841,57.90559387207031,1.2171674326337678,1.0,4537.257360357488,36116.70183288306,13053.900516681477,6554.936874774188,103.43431943206788,4.322012517182416,103.52457789613892,119.33973693847656,1.15276719175039,1.0,4474.183021223487,138915.70881094824,30840.497155702604,14700.102410960848,0.6235225099027157,0.0341452707905987,0.6244567397928743,0.7255669236183167,1.161917035051907,136.0,4723.008162923017,9.513282983774992,0.4613244128059416,1.45960033813965,137.25451427764892,4.960331456217509,137.3441173758413,155.53150939941406,1.1324220678036254,1.0,4249.890818862448,199101.5022816625,32753.19209917269,12221.860991843432,85.67743682861328,0.5677601037970673,grinding_specimen_136,specimen_136,20000,1.0,20.0,crack,0.8949875,reject,crack,0.8949875,200.0,batch_5,0.0
76.87779627952575,3.409078983827325,76.95334547837564,105.49085998535156,1.3708417656123233,1.0,4557.360557740248,79825.53400183858,25337.561388300564,9570.874787047062,47.65909837322235,2.3614328619772174,47.71756514020923,55.47638702392578,1.1625988639805631,1.0,4609.167011668929,35284.38322615556,12962.06770005287,6489.079508324506,103.78106167449953,4.281837417815979,103.8693549318512,127.74282836914062,1.229841356509365,1.0,4482.788602767519,135260.56885619342,31258.05373996427,14645.816246594328,0.6236728754758835,0.0338635144975144,0.6245915411038483,0.7287636995315552,1.1667844528339306,137.0,4745.2373391403735,9.320973420327286,0.4479443128260393,1.4809333381197372,137.70883881263734,4.888969873275909,137.79559613262947,172.1295623779297,1.2491659182798085,1.0,4270.962567295769,191701.2474770425,33392.729618513295,12140.237917672444,85.97907257080078,0.5666349327094294,grinding_specimen_137,specimen_137,20000,1.0,20.0,crack,0.9072875,reject,crack,0.9072875,1000.0,batch_0,0.0
76.46983693618775,3.4241740836374124,76.54646255185277,96.83727264404295,1.2650783513143429,1.0,4403.798342712296,81831.11285187329,24475.961215157047,9407.122936474616,47.411974016189575,2.373438007615313,47.4713438622484,58.36171340942383,1.2294093375316473,1.0,4504.465633628316,36243.711836977775,12573.40404303358,6523.723940596099,103.21617542114258,4.337997885676001,103.30729448700224,125.5555191040039,1.215359667751253,1.0,4408.497554381578,139919.6037736418,31348.68987133525,14635.725981099897,0.6237787368953228,0.034194493643847,0.6247152759443965,0.7369673252105713,1.1796851359148868,137.0,4623.455683320593,9.55329069562046,0.4331303071585686,1.4802490047884411,136.96966927452087,4.959455978482405,137.05942690954944,165.8597869873047,1.2101304574749292,1.0,4166.757233945796,199288.08061811785,32696.424677555777,12050.301768180778,85.534912109375,0.5669202496720412,grinding_specimen_138,specimen_138,20000,1.0,20.0,crack,0.8879874999999999,reject,crack,0.8879874999999999,1000.0,batch_1,0.0
76.10580245819092,3.414676720115431,76.18236793975413,92.72763061523438,1.2171796850494911,1.0,4472.287761470119,80509.66555600593,24939.962216657965,9709.63527135511,47.20164053573608,2.352172520972826,47.26021143449597,54.506717681884766,1.153332074221307,1.0,4645.445935263646,34898.28261363931,12829.589563608031,6593.261719111283,102.744345986557,4.291730353189455,102.83394177813967,120.81552124023438,1.174860353995661,1.0,4446.545318994666,135732.4329940419,31231.01329539801,14923.088046122904,0.6235769712388516,0.0341079983397653,0.6245090828884436,0.7233791947364807,1.1583165314277717,135.0,4615.452078404508,9.460553204480734,0.4711882124569276,1.474980248958946,136.3379785095215,4.904686432813326,136.42617173059926,155.8519744873047,1.142390587599757,1.0,4241.556480794222,193061.7306712012,33175.96435369332,12350.94430118029,85.11225891113281,0.5680510302777452,grinding_specimen_139,specimen_139,20000,1.0,20.0,crack,0.869775,reject,crack,0.869775,1000.0,batch_2,0.0
76.16002758140564,3.406817382201525,76.23618698410971,89.7965316772461,1.1778728085648202,1.0,4440.053042629613,80640.82546004525,24807.196755286324,9261.377544827426,47.21369624023438,2.379450493400844,47.27361734959223,57.84588241577149,1.2236398578936003,1.0,4621.058136069609,36422.48165544366,12696.408202970344,6513.182909249479,102.8148119293213,4.314899743394377,102.90531527504908,127.42356872558594,1.238260321004834,1.0,4420.269506303561,137817.34511731713,31269.94727548081,14852.113527112224,0.6235693171471357,0.0340057320612123,0.6244958631571262,0.7350369095802307,1.1770084526489355,135.0,4642.132072970204,9.428988384853024,0.449364882658005,1.4720112601975972,136.42546610183717,4.934289262290771,136.51466958399553,161.59144592285156,1.1836929057900745,1.0,4215.168808416466,196450.67750764932,32915.38231824664,12271.723585812164,85.16543579101562,0.5643952419888095,grinding_specimen_140,specimen_140,20000,1.0,20.0,crack,0.87235,reject,crack,0.87235,200.0,batch_3,0.0
75.90461414909363,3.3999638394166785,75.98072257640175,88.05349731445312,1.1588926023428074,1.0,4453.102768522315,79798.90914692762,24909.339987597043,9415.472308977696,47.04744009933472,2.365761740453044,47.10688323921547,57.77340698242188,1.2264323812093505,1.0,4526.234717832917,35621.636131667074,12894.067295080704,6419.898938658008,102.47408723793028,4.33673954232416,102.56581236018611,131.67941284179688,1.2838528727230365,1.0,4533.744266886282,139287.98224474324,31371.4229476118,15147.51269108368,0.6236845554113388,0.0339875032782269,0.6246099383116849,0.7314409613609314,1.1710363804617163,137.0,4591.406633407425,9.41734573130233,0.4583336029344346,1.459320111406272,135.9684058654785,4.946424548512434,136.05834964974997,163.32681274414062,1.2004174177078206,1.0,4271.176356449075,197228.6852253464,33017.479391329056,12583.065392675064,84.89644622802734,0.5653701220898287,grinding_specimen_141,specimen_141,20000,1.0,20.0,crack,0.8597125,reject,crack,0.8597125,200.0,batch_4,0.0
76.56546388778686,3.4190431646293318,76.64176483167383,100.66251373291016,1.3134159156432843,1.0,4397.276582977326,81014.76182265468,24945.968766602447,9490.225613161248,47.4749481388092,2.3663696612913063,47.53388692455629,58.68739700317383,1.234643341839894,1.0,4555.331186675514,35621.14790961745,12696.284131693055,6694.2936510928885,103.36789711761476,4.349246939550549,103.45935483782496,129.059814453125,1.2474446090972573,1.0,4483.642052159047,140541.98686923538,31337.233129308785,15002.57615840233,0.6235812123864889,0.0340452957371474,0.6245098963212938,0.729668140411377,1.1683852324991533,135.0,4599.256393572578,9.480973727922011,0.4286619633383214,1.4604029379166343,137.15934322891235,4.958145763294537,137.24892948360895,170.8607940673828,1.244897098361616,1.0,4217.003286818537,198451.80765948183,33020.66063892562,12434.667280344534,85.62564086914062,0.5666671735126871,grinding_specimen_142,specimen_142,20000,1.0,20.0,crack,0.8922,reject,crack,0.8922,200.0,batch_5,0.0
76.91824783287048,3.407777631974794,76.99369972970433,90.49776458740234,1.175391816539609,1.0,4419.658473845225,80914.04900857958,24563.0800883595,9218.743241178438,47.68110701923371,2.3723790981391075,47.74008953871897,57.67056274414063,1.2080111977454018,1.0,4653.962733354156,36066.37540647536,12681.603825430206,6553.670761934706,103.8310390296936,4.340036736121943,103.92170410870216,135.70533752441406,1.3058421115041203,1.0,4492.916001063178,140046.24729865624,31286.80694792812,14821.405879806722,0.6237782743752003,0.0338620727696433,0.6246967068544217,0.7402538061141968,1.1849811244270003,1.0,4556.937641810908,9.308099401402137,0.4644847764503771,1.4673213875377076,137.77597546920776,4.96458602016568,137.86539279617406,168.38619995117188,1.22138120768365,1.0,4236.925917529932,199431.05721820277,32919.53178713848,12263.179731747046,86.03556060791016,0.5585597785924794,grinding_specimen_143,specimen_143,20000,1.0,20.0,crack,0.909025,reject,crack,0.909025,500.0,batch_0,0.0
77.03055286865235,3.4183067326245173,77.10636093195262,90.61841583251952,1.175239172712242,1.0,4508.186163052865,81562.8587248096,24453.81481344453,9332.992019804951,47.75682616157532,2.3782561136188898,47.816007227380354,58.967620849609375,1.233219255827856,1.0,4572.637232216039,36112.34457424615,12802.18040833954,6612.319558541337,104.00686358833312,4.333546035298174,104.09710512171884,120.97994232177734,1.1621835418027977,1.0,4458.136874830739,139919.3547749992,30956.700385831897,14622.163113718236,0.6236020511060953,0.0340758596876315,0.6245323709441971,0.7388620376586914,1.183064436742719,136.0,4743.293568521945,9.490047719650534,0.4408357682265518,1.445003714087083,137.9982318851471,4.945376314710711,138.08681599023467,160.63870239257812,1.163316723907504,1.0,4225.633566223675,198950.4546567117,31826.512127188595,11944.89403131981,86.15168762207031,0.56792240065334,grinding_specimen_144,specimen_144,20000,1.0,20.0,crack,0.9149875,reject,crack,0.9149875000000001,500.0,batch_1,1.1102230246251565e-16
76.01467934036255,3.4200482150062377,76.0915777534617,98.4112319946289,1.293326211653586,1.0,4442.515272614603,80363.27690913083,25630.72512535349,9489.934369871766,47.11470089530945,2.36071543901665,47.17380648027552,56.54805755615234,1.198717291974232,1.0,4618.043716097231,35577.88784199345,12631.716290847486,6550.933774925808,102.59765805091858,4.316822985454813,102.68843361460418,119.75920104980467,1.1662384636157574,1.0,4512.234034556813,137968.21761125966,31578.875678636767,14542.771432865062,0.6236517364114523,0.0339882943988449,0.6245772109876906,0.7293214797973633,1.1677042757356335,136.0,4581.493489947605,9.414457040138611,0.4612103342160979,1.4489910623923796,136.1464820423126,4.934170747957414,136.23586390326062,162.20225524902344,1.1905987938990956,1.0,4269.238746069681,196315.85211443843,33174.26504524318,12108.960280095416,85.00249481201172,0.5635118188365651,grinding_specimen_145,specimen_145,20000,1.0,20.0,crack,0.8645625,reject,crack,0.8645625,200.0,batch_2,0.0
76.52391406326294,3.4073800760211355,76.59973670022708,91.65364074707033,1.1965268380197789,1.0,4496.240620865537,79862.23952310307,25369.03257309072,9400.634002688264,47.44338273696899,2.336001431907427,47.500857552431626,54.616981506347656,1.1498104312340305,1.0,4564.01168241943,34305.51247572054,12742.79304430753,6564.077131209193,103.33035755615236,4.254595664895303,103.41791129661264,122.47698211669922,1.184291778678679,1.0,4426.971467453634,132911.78273107487,31333.514740167928,14589.041895632685,0.6236814412891865,0.0339231033404889,0.6246033278400032,0.7313129305839539,1.1708437947536603,138.0,4727.349544475108,9.382649722061212,0.4459311434231892,1.4522840854186616,137.09652795143128,4.863900941833599,137.1827813856737,160.64291381835938,1.171013681131965,1.0,4193.614542748127,189264.74836224783,33451.35733615816,11980.993627768246,85.5972900390625,0.5620249459064875,grinding_specimen_146,specimen_146,20000,1.0,20.0,crack,0.8902625,reject,crack,0.8902625,500.0,batch_3,0.0
76.30407414741516,3.4020343947415377,76.37987673148756,88.17650604248047,1.1544468231136822,1.0,4497.001393515289,80075.98536011731,24978.26983528506,9271.60404219658,47.3147165971756,2.3628616724841325,47.37367963283344,56.4925651550293,1.192488436466645,1.0,4543.25595201766,35696.28654178679,12824.581454907564,6371.363608091595,102.99117435722351,4.346066428205124,103.0828321733468,128.8409881591797,1.2498782332883258,1.0,4420.364484105754,140963.85804240176,31067.59507051368,14606.399937740254,0.6236873906552791,0.0340295890836856,0.6246150608139346,0.7227280735969543,1.1570775649488323,137.0,4664.652715831716,9.429300139065424,0.4515280539385305,1.4742161698816745,136.67349794197082,4.957452655687663,136.7633773220276,160.25540161132812,1.171771308586402,1.0,4197.950431003971,198992.21134929973,32939.3088394119,11926.95828834409,85.33685302734375,0.564969262397933,grinding_specimen_147,specimen_147,20000,1.0,20.0,crack,0.879475,reject,crack,0.879475,200.0,batch_4,0.0
77.10267425689698,3.4155089662247637,77.17828761422169,87.746337890625,1.136930354418176,1.0,4519.433080072504,80465.24593483773,25233.25789788948,9465.957603870342,47.803053183174136,2.372742699201776,47.86190344679147,55.1457405090332,1.1521844418565437,1.0,4553.518862338279,35687.0609583515,13144.690250826005,6522.71714593376,104.0532212688446,4.34519420013935,104.1439079786238,133.37448120117188,1.280674825728144,1.0,4475.32687949265,139856.5469692088,31514.323445808743,15291.86887450167,0.6237413278192282,0.0336602680783799,0.6246489075287031,0.7282754778862,1.165895704144388,136.0,4681.218278640696,9.219487305773171,0.4607130322267437,1.4431982640330925,138.08938821754455,4.952201910380931,138.1781583393588,165.83322143554688,1.2001406259031808,1.0,4270.819947187551,197806.1709444905,33145.24955630698,12491.337823769583,86.2250747680664,0.5580311749530015,grinding_specimen_148,specimen_148,20000,1.0,20.0,crack,0.9177625,reject,crack,0.9177625,200.0,batch_5,0.0
76.55355673370362,3.4114936664630124,76.62953306406541,93.28519439697266,1.2173530317479873,1.0,4508.724806935176,80778.18841437009,24764.18420804987,9337.514956227056,47.46667115592957,2.372929955313306,47.52594730458278,56.876895904541016,1.196754596810668,1.0,4587.40014780606,36170.134288507776,12548.98843296812,6624.403934828524,103.3792294631958,4.335752792506481,103.47011083729356,133.6275634765625,1.2914605231910057,1.0,4505.695317118141,139085.06176547223,31441.696650063197,15092.482820543975,0.6235916675120592,0.0340402378377702,0.6245200601922428,0.7315174341201782,1.1713273611979718,137.0,4646.654296514468,9.420325742009242,0.4479690320475222,1.485461435569435,137.15817046928404,4.949860920038192,137.24745844498872,169.50308227539062,1.2350180046746042,1.0,4289.741144332364,197681.65270334744,32873.42067653978,12484.217488043723,85.62559509277344,0.5632434978863928,grinding_specimen_149,specimen_149,20000,1.0,20.0,crack,0.8922125,reject,crack,0.8922125,200.0,batch_0,0.0
76.6563559589386,3.433941266061995,76.73323179380799,89.03044891357422,1.1602593404746775,1.0,4375.442726140084,82050.01371325707,24733.813677517832,9716.69160509075,47.524921286010745,2.368948314531168,47.58392648109693,56.486907958984375,1.18710060594567,1.0,4525.522180981744,35781.77815408746,12826.332450119846,6564.255223635454,103.49212321281432,4.33098566578011,103.58270610451116,124.18603515625,1.1989070359964416,1.0,4452.147814468753,139129.50172328472,31216.41021130103,14898.375347369063,0.6237133171051741,0.0341734674316743,0.6246488035773726,0.737859308719635,1.181238648811787,135.0,4602.932164896428,9.51108565826136,0.4394146118762546,1.4803575737521288,137.32080493659973,4.959079258628403,137.41031961075203,159.97711181640625,1.164229238892538,1.0,4186.535279304833,198681.2313044004,32942.572733642286,12446.607037118629,85.74490356445312,0.5670262639022852,grinding_specimen_150,specimen_150,20000,1.0,20.0,crack,0.8968,reject,crack,0.8968,1000.0,batch_1,0.0
76.52172078704834,3.404847482327632,76.59743297649668,86.80816650390625,1.133303860594684,1.0,4522.842553446988,79683.1616971019,25421.414091148315,9304.575575411418,47.448628869438174,2.368429748802578,47.50770296556859,54.777320861816406,1.1530197724254634,1.0,4565.516378301495,35408.21087532759,13100.93642988902,6508.234482084632,103.31272067871092,4.313622001271332,103.40273491937822,122.71136474609376,1.1867322933167117,1.0,4520.450244560162,138139.74488379376,30929.165023606056,14616.06045995501,0.6236953479290008,0.0339826901855102,0.6246204529636552,0.7231438755989075,1.1577332637248512,136.0,4673.261401643997,9.41253371626071,0.457416871260396,1.446194865290375,137.08399972000123,4.924549332851087,137.17242494526727,157.61306762695312,1.1490142256349394,1.0,4276.138498750248,195460.2542189664,33075.41209304465,12028.684718606017,85.59310913085938,0.5644403887881337,grinding_specimen_151,specimen_151,20000,1.0,20.0,crack,0.88995,reject,crack,0.88995,1000.0,batch_2,0.0
76.42346967697144,3.419176532566333,76.49991820667408,90.69216918945312,1.185519819046563,1.0,4482.487374887832,80683.52620437599,25409.09387632541,9337.017971400965,47.37635574855805,2.365882781921652,47.43539275005239,54.87799072265625,1.156899680620767,1.0,4591.842477855707,35719.989611373785,12708.286076017814,6584.430255053787,103.1654371181488,4.297371014274177,103.25490212775875,125.82767486572266,1.2186121169340154,1.0,4476.306977722697,136630.78452592358,31063.02907336832,14800.643034756386,0.6237446960031986,0.0339842210963835,0.6246698112408271,0.7400563359260559,1.1847160253446989,135.0,4651.170097102394,9.373074198621472,0.4618618583811819,1.474287841202953,136.89321860351563,4.9168573340792285,136.98149066816876,161.29441833496094,1.177490605104372,1.0,4249.574815209524,194669.20204424867,33160.143878798786,12098.472392393292,85.48051452636719,0.5631208478195785,grinding_specimen_152,specimen_152,20000,1.0,20.0,crack,0.884725,reject,crack,0.884725,1000.0,batch_3,0.0
77.45938812789917,3.429289695725254,77.53526189396496,95.23638916015624,1.2282977684450058,1.0,4396.848693218064,82015.1899535928,24871.757459181677,9239.481009042212,48.02914840354919,2.3754824373838286,48.08785723215863,57.65342330932617,1.198918534277518,1.0,4519.290297639507,36013.19924016543,12838.537627583177,6522.04401473931,104.57530132255556,4.340188685783777,104.66532799610142,128.58078002929688,1.2284945023445228,1.0,4443.267131314039,139733.38166713735,31525.57818226132,14745.948306861315,0.6237006995379925,0.0338335746669845,0.6246177017815999,0.7450382113456726,1.1927907409934055,138.0,4585.595584956801,9.294277869161718,0.4466036855308968,1.4819191632252544,138.7598017742157,4.97062983244417,138.84880175698606,166.90374755859375,1.2020539280613285,1.0,4177.692138788731,199951.3160427436,33057.79751878349,12159.12977173585,86.63929748535156,0.5631597957957996,grinding_specimen_153,specimen_153,20000,1.0,20.0,crack,0.9356,reject,crack,0.9356,500.0,batch_4,0.0
76.95313788604736,3.4187851457095277,77.02904336924834,92.60453033447266,1.2022027833133182,1.0,4439.015198799873,81272.30043989688,24847.57105375417,9278.208821563529,47.70352446193695,2.3683234390405192,47.76227802358809,57.93617630004883,1.213011160636773,1.0,4592.3748256413,35981.47625874677,12663.875861309529,6458.722480018355,103.89506420135498,4.324042359697554,103.98500712954792,123.07488250732422,1.1835829597433551,1.0,4417.054371220795,138749.29647528278,31080.03992357804,14820.22730743842,0.6237268627643585,0.0336898861505601,0.6246360602484511,0.7239843606948853,1.1590498960417337,136.0,4632.598854720546,9.19355917517081,0.4594088832176349,1.4786968361317387,137.85175438957214,4.948156185679789,137.9405322518396,160.7314910888672,1.1652230745015386,1.0,4197.406456632608,197519.7810549712,33122.19556854175,12252.612105277716,86.07538604736328,0.5611491851803887,grinding_specimen_154,specimen_154,20000,1.0,20.0,crack,0.91095,reject,crack,0.91095,200.0,batch_5,0.0
76.79151061782837,3.413110765215098,76.86732353909348,95.92950439453124,1.2479880913993715,1.0,4493.08432475519,80276.37488334594,25345.40476276209,9364.980113038211,47.61367701568604,2.3625673685574538,47.67225569998803,55.30561065673828,1.160121539135648,1.0,4539.594106106417,35509.7788067732,12850.20596723282,6495.846415627787,103.67154173088072,4.261353964248977,103.75908491532856,116.95917510986328,1.127218645049795,1.0,4479.65934113253,133377.87528026273,31154.333741864317,14736.565234231975,0.623593517023325,0.0341225223147483,0.6245263973625458,0.7220182418823242,1.1561052421987268,137.0,4694.293385871903,9.474767916193526,0.4619319734422036,1.4760352261527878,137.56201783943175,4.885522758524616,137.64874530732274,157.8799285888672,1.1469768811649907,1.0,4243.052334430931,191506.62834699676,33144.18469404695,12106.165572088628,85.8776626586914,0.569123114809154,grinding_specimen_155,specimen_155,20000,1.0,20.0,crack,0.9034625,reject,crack,0.9034625,1000.0,batch_0,0.0
76.42045625190735,3.3994189891406585,76.49602723810835,87.32698059082031,1.1415884424820988,1.0,4501.894531055835,79700.62965155201,25046.7682405284,9358.315625745268,47.37986266555786,2.3718349268325314,47.43919252187232,56.22638320922852,1.185230612500514,1.0,4519.06419272807,35515.6526602575,12987.349185849109,6676.478854329479,103.201303874588,4.333574629321913,103.292250389286,128.33432006835938,1.2424389979373598,1.0,4391.56511868429,138650.13291368348,31788.195436856364,15051.959831225056,0.6236247314542532,0.033860707809972,0.6245433157234026,0.7262591123580933,1.162864278703991,135.0,4722.6430601634265,9.317961811996565,0.453514309470107,1.47603468880441,136.92008467636109,4.929359108938965,137.00878865608135,161.79092407226562,1.1808798958028324,1.0,4182.129054581812,195533.1902766632,33326.030399390824,12268.602221349063,85.48057556152344,0.5620952300947395,grinding_specimen_156,specimen_156,20000,1.0,20.0,crack,0.885325,reject,crack,0.885325,1000.0,batch_1,0.0
77.14095712051392,3.4359696971799507,77.21744073218761,93.66178131103516,1.2129614815373286,1.0,4476.11952671717,81898.58229220919,24879.670556986985,9736.53786674069,47.82271535282135,2.370867432519427,47.88144855891012,56.46492385864258,1.1792651550458404,1.0,4599.863265292878,35928.191248746174,12841.730125715168,6457.335812234244,104.15931893501282,4.344359281948508,104.24987855425238,123.6963119506836,1.1865367486861018,1.0,4379.683643625176,140335.01620509406,31227.26186462744,14832.179237655717,0.6236175124675035,0.034074254282035,0.6245477216842871,0.7360730171203613,1.1785696938182908,138.0,4588.923310477124,9.418815195738482,0.4748754066986317,1.4801645511993666,138.1969048221588,4.9818612133229845,138.28667124337628,161.58201599121094,1.1684569057768135,1.0,4182.091803960993,200629.6946298317,33139.3849643603,12514.022700609,86.27872467041016,0.5697401690681382,grinding_specimen_157,specimen_157,20000,1.0,20.0,crack,0.920175,reject,crack,0.920175,1000.0,batch_2,0.0
77.3077874809265,3.4559760291509907,77.38499709575599,97.74347686767578,1.2630804488721277,1.0,4462.126238269261,83682.19944908064,24823.06759536029,9496.174940848605,47.9439109375,2.3848716863870454,48.003189570521904,58.68792343139648,1.2225838315426425,1.0,4556.631651764944,36309.36292222731,13042.414178457875,6535.309747155105,104.37179559059145,4.370661089097464,104.4632681527816,131.54318237304688,1.2592290543759348,1.0,4545.783782622362,141996.36992851415,31988.89171343296,14733.064318449577,0.6237258579403162,0.0341595601490738,0.6246605649574508,0.7296983599662781,1.1681517945926072,137.0,4645.358710108,9.492018887782258,0.4815068750169706,1.4781419064334518,138.49239542121887,5.017448607275763,138.58325432762032,170.49188232421875,1.2302487999102998,1.0,4265.579857098483,204510.7443873991,33220.333422782394,12118.635607443914,86.47808074951172,0.5647203697146872,grinding_specimen_158,specimen_158,20000,1.0,20.0,crack,0.928775,reject,crack,0.928775,500.0,batch_3,0.0
77.25715414657593,3.4420579034488608,77.33379357977009,92.09416961669922,1.1908657955813813,1.0,4382.648222621026,82705.85819449332,25009.196058534035,9279.059034035414,47.88521424770355,2.3630004952914234,47.94348250689783,56.19421005249024,1.1720927874691902,1.0,4497.558435748784,35714.663334035205,12571.208420339612,6564.093523971686,104.27867616882324,4.294416414066065,104.36706528335316,126.33728790283205,1.2105091540116648,1.0,4411.362294337844,135502.64704042955,31780.773962442152,14846.310558534238,0.6236186688959598,0.0341686243512832,0.6245540321586499,0.7417442798614502,1.187638285350196,140.0,4572.753621065756,9.537753748005498,0.4380084490509168,1.4731602688734906,138.37340379714965,4.937469020391556,138.4614656817425,163.96568298339844,1.184197221776332,1.0,4169.533467682396,196257.10694028356,33375.084409839306,12259.292986843382,86.38897705078125,0.5734312117901996,grinding_specimen_159,specimen_159,20000,1.0,20.0,crack,0.925675,reject,crack,0.925675,500.0,batch_4,0.0
76.74356454544068,3.434655307596541,76.82038503042158,91.2231216430664,1.1874858685873706,1.0,4503.324875557239,81929.58548400794,24984.57193563804,9635.132602681697,47.59339388237,2.370549123905803,47.65239389990039,55.28498840332031,1.1601723203970216,1.0,4486.983993959553,35749.404531771004,13025.20917450485,6435.875272430214,103.60083954162596,4.3144373328196925,103.69063758714458,116.8389892578125,1.126803653411984,1.0,4430.791995486794,138418.25681819158,31148.217956063552,14434.516041933668,0.6234628490805626,0.0342457333677575,0.6244026701076381,0.735919177532196,1.17859710209973,139.0,4728.472372299605,9.56306095839346,0.4529359948289755,1.4847179563015325,137.47515486831665,4.944928187902662,137.5640596989314,157.14573669433594,1.1423458789909255,1.0,4211.180158238133,197851.4367865029,32891.7209655501,12015.491804395482,85.80758666992188,0.5724440590891614,grinding_specimen_160,specimen_160,20000,1.0,20.0,crack,0.9011,reject,crack,0.9011,500.0,batch_5,0.0
76.4958061264038,3.400494821363901,76.57135051674668,99.2800521850586,1.296569167385201,1.0,4465.153293155247,79804.67660881615,25017.1053733836,9334.452154417737,47.43186989936829,2.352342987487483,47.4901652943152,55.28179168701172,1.1640682095842108,1.0,4532.001946861828,35082.35516240309,12789.50911754416,6461.962850376402,103.29623594360352,4.315045354114621,103.3863239337035,124.62649536132812,1.2054446915168866,1.0,4404.665611382209,137734.14772015426,31286.594909309657,14877.631503887213,0.6235368891358376,0.0339114415003192,0.6244583556794059,0.7220216393470764,1.1562366533818296,135.0,4679.287475184293,9.347055011981755,0.4378931687729693,1.483341474054663,137.05110732383727,4.920719220575683,137.13941627532802,168.0040740966797,1.2250604433038144,1.0,4196.726941432245,194270.8914740471,33589.4787802092,12367.329788578929,85.5500259399414,0.5609718724546786,grinding_specimen_161,specimen_161,20000,1.0,20.0,crack,0.8891375,reject,crack,0.8891375,200.0,batch_0,0.0
76.65244917907715,3.443264314176337,76.7297467367662,91.77501678466795,1.196081320319185,1.0,4381.456210447277,83143.15133134404,24706.953675183187,9278.71627174062,47.52381554222107,2.375996268012925,47.58317351708126,56.12993621826172,1.1796173325453454,1.0,4503.044711932597,35902.628648384765,13067.23792921522,6472.826997981009,103.4756670955658,4.315415463677949,103.56561442629744,120.64292907714844,1.1648936738844349,1.0,4460.672472250245,138269.60126812747,31089.08678099978,14563.121680527272,0.6237455898284913,0.0341564551082493,0.6246800975347736,0.7446134090423584,1.1919915681336537,138.0,4594.363969057647,9.509076043737393,0.440406373200366,1.4895437714443225,137.3054655609131,4.965688776336802,137.39522894890683,157.58641052246094,1.1469569338616743,1.0,4188.82449091031,199822.24941907648,32976.7359738902,11907.73806308305,85.74063110351562,0.5716282873208499,grinding_specimen_162,specimen_162,20000,1.0,20.0,crack,0.8964125000000001,reject,crack,0.8964125000000001,500.0,batch_1,0.0
77.31062923583984,3.428994874275262,77.38663578867671,91.2890853881836,1.1796492308758704,1.0,4462.902132323755,81699.48657449234,24852.51162195484,9577.132908433445,47.92823697528839,2.358919264611096,47.98625219431451,56.419063568115234,1.175733902694736,1.0,4561.235485339387,35308.58661782496,12975.131071098433,6403.097855916652,104.34471665382384,4.333682356477495,104.43467190705216,126.01023864746094,1.206593905514552,1.0,4466.964266908824,139299.83313515957,31393.368249847463,14863.063274757147,0.6236286209017038,0.0340849639955774,0.6245593979585455,0.7279048562049866,1.1654693830310443,136.0,4667.328929157327,9.484998036873415,0.4439684348877805,1.4707419359406202,138.46811552619934,4.955146716555818,138.5567482887769,162.75350952148438,1.1746343035005204,1.0,4238.48332963792,198560.3937300773,32807.21094823357,12282.99500961403,86.44815063476562,0.5652714663226243,grinding_specimen_163,specimen_163,20000,1.0,20.0,crack,0.92785,reject,crack,0.9278500000000001,500.0,batch_2,1.1102230246251565e-16
77.38240028152465,3.437206538375947,77.45870036424289,100.79158020019533,1.301229942230267,1.0,4519.552116409573,82070.9619083566,25051.740643698937,9568.81274993756,47.98818862133026,2.376840912130584,48.04701468226666,57.626583099365234,1.1993790557113266,1.0,4671.149549904952,36482.7283034708,12488.627304124,6447.038081056025,104.4956728038788,4.353464405972105,104.58631978929826,130.43722534179688,1.2471729152013225,1.0,4385.8799071470885,140858.73670374567,31383.691724189568,14985.92583547124,0.6234534144580364,0.03423458600984,0.6243926383924215,0.729045569896698,1.1676075678498048,138.0,4665.794453665769,9.591547939401323,0.4428309040536695,1.4544576276115668,138.64282593955994,4.9830700957686815,138.73234724492502,172.2449493408203,1.2415630007090592,1.0,4198.735522579063,201012.05532763756,33125.67394124949,12293.8722091378,86.53446960449219,0.5693474464295046,grinding_specimen_164,specimen_164,20000,1.0,20.0,crack,0.9325375,reject,crack,0.9325375,200.0,batch_3,0.0
76.73444970588685,3.410041245283918,76.81018261246236,88.37496948242188,1.1505631997818366,1.0,4481.714785318804,80267.23107080291,25135.82934380757,9374.687018918345,47.59818053684235,2.364970906109604,47.65689748404298,55.22982406616211,1.1589051529142194,1.0,4567.202015483635,35591.08034629489,12909.794966100018,6387.971165448611,103.60170441551207,4.29078693852912,103.6905203495044,120.8485336303711,1.165473306750058,1.0,4444.647074185654,136310.07450065517,30912.61317424836,14768.76201741356,0.6236767778456211,0.0338699673608884,0.6245957876202207,0.7300676107406616,1.1688641281464611,137.0,4743.925499898701,9.349607539042143,0.4254614232353815,1.4774761260584792,137.4726214996338,4.8975896415539255,137.55983442225653,157.4810028076172,1.1448182056123315,1.0,4218.863049050384,193146.25422060856,32850.13742725122,12068.851567216609,85.83301544189453,0.5699135951308941,grinding_specimen_165,specimen_165,20000,1.0,20.0,crack,0.9008375,reject,crack,0.9008375,200.0,batch_4,0.0
78.4710945652008,3.4497794901099983,78.54688829476997,98.6712646484375,1.25620844810739,1.0,4413.803812701444,83213.4248151558,24743.521753533267,9594.687061333992,48.663255982589725,2.389405639850289,48.72188155376188,58.01080703735352,1.1906520271254677,1.0,4512.709485421084,36655.27607655866,12814.26501195571,6589.713032595259,105.95938031539916,4.368087123680772,106.04937747079644,125.1093978881836,1.179727791637776,1.0,4537.742027909468,142082.92456837196,31452.272125885505,14868.962904531172,0.6237506001353263,0.0339542153864474,0.6246740749476395,0.7233728766441345,1.158000476816279,137.0,4605.965230209632,9.399967893328734,0.442570798738801,1.4542102406204762,140.58745998458863,5.007190719209173,140.67660027103597,166.6660614013672,1.1847461559367969,1.0,4235.972114441383,203452.56930185517,33211.92326043734,12130.975521058212,87.78800964355469,0.5675850626874145,grinding_specimen_166,specimen_166,20000,1.0,20.0,crack,0.9852625,reject,crack,0.9852625,1000.0,batch_5,0.0
77.17795626029968,3.452703353385436,77.25514929739772,90.12389373779295,1.1665745850914917,1.0,4501.960877526046,82787.3052035857,25297.22033926094,9746.283447832746,47.846023317527774,2.384503312394989,47.90540474046988,57.47908782958984,1.199845573604605,1.0,4530.582438303558,36491.92686845538,13009.177881729507,6416.185785697036,104.19177576408386,4.318611191988499,104.28123771561546,121.04347229003906,1.1607406561488631,1.0,4428.078097760064,138584.40063592113,30873.89881063409,14769.789791722238,0.6236150949567556,0.03409500092444,0.6245464400234468,0.7203834652900696,1.153450598906664,136.0,4694.6579187070565,9.49887780237937,0.4626457449420064,1.4480310348960377,138.25056336135864,4.964288547828732,138.33966325865893,158.30882263183594,1.1443487637803478,1.0,4208.412009778776,199566.7620540732,32950.42568636295,12070.483371230324,86.3113021850586,0.5681300134476626,grinding_specimen_167,specimen_167,20000,1.0,20.0,crack,0.9218375,reject,crack,0.9218375000000001,500.0,batch_0,1.1102230246251565e-16
76.58692732772828,3.4265345261897218,76.66354137634069,87.80448150634766,1.1453225344145816,1.0,4399.534580880178,81448.0408580075,25069.57258590664,9428.375214627313,47.49312066516876,2.3783167548723343,47.55263295657546,57.95806884765625,1.2188193427813538,1.0,4528.498286603191,35911.39307201507,13093.353118886758,6512.771009397967,103.39451301078796,4.363713275197082,103.48655620072654,124.66302490234376,1.2046301421079515,1.0,4425.177122982313,141561.2765250578,31849.62631718688,14906.708370671851,0.6235692767173052,0.0338466102048762,0.6244871783216241,0.721381664276123,1.1551584873446292,135.0,4587.9665274536665,9.341574683840603,0.4376082786708235,1.4533308110281975,137.19799414596557,4.972846137323614,137.28808686984422,159.6114044189453,1.1626020003488335,1.0,4189.713039968182,199870.89812312013,33292.8399989586,12358.11387140779,85.64708709716797,0.5622681753440826,grinding_specimen_168,specimen_168,20000,1.0,20.0,crack,0.8934125,reject,crack,0.8934125,200.0,batch_1,0.0
77.72984108695984,3.451669916695212,77.80644073994034,93.61013793945312,1.2031155396548074,1.0,4472.452738243023,83412.7514181018,25020.291209038343,9348.17461068336,48.19144994068146,2.3955509806023616,48.25095348162429,58.93978118896485,1.221525730292796,1.0,4536.419086803962,37144.84988714512,12603.546962127344,6671.740826283257,104.93515292243956,4.3508962845236265,105.02531417393838,124.66995239257812,1.1870466979618377,1.0,4428.994559349479,140092.12906718045,32082.852232082743,14738.518190455658,0.6234121615886689,0.0342875500987594,0.6243543539596976,0.7373098731040955,1.1809157226629818,135.0,4628.373407436922,9.611605581975349,0.4433813847963356,1.4797688347608575,139.2383684539795,4.999010983138184,139.3280781484324,163.38336181640625,1.172652088420732,1.0,4205.366338766275,202392.1997078588,33406.56997401159,12256.458517022293,86.90071105957031,0.5707070485794962,grinding_specimen_169,specimen_169,20000,1.0,20.0,crack,0.9492,reject,crack,0.9492,500.0,batch_2,0.0
76.65630205955506,3.449849505846234,76.7338915151495,90.46101379394533,1.1788925598291295,1.0,4397.790859754581,83044.06785968352,25181.516084134983,9385.586171126772,47.53894291267395,2.3958759728351997,47.59927851272204,57.50046157836914,1.2080112004849144,1.0,4616.323653713473,36675.1129577821,13098.506488653606,6627.189942993654,103.45236829109191,4.305226095479179,103.54191169168608,117.97692108154295,1.1394122356253151,1.0,4489.675506330612,137531.10218247105,30781.192393178128,14758.371169903725,0.623756950455904,0.0341670587178665,0.6246920210339486,0.7313795685768127,1.170784232790875,1.0,4546.143676118246,9.541030227643503,0.456237039339292,1.464987315425382,137.2954263973236,4.967371757221319,137.38525718503186,155.07931518554688,1.128791533844745,1.0,4230.576690090124,199417.5336459066,33064.187258615435,12350.414375293623,85.73611450195312,0.5723265062316651,grinding_specimen_170,specimen_170,20000,1.0,20.0,crack,0.8963,reject,crack,0.8963,500.0,batch_3,0.0
77.74780778846741,3.446062447649785,77.82414125646088,92.838134765625,1.1929220582041138,1.0,4380.907403334724,82904.11447988663,25025.514440695435,9367.151516357366,48.20452332553864,2.4005293090339013,48.264258100647616,57.808326721191406,1.1977460960995423,1.0,4482.817688276317,37434.34019792362,12830.318568741892,6384.181396487122,104.96611881637573,4.38047306355992,105.05748256851618,126.14369201660156,1.200711162427992,1.0,4462.388676507897,144122.05493497982,30704.997921250066,14685.57860719452,0.6238099651366472,0.0341593135925723,0.6247445328363432,0.7299090623855591,1.1683320525779848,1.0,4570.555378333712,9.526803508487475,0.4604955010435909,1.4611483358941542,139.2757801750183,5.036592505326202,139.36681888966515,162.94146728515625,1.1691553885157904,1.0,4206.809339583479,206906.32332613523,32649.218522205807,12183.1912564974,86.97942352294922,0.5684981638265908,grinding_specimen_171,specimen_171,20000,1.0,20.0,crack,0.950025,reject,crack,0.950025,200.0,batch_4,0.0
76.50841950416564,3.4047069367217846,76.58413859507957,89.56282806396484,1.1694696801057856,1.0,4430.73169600144,80334.73861472252,24816.763028797348,9337.368650934151,47.42835589542389,2.3726600139599063,47.48766638280759,56.53125762939453,1.1904408436010467,1.0,4535.932778126829,35834.84634276001,12913.22762007023,6590.339405672368,103.28516201667786,4.324228669576724,103.37564339049206,118.99701690673828,1.1511127089892723,1.0,4531.954459045486,139121.27048391668,30911.61231962605,14566.801589289083,0.6235536859750748,0.0340673540434934,0.6244836137999353,0.7430748343467712,1.1899028540160044,139.0,4640.767309351919,9.405457960306029,0.4606816220512748,1.4923679383061272,137.04836158981325,4.947623895722005,137.13764033505066,156.60638427734375,1.14196499148394,1.0,4259.021495252647,198043.7515604078,32982.00761909875,11837.420237650573,85.55208587646484,0.5640703659750731,grinding_specimen_172,specimen_172,20000,1.0,20.0,crack,0.889275,reject,crack,0.889275,500.0,batch_5,0.0
76.7726488609314,3.411742755260795,76.84841964381535,87.46681213378906,1.13817320563245,1.0,4487.490468409055,80519.30314530546,25038.88956496018,9443.89501714352,47.606087511444095,2.358999552464699,47.66449881238448,56.37523651123047,1.182751060346463,1.0,4565.977379684849,35527.916716496235,12615.644667899383,6462.903015551787,103.63928571243288,4.327738556224049,103.72960456877448,120.32750701904295,1.1600112380575385,1.0,4414.728001506343,138967.82658633398,31667.202806997582,14421.996827083763,0.6236973194241524,0.0337702969581136,0.6246109022531646,0.7253085970878601,1.1612166782095026,137.0,4632.257968615812,9.29739628365356,0.4537653193416079,1.4317371811052773,137.52495592765808,4.929648555197979,137.61328038304322,157.18565368652344,1.1422273580645776,1.0,4200.086849388896,195969.001815862,33401.891198761215,11858.825153753536,85.86841583251953,0.5674935843819116,grinding_specimen_173,specimen_173,20000,1.0,20.0,crack,0.90235,reject,crack,0.90235,200.0,batch_0,0.0
75.69891235275269,3.414706236893698,75.7758902954892,96.74213409423828,1.2766875284076624,1.0,4419.47646619491,81118.49602581568,24388.10877928488,9649.689440877524,46.92359394187928,2.371057830342471,46.98346074585393,57.57911682128906,1.2255188508302923,1.0,4607.045887769505,35970.43158068362,12807.90790535514,6477.038744281596,102.18348118782043,4.339369638112524,102.27557849515117,126.71027374267578,1.238910359707064,1.0,4500.694522066302,139999.1241979091,31415.83539936906,14739.32856470006,0.6234774215698242,0.0340782060211617,0.6244080551474148,0.7455739378929138,1.1940491986716817,136.0,4592.840744593483,9.508065799023226,0.4360637628988923,1.4501798738724676,135.5917482521057,4.960129948101002,135.68244205926004,165.92970275878906,1.2229268595145006,1.0,4238.27988621046,199071.7614386755,32781.93213330809,12410.850449517951,84.63467407226562,0.5696088398747442,grinding_specimen_174,specimen_174,20000,1.0,20.0,crack,0.8493125,reject,crack,0.8493125,200.0,batch_1,0.0
76.88767477989197,3.394274041478844,76.96255991926914,93.54141998291016,1.2154146130408294,1.0,4429.693414385566,79508.22384180268,24858.00942777749,9366.828354617375,47.66426140956879,2.345791138491819,47.72195041891242,56.45504379272461,1.1829995064567025,1.0,4559.268854026268,34695.10215634776,12920.664274258172,6411.454349073361,103.79055921516418,4.294424485991389,103.87936399431015,129.23562622070312,1.2440933526295157,1.0,4458.877457342707,135826.24891802997,31363.998306099267,14917.973351012206,0.6236084220141173,0.0338577771681401,0.6245268713848146,0.7200925946235657,1.1530209949603056,135.0,4592.903964112192,9.360604317763846,0.4480845300585047,1.4253042645250669,137.7228757965088,4.894070825992823,137.8098053365958,166.206298828125,1.2060556824833453,1.0,4211.635196287778,192248.60229886888,33119.76603317716,12210.936382538624,85.97855377197266,0.5637112148029426,grinding_specimen_175,specimen_175,20000,1.0,20.0,crack,0.9075875,reject,crack,0.9075875,1000.0,batch_2,0.0
77.03800889549255,3.427916965676753,77.11423622980107,92.09629821777344,1.1942839963210643,1.0,4434.09613131616,81457.4930925179,25095.582613634186,9511.716862515264,47.78057550506592,2.37681980392918,47.83965580954419,56.20557403564453,1.1748741307714698,1.0,4510.655813580558,36092.03997968481,12906.557197125758,6490.412940564834,104.02200681648254,4.332899063411513,104.11220829673172,144.0889129638672,1.3839771081715726,1.0,4419.579669140755,138790.04185521437,31266.679939939662,15433.285627731628,0.6235052448868752,0.0339969967659385,0.6244314103170543,0.7193896174430847,1.1520714774386758,138.0,4668.330413524347,9.391688792138725,0.4453035313325195,1.4954880110845123,138.02168338813783,4.960334473214243,138.11078887393813,176.87905883789062,1.2807041381780722,1.0,4188.268605511689,198489.97563065187,33017.219186572394,12736.785184051094,86.15319061279297,0.5689354209943283,grinding_specimen_176,specimen_176,20000,1.0,20.0,crack,0.915525,reject,crack,0.915525,1000.0,batch_3,0.0
76.37415624427796,3.3922252367957744,76.44945345836382,89.97542572021484,1.1769269975123835,1.0,4505.934466961268,79440.73633428007,24934.481921566377,9253.535819855442,47.34437611675263,2.36626084327564,47.40347181655533,56.08697509765625,1.1831828545112653,1.0,4577.358520893316,35455.4058573568,12921.98140588752,6601.561702933641,103.1135210723877,4.318271419891754,103.20390349207533,120.26534271240234,1.1653177703848878,1.0,4422.796399528027,137250.64177045444,31900.59415099166,14956.304947700077,0.6235692655086518,0.034016661076395,0.6244964068093473,0.7188071012496948,1.1510187943629588,134.0,4669.039720655919,9.43353731296005,0.4454171956128446,1.4708504052070013,136.81547824363707,4.9171810573064905,136.90381206009374,157.2405548095703,1.148547673314968,1.0,4231.732438499965,194001.47165522355,33576.0104650817,12186.134429471656,85.40747833251953,0.5592683368326964,grinding_specimen_177,specimen_177,20000,1.0,20.0,crack,0.8823,reject,crack,0.8823,1000.0,batch_4,0.0
76.24769323387146,3.4169047023678165,76.32421608658441,87.36804962158203,1.1446963244597124,1.0,4456.149870446591,80916.28091859574,25122.88864753124,9315.203654551491,47.26639015846253,2.365832209932284,47.325561810268624,56.816349029541016,1.2005425156350304,1.0,4564.892180141476,35444.33174191496,12978.619410167385,6598.932252082201,102.90727642974852,4.3082970781467145,102.99742213231475,122.22535705566406,1.1866836521272182,1.0,4407.001018824128,137510.64050626263,30956.83744851532,14802.874926926212,0.6236082286000252,0.0339647432844629,0.6245324863960566,0.728863537311554,1.167054641973155,135.0,4625.123917573809,9.38505249963676,0.4415172235988222,1.4879176736624589,136.56268135871886,4.919125600125623,136.65124857297425,159.2778778076172,1.1655793816077715,1.0,4211.937522804892,194836.6562310065,33002.85502293911,12166.064423197591,85.2557144165039,0.5631881851248032,grinding_specimen_178,specimen_178,20000,1.0,20.0,crack,0.8761875,reject,crack,0.8761875,200.0,batch_5,0.0
76.96835511665344,3.421791762125731,77.04437908262109,92.95115661621094,1.2064625313746988,1.0,4453.675824467454,81304.96057133432,24914.70702090737,9395.03480776028,47.71816560268402,2.379956713028889,47.77747923908363,56.44815444946289,1.1814803825666538,1.0,4546.14377576194,36102.95226585714,13006.710401811166,6547.050426202703,103.91351649284364,4.317261195195336,104.00316175067,122.56330108642578,1.1784574528633138,1.0,4495.985132447836,138402.9580106455,31009.580502702065,14692.107735919735,0.623618387144804,0.0339041766272862,0.6245393390154546,0.7345229387283325,1.176103558002063,1.0,4588.662207971157,9.326644062176705,0.4458788152430507,1.493741583343269,137.87887943840028,4.959447774577587,137.96804527649755,160.66952514648438,1.1645415779029955,1.0,4239.345516234072,198928.892294058,33009.71178219203,12178.544117237312,86.08003997802734,0.5723034678212551,grinding_specimen_179,specimen_179,20000,1.0,20.0,crack,0.9117875,reject,crack,0.9117875,500.0,batch_0,0.0
