experiment_tag,dataset_tag,window_start,window_end,tool_wear,wear_stage,force_z_mean,force_z_std,force_z_rms,force_z_peak,force_z_crest_factor,force_z_dominant_frequency_hz,force_z_spectral_centroid_hz,force_z_bandpower_low,force_z_bandpower_mid,force_z_bandpower_high,vibration_x_mean,vibration_x_std,vibration_x_rms,vibration_x_peak,vibration_x_crest_factor,vibration_x_dominant_frequency_hz,vibration_x_spectral_centroid_hz,vibration_x_bandpower_low,vibration_x_bandpower_mid,vibration_x_bandpower_high,vibration_y_mean,vibration_y_std,vibration_y_rms,vibration_y_peak,vibration_y_crest_factor,vibration_y_dominant_frequency_hz,vibration_y_spectral_centroid_hz,vibration_y_bandpower_low,vibration_y_bandpower_mid,vibration_y_bandpower_high
W1,nuaa,0.0033,31.1883,0.11908967151802738,low_wear,226.087609375,154.25136030413327,273.69524889661153,696.21,2.5437416352923012,0.21875,0.5144916933184447,761494.5140375625,0.0,0.0,1.51323125,4.186599877319713,4.451683653265357,10.066,2.261166961541951,0.1875,0.5580006428144885,565.08545871,0.0,0.0,1.8276828125,4.307784301578172,4.679468992528025,10.331,2.207729128346848,0.1875,0.5600660612193736,598.5073942025,0.0,0.0
W1,nuaa,15.8433,47.0283,0.12060785223893335,medium_wear,282.833796875,176.8898026575426,333.59400315196484,653.14,1.9578889123569458,0.9375,0.5302380798872983,1030618.6981939374,0.0,0.0,2.617890625,4.106512335597217,4.869989208086092,11.574000000000002,2.3765966423052074,0.1875,0.5048216269186449,554.2311265050001,0.0,0.0,2.9771328125,4.244954202530293,5.184877622938052,12.225,2.357818426787208,0.1875,0.5041210677094702,590.81555717625,0.0,0.0
W1,nuaa,31.6833,62.8683,0.1221123849456769,medium_wear,314.907803125,187.24749726898384,366.3721464610975,767.98,2.0961746339566414,0.3125,0.5000163009735298,1126324.8326777427,0.0,0.0,3.6960218750000005,4.080318883581158,5.505413689468531,12.035,2.1860300930740424,0.4375,0.46449501262094756,534.6011560475001,0.0,0.0,4.10730625,4.226551844954222,5.893530786326225,12.737,2.161183246815565,0.4375,0.4618813621872243,573.1948384187499,0.0,0.0
W1,nuaa,47.5233,78.70830000000001,0.12360044409512322,medium_wear,295.843490625,177.8691792392197,345.19677847340654,767.98,2.224760043811255,0.28125,0.48601962589299463,1013404.5337008302,0.0,0.0,2.5106843750000003,4.106173316187269,4.812919626737756,12.035,2.5005611839309774,0.03125,0.43384048854330565,541.8695796821876,0.0,0.0,2.8915468750000004,4.254711354449058,5.144279545281341,12.737,2.4759540938406395,0.03125,0.4348028846095631,582.520774835,0.0,0.0
W1,nuaa,63.3633,94.54829999999998,0.12506984476912392,medium_wear,252.77943750000003,171.32223540466396,305.36658685400977,624.43,2.0448537164235607,0.125,0.4832511911581788,946906.5417286664,0.0,0.0,1.289234375,4.135693222885174,4.331983807391251,11.816,2.7276186905037565,0.4375,0.5172769036068855,558.3730799271876,0.0,0.0,1.6100578125,4.260169875640403,4.5542654214380445,12.485,2.7413861171178215,0.4375,0.5175739478966083,593.395268009375,0.0,0.0
W1,nuaa,79.2033,109.9065,0.12651090522141162,medium_wear,200.63098437500003,219.18046265500976,297.1411568614244,710.56,2.391321375690069,0.125,0.45982612789009536,1583535.4476797597,0.0,0.0,1.7866749999999998,4.30707346230448,4.662948569876415,11.816,2.534018941648582,0.28125,0.5109908787160393,597.05478722125,0.0,0.0,2.1092703125,4.428491714055972,4.905156481974479,12.485,2.545280674710381,0.28125,0.5109433048023677,631.0499197874999,0.0,0.0
W1,nuaa,95.0433,125.7465,0.12792081923223214,medium_wear,87.13821875000001,228.56985314597134,244.6165303778421,710.56,2.90479142559355,0.03125,0.4446159245795102,1671929.9164305935,0.0,0.0,2.148959375,3.732010966109573,4.306498838565093,8.5682,1.9895976572130891,0.3125,0.45864111327927964,446.00192453843755,0.0,0.0,2.4737296875,3.8373036187813447,4.5655489954145985,9.0379,1.9795866847726746,0.3125,0.4581046990839264,471.5302184100001,0.0,0.0
W1,nuaa,110.4015,141.5865,0.12932485027438811,medium_wear,7.177484375000002,173.0780698749115,173.2268297740801,401.93,2.3202525874553683,0.15625,0.47263506323737414,958824.4278114376,0.0,0.0,1.6769296875,3.7420090729980737,4.100576188686018,9.8353,2.3985165858243955,0.4375,0.5148593318051284,448.10329436312503,0.0,0.0,1.937309375,3.851022808120215,4.310863519426821,10.335,2.397431501467288,0.4375,0.5148512511824763,474.645675835,0.0,0.0
W1,nuaa,126.2415,157.4265,0.1307332974282761,medium_wear,3.140046874999994,178.21959741429512,178.24725747368635,401.93,2.2549014537255068,0.0625,0.4808049985509561,1051653.3491239378,0.0,0.0,1.5193921874999998,3.573090355101619,3.8827216363211323,9.8353,2.533094288293847,0.40625,0.5423664130196663,408.87392855437497,0.0,0.0,1.7510953125000002,3.692530922451331,4.086700307915758,10.335,2.5289351362470995,0.40625,0.542794346726291,436.56034395437496,0.0,0.0
W1,nuaa,142.0815,173.2665,0.1321439377290704,medium_wear,25.121125,189.0127369008915,190.67481645993854,445.0,2.333816328038769,0.78125,0.5252474859504713,1189751.0003247815,0.0,0.0,1.23091875,3.9627499596584994,4.149523853633691,9.5989,2.3132533607667667,0.625,0.4740609206779667,503.97501959656245,0.0,0.0,1.454825,4.1260363549279955,4.375007632314771,10.133,2.316110245192586,0.625,0.47499491636024355,546.7861516012501,0.0,0.0
W1,nuaa,157.9215,189.1065,0.13357567693075417,medium_wear,58.316578125,191.32951877208177,200.01951914192182,445.0,2.224782870737004,0.25,0.5527032628352182,1209602.2666110003,0.0,0.0,1.3964124999999998,4.2299049112945495,4.454443110956745,9.0527,2.032285467454454,0.09375,0.45685701042637666,576.14858328625,0.0,0.0,1.5894468750000001,4.396807601188075,4.675281643956063,9.586,2.0503577602415106,0.09375,0.459663434800135,623.2039219996875,0.0,0.0
W1,nuaa,173.7615,204.9465,0.13506422766606643,medium_wear,9.868625,184.17830302712946,184.44250341324192,430.64,2.3348197515794644,0.21875,0.4952079937605548,1087353.5035517814,0.0,0.0,1.9228640625000002,3.725779848667893,4.1927129264467595,8.4879,2.0244410120378373,0.125,0.4663015961336713,446.94446668250004,0.0,0.0,2.1531359375,3.8405375401907933,4.402922093674694,8.9139,2.024541840702984,0.125,0.46749918047842415,474.9032934025001,0.0,0.0
W1,nuaa,189.6015,220.3938,0.1366586689795804,medium_wear,-14.130265624999996,193.9516455234592,194.46569159594867,430.64,2.214478021628426,0.5625,0.5339238105484764,1216218.8383199999,0.0,0.0,2.2644406249999998,3.689074612865279,4.328621355979003,10.732,2.4793113366629287,1.0,0.5291037597732161,463.3347983384375,0.0,0.0,2.5362921875,3.8006554440609603,4.569218736813084,11.282,2.469131081229198,1.0,0.5284666092498151,492.03697726562507,0.0,0.0
W1,nuaa,205.4415,236.2338,0.1382258856765765,medium_wear,57.64391875,199.9356313081904,208.07949931567322,509.6,2.4490639475583134,0.03125,0.48623285887990636,1279820.24681991,0.0,0.0,2.0814140625000004,3.8660059270626443,4.39070453659276,10.732,2.4442546544769694,0.78125,0.514872062665576,485.1381184225,0.0,0.0,2.3676984375000005,3.980633285769842,4.631569630991069,11.282,2.4358912634086565,0.78125,0.5169863675912472,514.311649519375,0.0,0.0
W1,nuaa,220.8888,252.0738,0.13960614559652948,medium_wear,146.688078125,197.72826805815038,246.1988226074241,538.3,2.1864442498100214,0.375,0.46785097907882683,1251499.0438295498,0.0,0.0,2.4153296875,5.272752723900477,5.799632642393719,18.923,3.26279286409937,0.46875,0.5337087376350274,917.67063199125,0.0,0.0,2.676975,5.390912231217227,6.018980797054639,18.98,3.153357792616281,0.46875,0.5352417796117321,960.7372540428125,0.0,0.0
W1,nuaa,236.7288,267.9138,0.14080116640090048,medium_wear,177.4164625,187.59031590161734,258.1990081043738,567.01,2.1960192804876817,0.125,0.47375717570870557,1156298.967989715,0.0,0.0,1.870396875,5.771526461024218,6.067034049707691,18.923,3.1189869456743375,0.4375,0.5422809319557352,1113.6207701925,0.0,0.0,2.1088750000000003,5.888301286741152,6.254554005607634,18.98,3.03458887443983,0.4375,0.5424790229650839,1163.2523246153128,0.0,0.0
W1,nuaa,252.5688,283.7538,0.14182983068485305,medium_wear,206.125859375,163.49010473206275,263.09101894284254,567.01,2.155185693066873,0.21875,0.4599655817282851,859515.4419060725,0.0,0.0,1.5748,4.702106688695505,4.958810578341846,11.363,2.291476921830642,0.4375,0.5136085364540836,709.67464264125,0.0,0.0,1.81929375,4.810503504957765,5.14303156902619,11.943,2.3221712407768385,0.4375,0.5167633108006977,743.3761243365625,0.0,0.0
W1,nuaa,268.4088,299.5938,0.1427500009139857,medium_wear,164.85549375,192.1629758087714,253.18756504070012,624.43,2.4662743602736663,0.03125,0.49066924119242455,1192741.72552089,0.0,0.0,2.4447078125,4.165407075818966,4.829825296610763,11.363,2.352673089019134,0.6875,0.5197809638186212,559.789244449375,0.0,0.0,2.6881031250000005,4.2920188057664355,5.064318694522245,11.943,2.358263908809292,0.6875,0.5209690866674742,594.639509645,0.0,0.0
W1,nuaa,284.2488,315.4338,0.1436441777436991,medium_wear,144.44489687499998,183.02140547067847,233.1548049980782,624.43,2.6781777026004114,0.03125,0.49003302634192847,1072825.8113293524,0.0,0.0,1.4033640625000001,4.328532099676199,4.550342935410885,10.880999999999998,2.391248342036768,0.8125,0.5068318099689664,600.32095937375,0.0,0.0,1.633065625,4.454761335295457,4.7446603555997555,11.433,2.4096561488340287,0.8125,0.5065190709604467,635.9139369799999,0.0,0.0
W1,nuaa,300.0888,331.2738,0.1445774629796066,medium_wear,180.556046875,159.93522177501953,241.20481178316464,452.18,1.8746723859161452,0.34375,0.5177146370325977,818667.1942998852,0.0,0.0,0.07104374999999985,4.817694172458017,4.8182179645331535,11.328,2.351076701673788,0.25,0.4799269584943316,743.6611410740625,0.0,0.0,0.2459015624999999,4.948601889249003,4.954707684285598,11.903,2.4023617049602497,0.25,0.48025307045964677,784.8010785243749,0.0,0.0
W1,nuaa,315.9288,346.7574,0.14556792674757918,medium_wear,131.436,188.5383103778878,229.83062584466143,581.37,2.5295584427157154,0.6875,0.47311063482864013,1138273.493424121,0.0,0.0,1.011853125,4.7822944896372945,4.888168095737655,11.328,2.3174325796769746,0.03125,0.45312559943284275,732.5043518596874,0.0,0.0,1.2545,4.9333555040535035,5.090360181693924,11.903,2.3383414090825743,0.03125,0.4509190250271026,779.4813719428125,0.0,0.0
W1,nuaa,331.7688,362.5974,0.1466164500453136,medium_wear,80.29700625000001,176.6445865648059,194.03844767304173,581.37,2.996158786941127,0.21875,0.474722714355429,1008808.7319906189,0.0,0.0,2.3644156250000004,3.9473761134858125,4.601330180400283,10.574000000000002,2.298031131310846,0.1875,0.45528253310756783,502.4627062475001,0.0,0.0,2.6869781250000004,4.062452007503778,4.870663995545166,11.113,2.28161909960618,0.1875,0.4553352141380829,532.248281925,0.0,0.0
W1,nuaa,347.2524,378.4374,0.14772906714219175,medium_wear,72.895196875,145.0382151215779,162.3261949689517,337.34,2.0781611992107827,0.09375,0.4881069605360065,673285.09390715,0.0,0.0,1.6410937499999998,4.040693953003115,4.361237934133495,10.053,2.3050794640942613,0.15625,0.47666704574793295,525.8143418987501,0.0,0.0,1.897475,4.139703460582956,4.553850691139039,10.602,2.3281395722151266,0.15625,0.47711291536608436,552.2678583100001,0.0,0.0
W1,nuaa,363.0924,394.2774,0.1488995674657853,medium_wear,67.96107500000001,178.24139749038557,190.75823309750288,437.82,2.2951565072224986,0.5,0.5087655340502929,1019899.9200923402,0.0,0.0,1.04279375,4.242772314473278,4.369042883458572,11.402,2.6097248995125626,0.84375,0.48012541344167564,581.3327654600001,0.0,0.0,1.28383125,4.343265127753651,4.529036834519841,11.985,2.646258009793957,0.84375,0.4804760012930625,609.94664808375,0.0,0.0
W1,nuaa,378.9324,410.1174,0.1501258006844397,medium_wear,32.97115937500001,198.6815132300316,201.3987116391435,437.82,2.173896726730133,0.15625,0.517270885235475,1276510.1368672648,0.0,0.0,0.7029968750000002,4.6609547042078985,4.7136719615324845,11.402,2.418920979875112,0.46875,0.5322323644961345,699.0645795546875,0.0,0.0,0.9629640625,4.794898388859742,4.8906390528392345,11.985,2.450599987141184,0.46875,0.5326898070504282,739.6562956075,0.0,0.0
W1,nuaa,394.7724,425.9574,0.1514153311147321,medium_wear,29.158093750000006,189.35237574631182,191.58422855732738,394.76,2.0605036383873148,0.21875,0.5220279694129564,1147344.7347448436,0.0,0.0,1.20814375,4.658346596160587,4.812463436809157,14.581,3.0298412011765326,1.0,0.5659890498728132,741.02437872375,0.0,0.0,1.5089093750000004,4.791446643392224,5.023421984906056,15.022,2.99039181759701,1.0,0.5657159345861649,783.0274602700001,0.0,0.0
W1,nuaa,410.6124,441.7974,0.15277964780738967,medium_wear,30.279634374999997,208.63301066833705,210.81885446614618,624.43,2.9619267289030473,0.25,0.5027006203208348,1393893.4269463173,0.0,0.0,1.8284562500000003,4.20092912735813,4.5815999161046355,14.581,3.1825127176091463,0.5625,0.5690817991939149,578.6353373790625,0.0,0.0,2.1562109375,4.3289075139230135,4.836185053437652,15.022,3.1061673269351178,0.5625,0.5697004772717518,613.97808697,0.0,0.0
W1,nuaa,426.4524,457.61099999999993,0.1542358050543103,medium_wear,27.363562499999997,228.81584323558891,230.4462077542284,839.76,3.6440608339088256,0.0625,0.46776113453480445,1675575.0081906465,0.0,0.0,2.1562046875,3.9669480278227467,4.515074230823204,7.8370000000000015,1.7357411194923216,0.59375,0.5139584360123759,503.85449999375,0.0,0.0,2.43445625,4.11012644193715,4.776998702310374,8.1943,1.7153657580097026,0.59375,0.5153468219826609,540.8951024115626,0.0,0.0
W1,nuaa,442.2924,473.451,0.1558022675503907,medium_wear,80.521146875,209.81042323756594,224.73110330613312,839.76,3.736732422196417,0.59375,0.45526647226985884,1412518.7005341526,0.0,0.0,1.6512640625000001,5.000785307528183,5.266358010626865,10.933,2.0760077415812876,0.1875,0.5044452806969435,800.8508443312502,0.0,0.0,1.8479234374999998,5.12929883490248,5.45202050331744,11.374,2.086199050990208,0.1875,0.5052047719272925,842.6526909668751,0.0,0.0
W1,nuaa,458.106,489.291,0.1574891391347071,medium_wear,142.87486875,182.8989944475065,232.08892754769397,739.27,3.185287673183293,0.34375,0.4747721134009917,1080512.44060739,0.0,0.0,1.4137890624999998,5.218429654452968,5.406552281419162,10.933,2.0221759507576986,0.21875,0.5166448153380713,872.7110067437501,0.0,0.0,1.5515265624999999,5.346938703280428,5.567493886012023,11.374,2.0429299488907313,0.21875,0.5190758082620188,916.3224931431251,0.0,0.0
W1,nuaa,473.946,505.1309999999999,0.15927348824437781,medium_wear,189.97680625,200.6343298704822,276.3065711045025,739.27,2.67554259402828,0.15625,0.48308968636211014,1297676.9023213235,0.0,0.0,2.2046609375,4.007903860756627,4.574256574177519,9.6047,2.0997291787741457,0.6875,0.5081710569687763,514.092379151875,0.0,0.0,2.3612890625,4.145225216744758,4.770595155137224,10.022,2.100786101962098,0.6875,0.5078860984007503,549.910045765,0.0,0.0
W1,nuaa,489.786,520.9709999999999,0.161093370443765,medium_wear,223.39681249999998,203.4018404853797,302.1232274221894,667.5,2.2093633968342004,0.65625,0.5220597593135936,1325362.6998034064,0.0,0.0,1.413628125,4.0728792752896545,4.311228370995325,8.2348,1.9100820674222014,0.84375,0.544399787230395,534.8249318675,0.0,0.0,1.5723015625000003,4.219469204084361,4.502893799286882,8.5406,1.8966914123874217,0.84375,0.5448516849866616,573.856359686875,0.0,0.0
W1,nuaa,505.6259999999999,536.811,0.162881096216879,medium_wear,243.35846875000001,209.26960556151965,320.96278931399314,667.5,2.079680331251716,0.8125,0.5398568157452583,1402110.5742244688,0.0,0.0,0.2850609374999999,4.67111874075075,4.6798087597979094,8.5368,1.8241771059825633,0.875,0.5610909686664574,721.0936199587501,0.0,0.0,0.39475624999999986,4.836851596431137,4.852933737731487,8.5406,1.7598839097259793,0.875,0.5596654943418788,773.5745404287501,0.0,0.0
W1,nuaa,521.4659999999999,552.651,0.16459463996936874,medium_wear,270.7222625,219.98726804536005,348.8336874718094,667.5,1.9135193187267592,0.71875,0.5327497956985983,1559183.178433955,0.0,0.0,0.683753125,4.289546743755713,4.3436999899639135,8.5368,1.9653291018542285,1.0,0.5753905800020002,615.7381384225,0.0,0.0,0.807928125,4.404993792080925,4.478472748989046,8.4873,1.8951326659106928,1.0,0.5741236087128553,651.3667480525,0.0,0.0
W1,nuaa,537.306,568.3854,0.16622556159536372,medium_wear,260.85369375,221.39801147841177,342.1428488652273,653.14,1.9089687309445327,0.0625,0.506683804052865,1573776.78991099,0.0,0.0,1.2841125,4.31971966330354,4.506542231266395,10.84,2.405391860036741,0.90625,0.5181437958881832,597.1423269703124,0.0,0.0,1.453490625,4.410106599785839,4.643455094909124,11.214,2.4150120483117257,0.90625,0.5158374227492809,622.4038190071875,0.0,0.0
W1,nuaa,553.146,584.2254,0.16778188702551022,medium_wear,197.37834375,213.2789550832561,290.5961514936128,638.79,2.1982052987169043,0.15625,0.47345427048697486,1457937.7926897402,0.0,0.0,1.5330984375,4.269231053805687,4.536157471896644,10.84,2.38968776264013,1.0,0.5506310205434586,608.799194649375,0.0,0.0,1.7455531249999998,4.382684225055774,4.717507469919894,11.214,2.3771027542623946,1.0,0.5493691413068709,642.5436522250001,0.0,0.0
W1,nuaa,568.8804,600.0654000000001,0.16927824471151995,medium_wear,179.65925,188.98706356039293,260.7557406918254,552.66,2.119454776081659,0.875,0.5212406336922614,1146471.7981961651,0.0,0.0,1.7147390625,3.7890043476410624,4.158952271775458,9.4151,2.263815351740185,0.5,0.5559858528054422,467.658277418125,0.0,0.0,1.9572578125000002,3.903995164964215,4.367154267100745,9.8482,2.255061167449438,0.5,0.5552557295672647,496.89772726,0.0,0.0
W1,nuaa,584.7204,615.9054,0.17072182873047714,medium_wear,198.49990625,157.49550988770667,253.39109774427257,552.66,2.1810553129919175,0.40625,0.5611326919105335,794117.0027577388,0.0,0.0,1.9273968750000003,4.642491436784265,5.026687324110681,12.86,2.5583449239654437,0.53125,0.5338455085733992,696.0028914009376,0.0,0.0,2.182725,4.774596352278117,5.249862736568691,13.416,2.5554953859172125,0.53125,0.5332538976156513,735.8468965953125,0.0,0.0
W1,nuaa,600.5604000000001,631.7454,0.17211303433926634,medium_wear,200.2938375,162.2853649241471,257.7870458518814,523.95,2.032491579507257,0.90625,0.545616233690615,842964.0064800399,0.0,0.0,1.5966640625,5.177200062937229,5.417816591594463,12.86,2.373649934911381,0.53125,0.5012873649806374,875.6709606575001,0.0,0.0,1.8575171875,5.296294409849054,5.612584482897006,13.416,2.3903426382056283,0.53125,0.5015332659599565,915.5583872225,0.0,0.0
W1,nuaa,616.4004,647.5853999999999,0.17346115369777787,medium_wear,200.966659375,205.96750472632414,287.7676340096913,538.3,1.8706064768280068,0.0625,0.5315049055942836,1366821.9602318301,0.0,0.0,2.3337343750000006,4.947789533349045,5.470551836823685,12.589,2.301230364962492,0.4375,0.4689182016565442,783.6310083671874,0.0,0.0,2.5899140625,5.048546848068858,5.674106108302985,13.193,2.3251239487211084,0.4375,0.4696584438051308,815.7098501443749,0.0,0.0
W1,nuaa,632.2404,663.4253999999999,0.17478064888962333,medium_wear,190.874009375,197.52805261444647,274.6820325841192,638.79,2.3255616466445637,0.96875,0.5188190457293897,1254158.6719349674,0.0,0.0,2.9383234375000002,4.837690727497928,5.660123337726948,12.589,2.2241564801405236,0.09375,0.4974328985578171,748.9060657287501,0.0,0.0,3.214940625,4.964738461475046,5.914767215463766,13.193,2.2305188893161807,0.09375,0.4985471749208259,788.7921955521875,0.0,0.0
W1,nuaa,648.0803999999999,678.9354000000001,0.17607088817596425,medium_wear,188.4069,185.67852736941273,264.52537778762127,789.51,2.9846285698677715,0.53125,0.5310390876973164,1106364.9059759802,0.0,0.0,1.7718812499999999,4.851394321734829,5.164841723524788,12.122,2.3470225514920995,0.96875,0.49465389583701025,755.9286399940625,0.0,0.0,2.0285828125,5.002120780964894,5.397810716812072,12.693,2.3515089109120226,0.96875,0.4937690891664839,803.9711963643751,0.0,0.0
W1,nuaa,663.9203999999999,694.7754,0.17729054635389824,medium_wear,184.593796875,172.69419006351404,252.7808401094155,789.51,3.123298425854834,0.28125,0.5258527589782857,979498.9361954377,0.0,0.0,1.2454296875000002,4.369207246160326,4.543244112570472,10.687,2.3522839044529174,0.875,0.5557311274135552,626.34000348875,0.0,0.0,1.4790953125,4.497537708062799,4.734508251012586,11.22,2.369834290097676,0.875,0.5556227847359237,664.5094530256251,0.0,0.0
W1,nuaa,679.4304000000001,710.6154,0.1783575055887149,medium_wear,158.127484375,146.380134585007,215.47957006614484,559.84,2.5981117366632405,0.71875,0.469616442896002,686674.682467625,0.0,0.0,1.5292625,4.029075316546745,4.309534974949444,10.343,2.400026931008104,0.625,0.524233075532057,521.5959457162502,0.0,0.0,1.7905156249999998,4.149667828130146,4.519478873408692,10.874,2.406029611949173,0.625,0.5225724522715867,553.2058603324999,0.0,0.0
W1,nuaa,695.2704,726.4554,0.17917101784843276,medium_wear,124.70759375,170.31931981113803,211.09394742588844,559.84,2.65208930349152,0.125,0.4721516737790566,933693.2652422186,0.0,0.0,1.96724375,3.7604200409443544,4.243914096238283,11.16,2.6296479492579716,0.625,0.5320942183464553,452.7473805115626,0.0,0.0,2.2424984375,3.9020308928289262,4.50051600716865,11.697,2.5990353064778406,0.625,0.5317435143752314,487.54415936000004,0.0,0.0
W1,nuaa,711.1104,742.2954,0.1796995266712939,medium_wear,149.82840625,178.8755739198269,233.3345715160154,531.13,2.2762593496075434,0.28125,0.4781621806686853,1029302.2486252188,0.0,0.0,1.7348703125,3.871907805134622,4.242810984790184,11.16,2.6303316456959456,0.90625,0.4995611309797631,480.51858711562505,0.0,0.0,2.0146921875,4.013505498676651,4.49079180081656,11.697,2.604663168279842,0.71875,0.5015835318929525,516.6221523837501,0.0,0.0
W1,nuaa,726.9504000000001,758.1353999999999,0.18003141997594632,medium_wear,207.920484375,173.48685655412345,270.7925723127679,574.19,2.1204052795687667,0.96875,0.5399393725594246,982252.6845770627,0.0,0.0,2.4469921875000002,3.7954456789233215,4.515880718901214,9.9111,2.1947213881263736,0.78125,0.5036324897765745,468.0108199875,0.0,0.0,2.7458484375,3.903019845060368,4.772132390520642,10.457,2.191263599637716,0.78125,0.5038200685777581,494.82415862875007,0.0,0.0
W1,nuaa,742.7904,773.9753999999999,0.1803046596323661,medium_wear,220.48095312499998,175.61513963204362,281.8732480369335,574.19,2.0370503550757846,1.0,0.5479568301680386,1057221.907163125,0.0,0.0,3.3469499999999996,4.524298376716826,5.627730457658975,12.508,2.2225655784522202,0.84375,0.5448500162780108,655.0168261253125,0.0,0.0,3.6448359375000003,4.65303374431561,5.910630426361577,13.123,2.22023693808888,0.84375,0.5458956769406318,692.8231985675001,0.0,0.0
W1,nuaa,758.6303999999999,789.5778,0.18062567596410883,medium_wear,178.31359375,190.51931453068272,260.9470193837846,559.84,2.145416342834797,0.8125,0.5339143628785544,1162104.609881844,0.0,0.0,2.9221531250000004,4.493584011988953,5.360156355811834,12.508,2.3335140189405115,0.9375,0.5394581068192478,665.21774462,0.0,0.0,3.2367328124999997,4.606810721131224,5.6301993143976485,13.123,2.33082334517743,0.9375,0.5409961307875728,699.0359515481249,0.0,0.0
W1,nuaa,774.4703999999999,805.4178,0.18103287322837486,medium_wear,143.32374375,197.04400065629207,243.6555636901249,509.6,2.091476969711624,0.90625,0.5525525997091941,1247673.1197067304,0.0,0.0,2.2871390624999997,3.630520211416729,4.290883603259211,10.661,2.484569842887899,0.78125,0.5170051147328203,431.42710008562506,0.0,0.0,2.59745,3.6841297685562733,4.50772211366922,11.132,2.469539984783737,0.78125,0.5175769601763938,444.81383830125,0.0,0.0
W1,nuaa,790.0728,821.2578000000001,0.181524891234204,medium_wear,152.744015625,178.82158646663825,235.17630428190597,509.6,2.1668849740454386,0.9375,0.5687033611068018,1024816.5297637527,0.0,0.0,2.20583125,3.6700355570857126,4.281921588930605,10.99,2.566604682442285,0.9375,0.5626604903434045,431.01803240875,0.0,0.0,2.4943124999999995,3.7509264021330453,4.504558105061472,11.461,2.544311724411333,0.9375,0.562517235819051,450.2224047003125,0.0,0.0
W1,nuaa,805.9128000000001,837.0978,0.18209058938585632,medium_wear,161.042996875,177.42214383584738,239.61106812037997,509.6,2.1267798854098774,0.75,0.5272757739078616,1007547.4059152601,0.0,0.0,2.0674953125,3.339699465213416,3.9278657544723,10.99,2.797957131678112,0.9375,0.6083552600769067,358.086615759375,0.0,0.0,2.3364703125000004,3.4573085758053765,4.1727779846921225,11.461,2.746611500071366,0.9375,0.6062697153535752,383.57396431312503,0.0,0.0
W1,nuaa,821.7528000000001,852.9378,0.182725157199587,medium_wear,138.165053125,175.50677783041687,223.36564411173302,509.6,2.2814609741195717,0.78125,0.49699731139084713,989393.4843133925,0.0,0.0,2.2709890625,3.1530055576543345,3.8857219880729694,11.322,2.9137442243043417,0.90625,0.5263072247563088,318.8226602637499,0.0,0.0,2.5250921875000003,3.2447827675894136,4.1115332619618625,11.829,2.877028895628018,0.90625,0.5286830237801639,337.78008550875,0.0,0.0
W1,nuaa,837.5928,868.7778000000001,0.1834384134293644,medium_wear,135.921915625,149.65264739733058,202.16498712734452,452.18,2.236687996399545,0.5,0.48561482101267256,722464.90173103,0.0,0.0,3.1037109375000003,3.733194060432584,4.854869666263581,11.322,2.332091441851964,0.5,0.5088503525361936,446.118691635625,0.0,0.0,3.3901343749999997,3.8225699540369256,5.109310338398178,11.829,2.3151852630874865,0.5,0.5087565767948808,467.7195534234375,0.0,0.0
W1,nuaa,853.4328,884.6178000000001,0.18424005505119723,medium_wear,134.127853125,177.725668080986,222.6582450275632,538.3,2.4176064081227397,0.65625,0.49981425699026993,1014789.8182372274,0.0,0.0,3.4348,4.284470207257252,5.491314596421789,12.993,2.366100097136377,0.5,0.5294856292599459,600.446983745,0.0,0.0,3.7314218749999997,4.385226872176511,5.7579270514385215,13.519,2.347893587262886,0.5,0.5291347562106777,628.7414044559375,0.0,0.0
W1,nuaa,869.2728000000001,900.4578,0.1851329062334817,medium_wear,140.407984375,179.11957436289697,227.59223184501624,538.3,2.3651949613401864,0.3125,0.5392872143753878,1036476.7197332602,0.0,0.0,2.47525,4.423855484684711,5.069256347027145,12.993,2.5630978412878487,0.125,0.47454370256560774,626.4425756800001,0.0,0.0,2.744896875,4.524806900333177,5.2922902735665875,13.519,2.5544706169129414,0.125,0.4752787770372798,655.4491109049999,0.0,0.0
W1,nuaa,885.1128,916.2021,0.18610815288382643,medium_wear,111.69825,179.65446241283223,211.5472167576455,488.06,2.3070972404195484,0.5,0.5028207006389559,1033017.9381195314,0.0,0.0,1.4284421875,4.46591631225485,4.688801082483,11.252,2.399760578890115,0.375,0.4740550692017048,648.3624476237501,0.0,0.0,1.6370515624999997,4.557114145006964,4.842233694164941,11.604,2.3964146988575172,0.375,0.47162065091953553,674.5500234525001,0.0,0.0
W1,nuaa,900.9528,932.0421,0.18715617056931824,medium_wear,81.643296875,192.42492875507642,209.0286610276582,488.06,2.3348951172558152,0.5625,0.507174240478081,1194921.7098238126,0.0,0.0,1.8704671875,4.487561387778399,4.861774851697038,12.365,2.5433098769853375,0.5625,0.5099707652348898,652.9314229062502,0.0,0.0,2.0545859374999997,4.585415766381877,5.024675225838607,12.748,2.537079398573942,0.5625,0.5093075570544336,681.063086083125,0.0,0.0
W1,nuaa,916.6971,947.8821,0.18827173228857802,medium_wear,121.11890625,201.41346053808994,235.02589546074492,631.61,2.6874059931217,0.59375,0.5117192807911012,1322116.5282547502,0.0,0.0,1.8659625000000002,3.81231805473635,4.244476999805159,12.365,2.9131975507389036,0.5625,0.5496430896725323,471.09940827781253,0.0,0.0,2.0274906250000004,3.9251536444736286,4.417867060832354,12.748,2.885555365171671,0.5625,0.5485150341585755,499.55225688,0.0,0.0
W1,nuaa,932.5371,963.7221,0.18945113445473755,medium_wear,113.0438125,207.65698996217859,236.43250416278957,631.61,2.671417799496473,0.25,0.5050123798442214,1380973.9482136564,0.0,0.0,1.3212281250000002,3.961519411178807,4.176036374774231,11.433,2.7377635092122734,0.375,0.5408257257606995,503.13370776468753,0.0,0.0,1.464340625,4.062569551316889,4.318421566418974,11.767,2.7248381889120927,0.375,0.5413831384058226,529.2112207771875,0.0,0.0
W1,nuaa,948.3771,979.5621,0.19069461513346564,medium_wear,131.21165625,201.52481747140186,240.47609193587206,545.48,2.2683336027660643,0.53125,0.4962184652320128,1347772.5092303436,0.0,0.0,1.7085187499999999,4.137534748791959,4.476408171353736,11.433,2.5540566370073625,0.75,0.5093168284207913,557.2185523237501,0.0,0.0,1.8582171875000002,4.221755476566987,4.61261210376981,11.767,2.551049109545333,0.75,0.5100698733869455,579.0617227431251,0.0,0.0
W1,nuaa,964.2171,995.4021,0.19199857120436453,medium_wear,170.68775,178.33925289783022,246.85865819172466,588.55,2.384157818531518,0.09375,0.4973515513035127,1053496.2678582815,0.0,0.0,1.6819562500000003,3.600167103147566,3.973685946007812,10.167,2.558581664012562,0.46875,0.5057393787951017,436.4862278615625,0.0,0.0,1.8113921875,3.67723351534074,4.099169182075954,10.569,2.578327346481345,0.46875,0.504865294709098,453.89675308562505,0.0,0.0
W1,nuaa,980.0571,1011.2421,0.19335075896614684,medium_wear,190.20115625,199.89077245822114,275.921729395822,789.51,2.8613549274599275,0.125,0.4648962980231464,1285195.9226942186,0.0,0.0,1.0694343750000002,3.3121857410467426,3.480555166295314,10.167,2.9210857217418296,0.46875,0.5283587606949813,364.16839641343745,0.0,0.0,1.2096968750000001,3.408195364071393,3.6165124317583235,10.569,2.9224287761846366,0.46875,0.5280193606496966,383.98209235250005,0.0,0.0
W1,nuaa,995.8971,1026.6663,0.1947160861924791,medium_wear,144.33315625,229.49104735928552,271.10551601018517,789.51,2.9121871499299883,0.03125,0.4846103291284052,1704267.56265079,0.0,0.0,1.7065390625,3.144637317751106,3.577851231120608,7.296,2.039212792454437,0.09375,0.49086579741516473,319.27864166125005,0.0,0.0,1.9012437500000001,3.2277099724434564,3.7460431742206337,7.6057,2.0303289754748675,0.09375,0.49218017649752605,336.75989832656256,0.0,0.0
W1,nuaa,1011.7371,1042.5063,0.1960838475086002,medium_wear,92.29713125,187.3608127289136,208.86080193137906,552.66,2.6460685532634107,0.40625,0.5268391175046407,1128112.14233816,0.0,0.0,1.6204765625,4.1551030978011765,4.459913232672666,9.5912,2.1505351112520046,0.0625,0.48070005037515673,565.43491114875,0.0,0.0,1.8079046874999998,4.253039526048903,4.621348782468031,9.9446,2.1518825927458103,0.0625,0.4815685224599077,593.108953655625,0.0,0.0
W1,nuaa,1027.1613,1058.3463000000002,0.1974484029495717,medium_wear,110.12805312500001,163.69966547030282,197.29614431151936,567.01,2.8739030961736565,0.375,0.5341131779632416,861387.96262849,0.0,0.0,1.6641781249999998,4.7473954700666114,5.0306314296455374,10.297,2.04686034824967,0.0625,0.4534045748754993,733.2134399746875,0.0,0.0,1.8145203125,4.85956289248258,5.187276305583572,10.638,2.050787228848651,0.0625,0.45500640968234407,769.4224717987499,0.0,0.0
W1,nuaa,1043.0013,1074.1863,0.19877514687176379,medium_wear,115.51089687500001,172.0123951965962,207.19804873148993,567.01,2.7365605200983047,0.65625,0.4993959832114382,947405.5860295426,0.0,0.0,1.9162828125,4.522693522101718,4.911913732176467,13.29,2.705666411228115,0.09375,0.4525613944267676,656.74497252375,0.0,0.0,2.0815312500000003,4.5882281228322155,5.03831416764328,13.621,2.7034836548057806,0.09375,0.4513021149495367,675.6039253990626,0.0,0.0
W1,nuaa,1058.8413,1090.0263,0.20004520789823854,medium_wear,107.884734375,175.34221988042074,205.8737719666061,523.95,2.5450060733573565,0.75,0.49721149011688637,983838.221559885,0.0,0.0,1.6220890625000002,4.37662796772231,4.667552387979298,13.29,2.8473167294761907,0.4375,0.5073228428578908,613.226221243125,0.0,0.0,1.8164328125,4.421042817631332,4.779649334172565,13.621,2.849790653597816,0.4375,0.5077561933667514,625.6256214637501,0.0,0.0
W1,nuaa,1074.6813,1105.8663,0.201251522285145,medium_wear,105.417628125,168.97863154693874,199.1648920843653,480.89,2.4145319738194484,0.46875,0.48307788578968125,914983.0088887225,0.0,0.0,2.2221921875,3.900630171415603,4.489215282467945,9.8238,2.1883111817705854,0.5,0.5488830794576584,509.4520517125001,0.0,0.0,2.420246875,3.982870696650876,4.660563691463459,10.161,2.180208376641529,0.5,0.5479952269240531,532.9823467225,0.0,0.0
W1,nuaa,1090.5213,1121.7063,0.20239466442420714,medium_wear,133.45467187499997,171.41795986699574,217.242413930215,480.89,2.2136100925230777,0.28125,0.46193813119594934,948870.9624015902,0.0,0.0,2.0215421875,3.848413357183902,4.347058566846523,8.6152,1.9818458545060975,0.5,0.535283526006186,504.3550795587501,0.0,0.0,2.19715,3.9182220605301326,4.492207946892597,8.9004,1.981297416598154,0.5,0.5344500717134756,522.7663205528127,0.0,0.0
W1,nuaa,1106.3613,1137.3087,0.20347206442135873,medium_wear,138.389034375,176.57465408488542,224.3437837347892,538.3,2.3994424585276586,0.625,0.4905453029673746,1003705.8089547398,0.0,0.0,1.2922140625000003,4.280494754036441,4.471292041754403,10.856,2.4279335589407007,0.96875,0.5433027509257891,589.1440199556251,0.0,0.0,1.4805265625,4.364785197830551,4.60904640088042,11.271,2.4454082297472675,0.96875,0.5460983639743826,613.8076562675,0.0,0.0
W1,nuaa,1122.2013,1153.1487,0.20447914205920198,medium_wear,123.36135624999999,187.86258363783645,224.74513242097703,538.3,2.3951575466902377,0.65625,0.48486919259573547,1134770.51906219,0.0,0.0,1.449653125,4.263951010688648,4.5036399061620145,10.856,2.410494672353022,0.625,0.49757822779929584,595.3686551800001,0.0,0.0,1.661884375,4.363647067828511,4.669397756503241,11.271,2.4138016480396143,0.625,0.5000592482072415,624.5156864500001,0.0,0.0
W1,nuaa,1137.8037,1168.9887,0.20541429884025458,medium_wear,120.44553124999999,183.81559679299937,219.76191576900047,495.24,2.2535296812781898,0.28125,0.4823823304939646,1086452.01710264,0.0,0.0,1.65303125,4.126736915790542,4.445499959017546,10.856,2.442020042757839,0.5625,0.4971282361926684,545.2216542215625,0.0,0.0,1.8709625,4.208865970614145,4.605980181785415,11.316,2.4568060550389914,0.5625,0.4979659611450056,567.0416017362501,0.0,0.0
W1,nuaa,1153.6437,1184.8287,0.20627897867222283,medium_wear,113.940875,170.03532638426015,204.68154585689325,452.18,2.209187927064757,0.71875,0.5096176622860992,928024.2873889401,0.0,0.0,1.1259765625,4.1394390573234,4.289846026210468,10.856,2.530626958093853,0.59375,0.5202330954390639,554.3376014075001,0.0,0.0,1.3269,4.227877710987216,4.431209039197147,11.316,2.553704846668721,0.59375,0.5218203536330489,578.52979958125,0.0,0.0
W1,nuaa,1169.4837,1200.6687,0.20708887473318757,medium_wear,110.80088437500001,152.73013552107113,188.6884476447005,423.47,2.2442815407405976,0.71875,0.5246015413418146,754335.9151066401,0.0,0.0,2.183040625,3.8943951272035955,4.464524585797182,10.351,2.3184999435167706,0.34375,0.48063966889654985,491.9104790171875,0.0,0.0,2.3727921875,3.9532593135405643,4.610683459657174,10.761,2.333927300400737,0.21875,0.48217425829803306,507.3972000250001,0.0,0.0
W1,nuaa,1185.3237,1216.5087,0.2078725073897349,medium_wear,90.390171875,152.11105871904033,176.94111267938658,452.18,2.555539485158208,0.59375,0.5148247575764867,753160.2400021451,0.0,0.0,2.830809375,4.099885542484645,4.982222714719054,10.64,2.135593009233829,0.78125,0.5503169318462617,539.3225410950001,0.0,0.0,3.0298671875,4.1837836768533565,5.165669465673713,11.056,2.1402840567845085,0.78125,0.5512185009075895,561.7354801731251,0.0,0.0
W1,nuaa,1201.1637,1232.3487,0.2086577697736548,medium_wear,118.65111562500002,195.88391133368958,229.01658009507057,610.08,2.6639119305106225,0.09375,0.5032358036343783,1229828.0989104777,0.0,0.0,2.0142296875,4.873836706258725,5.273652005326219,12.004,2.276221485201592,0.5625,0.5669214406350838,783.8901153137499,0.0,0.0,2.1940484375,4.97688399512537,5.439046133931137,12.395,2.278892234922332,0.5625,0.5660215529535139,818.6386213037501,0.0,0.0
W1,nuaa,1217.0037,1247.9082,0.2094568691533551,medium_wear,130.09009375,185.9361238632671,226.92658427160976,610.08,2.688446582661253,0.71875,0.5064699286822497,1147522.8725847602,0.0,0.0,2.2686421875,4.455458570492657,4.9997848401987515,12.004,2.400903315576039,0.28125,0.5570611461163832,651.6185725112501,0.0,0.0,2.4779640625000003,4.543424434153686,5.175230573018583,12.395,2.395062369708159,0.28125,0.554910094174198,676.96706035375,0.0,0.0
W1,nuaa,1232.8437,1263.7482,0.2102634025628225,high_wear,177.416340625,188.31056208507556,258.7226810961171,552.66,2.136109589072646,0.03125,0.46790345265656225,1171453.3320138904,0.0,0.0,2.2148859375,3.709615386771383,4.320528443825622,10.908,2.5246911672548755,1.0,0.5570356768232295,481.10719607687497,0.0,0.0,2.4993765625,3.7695049952191244,4.522836622094175,11.354,2.5103714656716565,1.0,0.5573185428779712,498.494780153125,0.0,0.0
W1,nuaa,1248.4032,1279.5882,0.21106511178138754,high_wear,285.52545,176.55195602244825,335.70131929001263,610.08,1.8173297659070307,0.34375,0.48905321869771873,997537.8584112801,0.0,0.0,2.3167343750000002,4.338121244063305,4.917982725925336,13.565,2.7582447430104984,0.65625,0.5185802722172413,602.7179948399998,0.0,0.0,2.6077125,4.400686592364735,5.115291484057874,14.049,2.7464710552242404,0.65625,0.5188598373226737,620.05561350625,0.0,0.0
W1,nuaa,1264.2432,1295.4282,0.21184270430255958,high_wear,286.42240625,165.27398620214694,330.6860827388832,724.92,2.1921696673652042,0.96875,0.566515657610625,890517.2639425,0.0,0.0,2.712815625,4.772630241125523,5.489751181406129,13.565,2.4709680915858008,0.6875,0.5248412143675572,731.7408094371875,0.0,0.0,2.9893046875,4.866963906418896,5.711679278556679,14.049,2.4596969323442353,0.6875,0.5241165776614032,760.4925016374999,0.0,0.0
W1,nuaa,1280.0832,1311.2682,0.21257869846800712,high_wear,262.871978125,169.73216053564775,312.90682831068,724.92,2.3167279663205016,0.75,0.5408462056159682,934927.4014267677,0.0,0.0,2.8469484375,4.0272742589976485,4.931942149191204,11.19,2.2688830609732644,0.65625,0.5190748759593482,527.31336118625,0.0,0.0,3.10603125,4.103437275735848,5.146418910453657,11.605,2.254966065126832,0.65625,0.5201946035701395,547.8006282915626,0.0,0.0
W1,nuaa,1295.9232,1327.1082,0.21327039344393467,high_wear,270.946946875,182.41537198358327,326.63070271606915,667.5,2.043592333633862,0.5625,0.49691148239810023,1065223.843557205,0.0,0.0,3.0721609375,3.833922453392918,4.912955750312763,12.511,2.5465321968762975,0.28125,0.51087561313717,486.82628896,0.0,0.0,3.3253796875000003,3.8787336526879046,5.109082580515924,12.939,2.5325486124151464,0.28125,0.5083794661063206,498.43651368812493,0.0,0.0
W1,nuaa,1311.7632,1342.9482,0.21392526367396525,high_wear,259.28366874999995,191.85085967629328,322.54421904444746,610.08,1.8914615856622419,1.0,0.5517914741861115,1238404.1858550801,0.0,0.0,1.9564656249999999,4.527701260305096,4.932325662846585,12.511,2.536531619199602,0.65625,0.5101251193442442,667.07067811,0.0,0.0,2.2142765625,4.599633022173555,5.104864800747054,12.939,2.534641073766829,0.65625,0.5100920322305809,688.938877188125,0.0,0.0
W1,nuaa,1327.6032,1358.7321,0.21455646490428415,high_wear,256.3675125,196.08777649792094,322.76108432916175,610.08,1.8901907002450815,1.0,0.5670226966962228,1353046.37708688,0.0,0.0,1.6146062499999998,5.117676557343766,5.366336430762145,12.231,2.2792085732617613,0.78125,0.4833623641646193,838.1846742490625,0.0,0.0,1.865571875,5.234916434160767,5.557401235599018,12.71,2.2870401939999607,0.78125,0.48262825990784664,877.0891625859374,0.0,0.0
W1,nuaa,1343.4432,1374.5721,0.21517593790997502,high_wear,217.3403125,196.13630169132983,292.7563155232522,602.9,2.059391951707066,0.28125,0.4890652372161344,1231801.698116875,0.0,0.0,1.89144375,4.925777298586837,5.276442120850707,12.231,2.318039262037433,0.5,0.502420279691022,790.8970893490625,0.0,0.0,2.1003921875,5.062800109323912,5.481203543774054,12.71,2.318833792340541,0.5,0.5018023701031853,835.8960089218751,0.0,0.0
W1,nuaa,1359.2270999999998,1390.4120999999998,0.2157917105458829,high_wear,155.884,190.2660246604573,245.9694728946943,574.19,2.3343953753392204,0.0625,0.4820251084391825,1167492.1042907815,0.0,0.0,1.8823531249999998,3.8145516240841113,4.2537110127511015,10.868,2.554945544589567,0.875,0.5208599882120666,476.654874165,0.0,0.0,2.047296875,3.925528978326072,4.42732450290946,11.323,2.557526558660649,0.875,0.5189336846916185,504.3602013709375,0.0,0.0
W1,nuaa,1375.0670999999998,1406.2521,0.2164060938261593,high_wear,196.032875,227.14279484985457,300.03789316179507,689.03,2.2964765974691117,0.28125,0.4779225659422352,1657597.547263031,0.0,0.0,1.5724875000000003,4.19573372276456,4.480725210275676,10.868,2.4255002237308254,0.0625,0.4620093905043666,564.9518277200001,0.0,0.0,1.7144343749999997,4.332927426990713,4.659779534886817,11.323,2.4299432870647664,0.0625,0.4616363316244808,602.726092215,0.0,0.0
W1,nuaa,1390.9071,1422.0920999999998,0.21701556261299548,high_wear,214.64903124999998,205.70866152628705,297.30499498578894,689.03,2.317586356169143,0.90625,0.5060029439440523,1359718.0969180937,0.0,0.0,1.3225875,4.753816405975177,4.934370083088114,11.04,2.237367650602071,0.21875,0.4930253735233933,745.2258762228125,0.0,0.0,1.4615749999999998,4.9240164455706275,5.13635468371052,11.552,2.2490658670118933,0.21875,0.49197721728529975,798.51377268,0.0,0.0
W1,nuaa,1406.7470999999998,1437.9320999999998,0.21761135315595803,high_wear,167.09878125,160.33850550071293,231.58246704238533,531.13,2.2934810514078774,0.5,0.5439218408315198,824023.8747537502,0.0,0.0,2.2683265625,4.629524915901272,5.155366751366361,11.04,2.141457733743966,0.25,0.44522207830804245,685.956318861875,0.0,0.0,2.4535296874999997,4.791754255837564,5.3833741069872945,11.552,2.1458661000368155,0.25,0.4430626363836193,734.8284792906252,0.0,0.0
W1,nuaa,1422.5871,1453.7721,0.2181776440829148,high_wear,168.444421875,179.79792251570274,246.3753563199161,818.22,3.3210302045694413,0.9375,0.5036625116799498,1043528.3370969377,0.0,0.0,2.0896,4.980184958663684,5.400802753526554,12.477,2.3102121239019353,0.28125,0.48852908021191693,796.0282087978125,0.0,0.0,2.2659359374999997,5.136878061118664,5.614444040833985,12.986,2.31296276275131,0.28125,0.487982950293289,846.5822443674999,0.0,0.0
W1,nuaa,1438.4271,1469.1929999999998,0.21869129213296795,high_wear,188.85489062500002,194.10876504167362,270.8216800387007,818.22,3.0212499969835336,0.125,0.5110775129457498,1261396.710782625,0.0,0.0,1.2317734374999998,4.79281598222284,4.948570585611693,12.477,2.521334147739093,0.5625,0.5677122076349327,736.8186627975001,0.0,0.0,1.39411875,4.928587310302359,5.121966415779686,12.986,2.53535438264353,0.5625,0.5692317147173518,779.25986482875,0.0,0.0
W1,nuaa,1454.2670999999998,1485.0329999999997,0.21912660090407018,high_wear,158.79985937499998,171.18663369732127,233.50001904526823,516.77,2.2131475710921236,0.75,0.5133022047438647,943943.9567806876,0.0,0.0,1.7894468749999999,4.1980371106986105,4.563511334624907,11.198,2.453812246512237,0.5625,0.5367151213805123,577.3824291609375,0.0,0.0,1.973978125,4.328542102481964,4.757401220302687,11.658,2.450497542702162,0.5625,0.5375933821809182,615.2636837575,0.0,0.0
W1,nuaa,1469.688,1500.8729999999998,0.21947333857853438,high_wear,159.69742187500003,173.03158336195128,235.46378786188254,588.55,2.499535089213928,0.78125,0.5412171294551562,991458.965525875,0.0,0.0,2.11336875,3.8110221212570963,4.357776621419172,11.198,2.56965901945502,0.5625,0.5300157052355291,469.3587815415625,0.0,0.0,2.3021531250000002,3.9712452210377585,4.5902829560455745,11.658,2.5397127174145067,0.5625,0.5332365079637766,511.36999118468754,0.0,0.0
W1,nuaa,1485.5279999999998,1516.7129999999995,0.21973065283914323,high_wear,163.061796875,202.1394853452205,259.7104563465521,588.55,2.2661775281571694,0.59375,0.5125520485569529,1323953.932321625,0.0,0.0,1.738965625,3.7142590538532527,4.10118540961787,10.687,2.605831956521021,0.25,0.4913212030749738,441.46311434,0.0,0.0,1.9409109374999998,3.8345968832752315,4.297821369546581,11.102,2.583169249114525,0.25,0.4946234754999965,470.57007329375,0.0,0.0
W1,nuaa,1501.3679999999997,1532.5529999999997,0.21991380447179143,high_wear,153.41703124999998,205.91897212048062,256.78669855878195,545.48,2.124253331895742,0.75,0.4962357944911761,1367708.4029970004,0.0,0.0,1.544465625,3.9364335101006542,4.228579294071474,10.687,2.5273263800405306,0.34375,0.4745521854354617,495.91471165343745,0.0,0.0,1.7193671874999998,4.0435317950035445,4.393901785731703,11.102,2.5266836951275224,0.375,0.4776988786551054,523.25063534625,0.0,0.0
W1,nuaa,1517.208,1548.3929999999998,0.22006714711597863,high_wear,202.31298437499998,200.19215033105476,284.61806109396963,574.19,2.017405352959752,0.09375,0.47405625577182625,1285867.28629775,0.0,0.0,1.4393687499999999,4.23634884219577,4.474196454252987,10.541,2.355953769079621,0.53125,0.4786655277611669,576.1463347199999,0.0,0.0,1.5772015624999998,4.360031093155048,4.636532745708936,10.79,2.3271700194474056,0.53125,0.476933629255354,609.981439711875,0.0,0.0
W1,nuaa,1533.0479999999998,1564.2329999999995,0.22024365921454686,high_wear,196.70578125000003,189.0072946440716,272.79465135123843,574.19,2.104843321362259,0.09375,0.49584718694660146,1144011.83385,0.0,0.0,1.1298609375,3.940877949637983,4.099646905775088,10.097,2.4628950326860015,0.75,0.46510767705641476,500.59946841874995,0.0,0.0,1.2497578125,4.080360647387859,4.267462665642928,10.416,2.4407946398356466,0.09375,0.46389781366176547,536.317873743125,0.0,0.0
W1,nuaa,1548.8879999999997,1580.073,0.22048903522970562,high_wear,175.8464375,172.94790383711606,246.64335998176344,631.61,2.5608230444423907,0.90625,0.520764512748053,967975.5954616563,0.0,0.0,0.9896624999999999,3.368363071215936,3.5107408966537963,8.486,2.4171536008505465,0.6875,0.5025045307420695,363.2724569828125,0.0,0.0,1.114396875,3.5273951191428408,3.699242722715353,8.7661,2.369701221866681,0.6875,0.5015763871737267,398.28279993750004,0.0,0.0
W1,nuaa,1564.7279999999998,1595.6226,0.22082346005466624,high_wear,161.26721875,174.31471592921636,237.47154783856476,631.61,2.659729158077388,0.15625,0.45465854859323457,975046.0817285939,0.0,0.0,1.8781703125000002,4.209440922857203,4.609437775453884,10.153,2.2026547476281424,0.71875,0.5107544471146086,567.02160567625,0.0,0.0,2.065175,4.356144944213863,4.820886490638936,10.586,2.195861698995735,0.71875,0.5093768814221742,607.23877608125,0.0,0.0
W1,nuaa,1580.5679999999998,1611.4625999999998,0.22124937675954304,high_wear,110.128046875,192.37289157315587,221.66532457901343,552.66,2.4932181027845077,0.125,0.46842164898847016,1184506.5812492126,0.0,0.0,1.8040749999999997,4.444502860205515,4.7966959753563705,10.153,2.1166653154926465,0.03125,0.505461970589596,639.8905833599999,0.0,0.0,1.9806203125,4.576199957155353,4.9864278667354895,10.586,2.1229626263360415,0.03125,0.504752609180698,677.57911892625,0.0,0.0
W1,nuaa,1596.1175999999998,1627.3025999999998,0.22175516213717883,high_wear,109.90340625000002,188.81139004860435,218.46853255661043,552.66,2.5297007012064427,0.78125,0.46828446196280304,1141107.1932113098,0.0,0.0,1.85596875,3.8906309834843547,4.310641419861434,10.604,2.4599587316963296,0.09375,0.46300017733985976,484.66786336656253,0.0,0.0,2.031509375,4.015930602951776,4.500525408042654,11.074000000000002,2.4606015955848695,0.09375,0.4650829930658801,516.4647836975,0.0,0.0
W1,nuaa,1611.9576,1643.1426,0.22231564926861574,high_wear,149.15504375,188.57035435118596,240.42879531411427,624.43,2.597151473408988,0.0625,0.5018609750655351,1182776.4389929199,0.0,0.0,1.738615625,3.949078036952848,4.314858240248166,11.464,2.656865964463448,0.03125,0.4604156751492218,504.44494933,0.0,0.0,1.9242500000000002,4.077185516650855,4.508456476410469,11.9,2.6394842807653123,0.03125,0.4614013063058119,537.9026794103125,0.0,0.0
W1,nuaa,1627.7976,1658.9825999999998,0.22290839270513846,high_wear,188.631059375,211.73837078200327,283.575059238911,638.79,2.252631108371987,1.0,0.48052973613375355,1539339.7808737925,0.0,0.0,1.3581703125000002,3.6854513134706313,3.9277446431404814,11.464,2.9187233492943685,0.03125,0.5004187475796956,439.747534021875,0.0,0.0,1.5323859375,3.790518214401363,4.088549253116104,11.9,2.910567847734834,0.03125,0.49983014925233576,465.46568199312503,0.0,0.0
W1,nuaa,1643.6375999999998,1674.8226,0.2235161916278937,high_wear,178.5376,202.38612008566693,269.8811149693324,638.79,2.366931083979656,0.15625,0.47131955294788574,1314433.7025305799,0.0,0.0,1.3772671874999998,3.6340351152358297,3.886267634187235,10.975,2.824046368668401,0.5,0.4947019298296337,423.35353405375014,0.0,0.0,1.5346796874999997,3.739640738893731,4.042295709027081,11.388,2.817211015653508,0.5,0.4911022334977842,448.034165221875,0.0,0.0
W1,nuaa,1659.4776,1690.6626,0.22412823352547154,high_wear,183.920578125,185.67650701922793,261.347554640742,753.63,2.8836313430824623,0.5625,0.4335388427644081,1113018.7666189475,0.0,0.0,0.9036078124999999,5.140738029344154,5.2195492683905425,11.075,2.121830723405547,0.28125,0.4459209472655251,845.75872007875,0.0,0.0,1.0233390624999998,5.278309727217878,5.376595243579457,11.467,2.1327623673538554,0.28125,0.4450384259125641,891.6319738387499,0.0,0.0
W1,nuaa,1675.3176,1706.1989999999998,0.22473610754451656,high_wear,185.939159375,227.14227521462504,293.5421335664748,753.63,2.5673656822056685,0.3125,0.4749575938642847,1656043.9256714052,0.0,0.0,1.7617812499999999,5.438727155372471,5.716959527881714,11.33,1.981822670729675,0.0625,0.4209796422850783,948.2056148465625,0.0,0.0,1.9393718749999997,5.591192619353136,5.917989369393122,11.786,1.9915547771943076,0.0625,0.4188589938580689,1002.0247115300001,0.0,0.0
W1,nuaa,1691.1575999999998,1722.0389999999998,0.22534018215506615,high_wear,99.137478125,239.4697039640965,259.17943337702724,574.19,2.215414983042764,0.21875,0.5146828717891715,1836417.51527458,0.0,0.0,2.6501875000000004,4.1756477971425285,4.945657520586874,11.33,2.290898622243364,0.09375,0.4467305874883904,567.65291495,0.0,0.0,2.9106234375,4.286866380358086,5.181597452327685,11.786,2.2745881185165158,0.09375,0.4471294934940996,599.1828116556251,0.0,0.0
W1,nuaa,1706.6939999999995,1737.8789999999997,0.2259481883637955,high_wear,80.521703125,198.4299514453778,214.1452551535187,574.19,2.6813108681225213,0.625,0.5435360093857018,1295722.3768419377,0.0,0.0,1.9691953124999997,4.4494256046929,4.865708416096134,10.957,2.2518817534880244,0.09375,0.4405705907913668,638.377969416875,0.0,0.0,2.2362171875000003,4.566866689076695,5.08497184510089,11.404000000000002,2.242686950368697,0.09375,0.4396666685429934,672.174694760625,0.0,0.0
W1,nuaa,1722.534,1753.7189999999998,0.2265589158915806,high_wear,138.83807812499998,179.45408501718003,226.89156125073686,631.61,2.783752716576403,0.5,0.5285530555277156,1034077.0558035626,0.0,0.0,1.5646515625,5.117733712207002,5.3515729333620925,12.905,2.411440554149846,0.9375,0.5332302120449248,846.20784609375,0.0,0.0,1.7912578125,5.238274953759965,5.536075238111495,13.394,2.41940353479897,0.9375,0.5325972522255428,887.0128729181251,0.0,0.0
W1,nuaa,1738.3739999999998,1769.5589999999995,0.22716427627965333,high_wear,159.47278125,145.15675826439204,215.64334543277124,631.61,2.9289566006891232,0.125,0.4921563291096609,675261.8362032501,0.0,0.0,2.03663125,4.819032522907055,5.231724505869217,12.905,2.4666818723964745,0.9375,0.5613298520849931,744.0359481340627,0.0,0.0,2.2808656249999997,4.925153191786866,5.427658976195446,13.394,2.4677305738520463,0.9375,0.5608955124768567,776.9635771300001,0.0,0.0
W1,nuaa,1754.2139999999995,1785.3989999999997,0.22775259047176835,high_wear,140.40765625,150.26514100002314,205.6548626543389,416.29,2.0242166639146917,0.03125,0.5371313030761669,730893.2449060001,0.0,0.0,1.5115687500000001,4.730398815668023,4.966035948445199,11.906,2.397485665347955,0.59375,0.5049665175706594,718.51884469375,0.0,0.0,1.7703125000000002,4.816816580043426,5.131834790154248,12.380999999999998,2.4125874090400834,0.59375,0.5059915087976136,745.5153790553126,0.0,0.0
W1,nuaa,1770.054,1801.2389999999998,0.22830596169675255,high_wear,146.46390624999998,181.1528222745162,232.95497601903944,559.84,2.403211167956525,0.78125,0.5358775495394569,1050395.08588325,0.0,0.0,1.530890625,4.605938998955545,4.853689335733438,10.117,2.084393808544244,0.46875,0.5041055358810862,679.0407263650001,0.0,0.0,1.7806890625,4.687859669438615,5.014666670642851,10.55,2.103828767276281,0.46875,0.5052046868165666,703.40684436375,0.0,0.0
W1,nuaa,1785.8939999999998,1816.9998,0.22880206057469463,high_wear,169.117859375,184.83433645546853,250.52860573698092,559.84,2.2346350363988043,0.8125,0.5234608879832764,1108701.0550851251,0.0,0.0,1.5934828124999998,4.134069678127213,4.430543936961211,9.1581,2.067037395476387,0.3125,0.48964236565046465,551.804597681875,0.0,0.0,1.8001609375,4.217830056906379,4.585920822456898,9.5333,2.0788191443071087,0.3125,0.49083142876615093,574.6595917368749,0.0,0.0
W1,nuaa,1801.734,1832.8398,0.22921900262844766,high_wear,159.47309374999998,172.80075818443683,235.1420201905914,545.48,2.3197895448795927,0.46875,0.4714129819250459,958783.5058068438,0.0,0.0,1.4989609374999997,3.773887985909607,4.060679059263825,9.1581,2.2553124406882583,0.46875,0.4689985836726669,455.861997406875,0.0,0.0,1.6864703125,3.86028473203725,4.212597812198994,9.5333,2.2630453760368776,0.46875,0.46660885032668276,476.950547250625,0.0,0.0
W1,nuaa,1817.4948,1848.6798,0.22954229718240676,high_wear,115.73553125,177.13957516769867,211.59664998367177,531.13,2.5101059021538648,0.46875,0.4747683722622002,1009905.095614,0.0,0.0,1.9797343749999998,3.4125397706115983,3.9452219052370805,9.5706,2.4258711499334216,0.53125,0.48192956083211724,374.01695795250004,0.0,0.0,2.1842968750000002,3.52246223475891,4.144742818732847,10.01,2.4151076285742406,0.53125,0.47890820923415717,398.73565969500004,0.0,0.0
W1,nuaa,1833.3348,1864.5198,0.22976793884515972,high_wear,87.698875,189.1845353798524,208.5230948915641,473.71,2.271738774289428,0.625,0.49687417951047425,1161726.9783455313,0.0,0.0,1.8370093749999998,3.3577593654343527,3.827420985467891,9.5706,2.5005349650164033,1.0,0.5329547915755525,385.3736386625,0.0,0.0,2.0597359375,3.4310716012533526,4.001845132580251,10.01,2.5013461711712712,1.0,0.5290903524013396,402.329572438125,0.0,0.0
W1,nuaa,1849.1748,1880.3598,0.22990422059233084,high_wear,105.19425000000001,180.86541693221096,209.23223765740545,430.64,2.0581914375218084,0.28125,0.514635508191818,1054019.512674,0.0,0.0,1.2173359375000001,4.031986221352604,4.211747816988364,11.577,2.7487400725426636,0.6875,0.5204636288199698,530.604621768125,0.0,0.0,1.4239656250000001,4.119812283542887,4.358959893462258,11.982,2.7488208868292365,0.6875,0.5173600677695879,553.0327765534375,0.0,0.0
W1,nuaa,1865.0148,1896.1998,0.22997124724298995,high_wear,105.8669375,180.90931880778308,209.609136459089,516.77,2.465398258538515,0.4375,0.48281633736547397,1052716.8084691563,0.0,0.0,1.5936109374999998,4.760964704044929,5.020595655226703,14.453,2.8787420841098146,0.53125,0.4823604817729606,725.33790080625,0.0,0.0,1.7854546875000001,4.8569609872368265,5.174738493166224,14.912,2.881691513434512,0.53125,0.4818891980873167,754.9012852100001,0.0,0.0
W1,nuaa,1880.8548,1912.0398,0.2299949925492037,high_wear,89.94178125,179.00894340179528,200.33403563111784,516.77,2.5795417057915557,0.6875,0.5038889489634697,1027386.4095705936,0.0,0.0,2.200878125,4.554687894064092,5.05856168623429,14.453,2.8571362566024465,0.59375,0.5053271972147553,664.4094479825001,0.0,0.0,2.4004390625000003,4.651080021437803,5.233990166077287,14.912,2.8490691665124164,0.59375,0.5046993022679539,692.7310439381249,0.0,0.0
W1,nuaa,1896.6948,1927.497,0.22999972687040762,high_wear,42.50346875,213.24598360871659,217.44055367164435,567.01,2.6076552438154583,1.0,0.5887544749839339,1561079.7118757502,0.0,0.0,1.9247828125000002,6.316946319933654,6.603680767891401,33.943000000000005,5.140012243632157,0.65625,0.5409371723369204,1296.8545335668755,0.0,0.0,1.5939453125000003,3.965027747811549,4.273418619812041,13.084,3.0617173658908885,0.03125,0.49066626854380474,505.93211301875,0.0,0.0
W1,nuaa,1912.5348,1943.337,0.22999999997170525,high_wear,-0.7851562499999964,216.7341164467839,216.7355386232378,567.01,2.616137637610331,1.0,0.5614473320711607,1718218.98625049,0.0,0.0,0.34923906250000003,5.8042745914276725,5.814771831763371,33.943000000000005,5.837374360002453,0.03125,0.5422544478043307,1101.4513073750002,0.0,0.0,0.4631515625,2.408348567483029,2.4524787852994265,10.169,4.146417111110078,0.03125,0.5232546219366211,188.81068369812502,0.0,0.0
W1,nuaa,1927.992,1959.177,0.23,high_wear,-12.336103125000001,179.56708680679762,179.9903278084426,452.18,2.512246105142046,1.0,0.4948774051577321,1095570.4453642624,0.0,0.0,-1.3570125,1.3014268281030057,1.8802113482431968,5.3299,2.834734512681285,0.0625,0.47522703688903817,54.671460890000006,0.0,0.0,-0.23479375,0.403477136850327,0.4668210631494684,1.6282,3.4878460475093798,0.34375,0.5413725748696406,5.3881288565625,0.0,0.0
W1,nuaa,1943.832,1975.017,0.23,high_wear,-13.009056249999999,173.46348929148414,173.9506184573441,480.89,2.7645202084632032,0.21875,0.4847207359441269,967219.5672537038,0.0,0.0,-1.3196015625,1.1494852175936447,1.7500470134309964,5.3299,3.045575324031234,0.125,0.481020368355885,43.40054887,0.0,0.0,-0.259584375,0.41983691521930205,0.4936062024782509,1.6282,3.2985809169846103,0.9375,0.4988238797956494,5.644607833437502,0.0,0.0
W1,nuaa,1959.672,1990.857,0.23000000000000004,high_wear,-19.737887500000006,173.10654310482417,174.2281821883733,480.89,2.760116038403407,0.9375,0.535918290919729,959429.5420734263,0.0,0.0,-1.020440625,1.4539979630228543,1.7763471354510074,5.6826,3.1990368811314633,0.125,0.43348266387343504,67.7597744921875,0.0,0.0,-0.32102343749999995,0.4904652535291706,0.5861844524923447,2.3176,3.953704316356406,0.875,0.5199547670622385,7.77560747125,0.0,0.0
W1,nuaa,1975.512,2006.697,0.22999999999999998,high_wear,-58.989090624999996,191.19075558921492,200.08402693753285,567.01,2.8338593973672026,0.34375,0.49806285657617766,1169765.193645585,0.0,0.0,-0.6465515625,1.6172525849214336,1.7417045806927909,5.6826,3.262665817724183,0.125,0.461801999263405,84.07901298750001,0.0,0.0,-0.21180624999999997,0.4749525410090334,0.5200401943600129,2.3176,4.456578597452746,0.8125,0.5180289903301806,7.4604000565625,0.0,0.0
W1,nuaa,1991.352,2022.306,0.230000076627282,high_wear,-70.988828125,189.15262640057654,202.03497170736773,567.01,2.806494317336658,0.3125,0.46146086945086223,1151410.0904180626,0.0,0.0,-0.536025,1.87474327042398,1.9498679777423393,5.6466,2.8958883701131057,0.8125,0.5348256816253801,112.491055965,0.0,0.0,0.03755312500000001,1.5372454969206235,1.5377041181579765,5.7366,3.730626674052159,0.71875,0.5878068551922337,76.34284184968749,0.0,0.0
W1,nuaa,2007.192,2038.146,0.23000265166633035,high_wear,-6.616765625000004,174.45946223664166,174.58489496870678,466.53,2.672224307169429,0.71875,0.4817490630707958,983875.3043230624,0.0,0.0,0.7898421874999999,3.5712701785746295,3.6575704189435987,9.9124,2.710105032745469,1.0,0.5498388708825661,436.75198276875,0.0,0.0,1.49308125,3.550712261067973,3.8518630790826403,10.661,2.7677515480480226,1.0,0.5602715012013124,436.8222154615625,0.0,0.0
W1,nuaa,2022.801,2053.986,0.23001903389501346,high_wear,40.821359375,173.39866430464934,178.13893500259672,387.58,2.1757175094504198,0.15625,0.5171954997253542,966500.0202200002,0.0,0.0,1.3643,4.402609076409975,4.609151892668271,11.173,2.4240902144650023,0.34375,0.521716369233679,643.322603395,0.0,0.0,2.0192921874999996,4.466339145601542,4.9016044620135615,11.949000000000002,2.437773201122678,0.34375,0.5228744856033802,662.1568514162501,0.0,0.0
W1,nuaa,2038.641,2069.826,0.2300714612387793,high_wear,61.904875,201.9236957433194,211.19988743227648,401.93,1.9030786658391718,0.03125,0.5096638375955632,1322154.024075625,0.0,0.0,0.5946421875000001,4.444357098290648,4.4839613455382565,11.173,2.49176991927409,0.625,0.4994598185320438,636.541616233125,0.0,0.0,1.2356250000000002,4.508118610213134,4.6743879325934214,11.949000000000002,2.5562705047825407,0.625,0.5000446773900926,654.9244338228125,0.0,0.0
W1,nuaa,2054.481,2085.666,0.23018626722215674,high_wear,95.9970625,201.25253874539035,222.97538061430404,430.64,1.9313342971478444,0.6875,0.5274289694469007,1336270.9505250002,0.0,0.0,0.7677984374999999,4.35870099225002,4.425809392695165,10.972,2.4790945624792102,0.40625,0.5303952459125149,631.5391929225001,0.0,0.0,1.4246265624999999,4.431435136056455,4.654801629248689,11.773,2.529216266923974,0.40625,0.5305743881465118,652.5637808543751,0.0,0.0
W1,nuaa,2070.321,2101.5059999999994,0.2303854371613867,high_wear,77.60525000000001,189.44999098046958,204.72878134268885,473.71,2.313841741709351,1.0,0.5527007849449952,1247532.4018970316,0.0,0.0,0.2323,4.474602297830501,4.480628194098457,8.9236,1.9915957346680737,0.46875,0.5002231730399244,640.9074776053127,0.0,0.0,0.8963484374999999,4.550441343876444,4.637882808509585,9.7672,2.105960931586962,0.40625,0.5006207026935281,662.8813551812501,0.0,0.0
W1,nuaa,2086.161,2117.3459999999995,0.23068143370517544,high_wear,42.391703125,195.7144360095117,200.25283258011453,602.9,3.010693992349894,0.78125,0.48343605259757516,1230601.9704344373,0.0,0.0,-0.28207812499999996,4.587673471497724,4.5963372319366975,11.009,2.395168031515669,0.46875,0.49419933390967485,692.2681412059376,0.0,0.0,0.3593421874999999,4.65486931133023,4.668718787127926,11.809,2.529387726791013,0.46875,0.4941870645498147,712.380799920625,0.0,0.0
W1,nuaa,2102.001,2132.9483999999998,0.2310730313671025,high_wear,51.363484375,205.41292665590328,211.73728524868827,602.9,2.8473964766851805,0.1875,0.47400453470251325,1372638.4062396872,0.0,0.0,0.40375,4.52276992730257,4.54075565052916,11.009,2.4244863294322077,0.125,0.4827617633591779,657.3824838478124,0.0,0.0,1.0513890625,4.599557159870026,4.718192983299459,11.809,2.502864982801509,0.125,0.48411802671677157,680.4728833137499,0.0,0.0
W1,nuaa,2117.8409999999994,2148.7883999999995,0.23154608994154635,high_wear,77.15721875,212.29140403097966,225.8780127207604,624.43,2.764456763536103,0.84375,0.5223631907927134,1446351.701135034,0.0,0.0,0.8684859375000001,4.3947452703081655,4.47973814129032,10.486,2.340761818944102,0.75,0.5399250988128026,624.44071786875,0.0,0.0,1.5306374999999997,4.465300246921393,4.720355648842839,11.267,2.3868964201377545,0.75,0.5405367542014698,645.3246892978126,0.0,0.0
W1,nuaa,2133.4434,2164.6284,0.23208397158866337,high_wear,76.7081125,191.97316065536958,206.73129645828905,624.43,3.0204909014634245,0.4375,0.5256674504762675,1204069.9222048752,0.0,0.0,1.3171546875,4.312085131237616,4.50876642218731,10.486,2.3256915568744394,0.46875,0.4976677320265877,599.7168520793751,0.0,0.0,1.9843359375,4.384288666198001,4.812439736911648,11.267,2.3412241224719263,0.46875,0.497909795282542,620.0471738487499,0.0,0.0
W1,nuaa,2149.2834,2180.4683999999997,0.2326653852255522,high_wear,71.99794062500001,166.18686492191807,181.1126100712396,466.53,2.5759111958935,1.0,0.5137354131550902,928673.52895873,0.0,0.0,1.9898812499999998,4.570770007370031,4.985134486588602,10.806,2.167644630063872,0.90625,0.513492406064171,669.0900567065623,0.0,0.0,2.6683484375,4.646881318186431,5.358506262870162,11.553,2.156011289947042,0.90625,0.5142313633219231,691.5929776431252,0.0,0.0
W1,nuaa,2165.1233999999995,2196.3083999999994,0.233267487200454,high_wear,50.017790625,165.40056597915344,172.79793576669434,466.53,2.699858640845642,1.0,0.5619515542181632,967389.953780155,0.0,0.0,1.547009375,4.96126616782824,5.196864438714464,10.859000000000002,2.0895292013208966,0.875,0.5020427807365233,793.4680008925001,0.0,0.0,2.209034375,5.0334846910223,5.496890121212857,11.642,2.117924816265248,0.875,0.5020262450484738,816.6663184025001,0.0,0.0
W1,nuaa,2180.9634,2212.1484,0.23387773713804602,high_wear,54.05499375000001,149.89482429415705,159.34365597503012,394.76,2.477412718971759,1.0,0.5507054339062705,794795.282466684,0.0,0.0,1.109746875,4.809256930226097,4.935634746159809,10.859000000000002,2.200122285882052,0.5625,0.5365584134527348,751.8763263309377,0.0,0.0,1.7620593750000002,4.877706507920717,5.186219626899492,11.642,2.2447950217179686,0.5625,0.5360511307439099,773.223212135,0.0,0.0
W1,nuaa,2196.8034,2227.7375999999995,0.23448908947464125,high_wear,59.886225,160.7126525757987,171.5077742923043,423.47,2.4691009008038973,0.53125,0.533362340894314,827519.8469451811,0.0,0.0,2.2457234374999997,4.787967675059996,5.288469364112479,10.572,1.9990661327720884,0.5625,0.5238908683243465,740.3543976000001,0.0,0.0,2.9182171875,4.850762127283283,5.660908475581127,11.318,1.999325735228061,0.5625,0.5236025872881118,759.5221384443751,0.0,0.0
W1,nuaa,2212.6433999999995,2243.5776,0.2350959913832438,high_wear,124.03417812499998,206.9633982935241,241.28473962592022,595.72,2.468950174485068,0.03125,0.4705828487410849,1380227.902896165,0.0,0.0,1.8564265625,4.657470892898923,5.013816380777845,10.572,2.1085734293204923,0.59375,0.5039511888425613,695.00174974875,0.0,0.0,2.4947046874999996,4.724362234320287,5.342578965154024,11.318,2.1184525439529387,0.59375,0.5043612791970727,715.1669217625001,0.0,0.0
W1,nuaa,2228.2326,2259.4176,0.23570517235450839,high_wear,209.48988437499997,183.4227165118657,278.4419231869424,595.72,2.1394766749978276,0.25,0.49149201091560235,1082792.6798754423,0.0,0.0,1.1283375,3.87135753985682,4.032437812950437,10.027,2.4865851539725266,0.6875,0.554729741274961,480.35391348999997,0.0,0.0,1.7294015625,3.9351705096671235,4.298417930417103,10.741,2.4988263528292447,0.6875,0.555129580651264,496.275358794375,0.0,0.0
W1,nuaa,2244.0725999999995,2275.2575999999995,0.2363214584363747,high_wear,172.9303125,159.5037162712278,235.2580040841969,538.3,2.2881261876528836,0.28125,0.5070800045028685,853806.930638015,0.0,0.0,2.490865625,3.7907919481875236,4.535913927341435,10.625,2.342416582456508,1.0,0.579126402578865,493.2353328334376,0.0,0.0,3.1095546875,3.8603586713190303,4.95698491280549,11.361,2.2919174054072418,1.0,0.5781651600008479,511.68416223625,0.0,0.0
W1,nuaa,2259.9126,2291.0976,0.23693822372650983,high_wear,154.98663749999997,152.54462550338292,217.4642972387048,480.89,2.211351500481662,0.4375,0.5227767291025468,746388.7634583601,0.0,0.0,2.252553125,4.070069320124073,4.651823282494994,10.625,2.2840506517051757,0.625,0.5556095110287557,542.5179752396874,0.0,0.0,2.8749265625,4.135478258740237,5.036604329136968,11.361,2.2556864223532784,0.625,0.5547550262953475,559.8697854631249,0.0,0.0
W1,nuaa,2275.7526,2306.9376,0.2375464829264461,high_wear,194.68595937499998,165.58383571971623,255.5790081939793,552.66,2.1623841641193873,0.40625,0.47128754527254874,886674.8160869175,0.0,0.0,1.251109375,3.628179069869224,3.8378324652399822,9.7139,2.531090162997145,0.59375,0.5400124167760688,421.5057064221874,0.0,0.0,1.8778296875,3.679098560648029,4.130618664827189,10.414,2.5211719708422144,0.59375,0.5405531861595357,433.39057890062503,0.0,0.0
W1,nuaa,2291.5925999999995,2322.5399999999995,0.2381305055185498,high_wear,190.424696875,171.01459693450144,255.94444230067907,595.72,2.3275363772117332,0.09375,0.538319141211701,966087.501481355,0.0,0.0,1.38,3.929905311597851,4.165159751813248,12.19,2.92665845402286,0.15625,0.5518934605626675,503.6758655803125,0.0,0.0,1.9957796874999998,3.982642614842079,4.454725441437862,12.96,2.909270205397186,0.15625,0.5536868125413369,517.620567513125,0.0,0.0
W1,nuaa,2307.4326,2338.38,0.238687754390927,high_wear,187.06030625,176.55847900004323,257.2245219281251,595.72,2.315953376196609,0.625,0.5790810651546864,1056878.17031378,0.0,0.0,1.139434375,3.845761981520159,4.011009338487945,12.19,3.0391352827404137,0.15625,0.5265529686160556,476.6825727450001,0.0,0.0,1.7386781249999999,3.9124967850014247,4.28142881699556,12.96,3.0270268534079054,0.15625,0.5272462756496439,493.10565296468747,0.0,0.0
W1,nuaa,2323.0349999999994,2353.9724999999994,0.2392227389309753,high_wear,181.78956874999997,187.73932221375208,261.3302516196508,567.01,2.1697067082200885,0.0625,0.5136996498536336,1203329.4129280488,0.0,0.0,1.192484375,3.5269332835082605,3.7230736456505262,9.5121,2.554905141646202,0.15625,0.5366542501142184,426.5371370071875,0.0,0.0,1.80214375,3.5984208281148744,4.02446947458606,10.313,2.562573791433901,1.0,0.5383186981183605,445.12707435999994,0.0,0.0
W1,nuaa,2338.8749999999995,2369.8124999999995,0.23973695584777066,high_wear,96.78255312499999,197.98126312346372,220.37114860470194,567.01,2.5729774681943187,0.03125,0.4735523537837871,1301638.70774248,0.0,0.0,2.2833125,3.9485103706374196,4.561167626791138,11.127,2.439506922447409,0.15625,0.5138645416099777,513.2420407100001,0.0,0.0,2.913759375,4.016668264312739,4.9622190238780775,11.890999999999998,2.3963069632317304,0.15625,0.5149646516807436,531.6611254621874,0.0,0.0
W1,nuaa,2354.4675,2385.6525,0.2402453385993258,high_wear,-1.5705468750000051,200.61666145046144,200.62280894508388,531.13,2.6474058597464123,0.0625,0.4966250138624354,1295131.8744764375,0.0,0.0,2.0467859375,4.366472175597939,4.822386539278944,11.127,2.3073637729719896,0.25,0.4721252828166977,615.6714391881251,0.0,0.0,2.6717390625,4.422741005679382,5.167090827671433,11.890999999999998,2.3012949445982,0.25,0.4722093165388646,631.713745531875,0.0,0.0
W1,nuaa,2370.3074999999994,2401.2219,0.24076356006095423,high_wear,-28.261234375,204.4612937665206,206.40522768834643,531.13,2.573239088701567,0.25,0.484033367431521,1337747.8998724374,0.0,0.0,1.1691078125000003,4.200491112741487,4.360153513979611,10.312,2.3650543419944867,0.15625,0.5019154888144701,610.338818245,0.0,0.0,1.7729234375000003,4.260710599431383,4.61485777975267,11.044,2.3931398381234397,0.15625,0.501864368613862,628.216801940625,0.0,0.0
W1,nuaa,2386.1475,2417.0618999999992,0.24129579669992102,high_wear,44.858515624999995,207.76557136973756,212.5530970620562,488.06,2.2961791982617306,0.25,0.47308651394500195,1395553.7237224376,0.0,0.0,1.4361312499999999,3.820149717651579,4.0811783632304035,8.8066,2.157857171679517,0.625,0.5052828251152509,495.7779127540626,0.0,0.0,2.0332484375,3.8837702590392187,4.383807777901963,9.5378,2.1756884615421423,0.625,0.5051270332927561,512.953064919375,0.0,0.0
W1,nuaa,2401.7168999999994,2432.9018999999994,0.24185327386959152,high_wear,95.32425,177.16638338543518,201.18310078119757,445.0,2.211915405777409,0.65625,0.5299412632494483,1037333.019205125,0.0,0.0,2.2247609375,3.5766072916425102,4.212087481007042,11.717,2.7817560895479447,0.21875,0.45814665624993217,413.27241733687504,0.0,0.0,2.823475,3.627943755593518,4.5971716271393435,12.531,2.725806434117753,0.21875,0.4589349607112131,425.42302780031247,0.0,0.0
W1,nuaa,2417.5569,2448.7418999999995,0.24244080535343163,high_wear,108.10909375,167.749008567275,199.56779807060556,459.35,2.3017240478721197,0.40625,0.515393207319174,946995.6755105,0.0,0.0,2.096478125,3.5383848838695435,4.112832128229889,11.717,2.84888846291007,0.25,0.5204991163546536,405.8080915425001,0.0,0.0,2.68650625,3.5904407655030233,4.4842592166237445,12.531,2.794441488472816,0.25,0.519293488619667,417.8495279265625,0.0,0.0
W1,nuaa,2433.3968999999997,2464.581899999999,0.24304779894279538,high_wear,126.95,178.66529199464358,219.17479112236256,473.71,2.1613343285247324,0.40625,0.5242386592530184,1040960.8983041251,0.0,0.0,1.2175125,3.597792229943768,3.798216109899488,9.4196,2.480006331248295,0.6875,0.5241868125763288,431.75481953499997,0.0,0.0,1.8054859374999999,3.6564056001449012,4.077877068191396,10.07,2.4694221605032856,0.6875,0.5222497719719017,445.477508571875,0.0,0.0
W1,nuaa,2449.2368999999994,2480.4219,0.24366460935301953,high_wear,95.99801562500001,175.34858936411248,199.90684529530716,473.71,2.369653721963469,0.75,0.5393420758738062,1013684.6604603751,0.0,0.0,0.755825,4.018930504344408,4.089385507551838,10.29,2.5162704716876245,0.6875,0.5428441106741345,533.7858752053127,0.0,0.0,1.3602546875,4.0869948862187275,4.307414539470719,10.993,2.552110993559209,0.6875,0.5425568904739706,551.077559166875,0.0,0.0
W1,nuaa,2465.0769,2496.2618999999995,0.24428316026032065,high_wear,91.736359375,163.93720145315623,187.8588982499149,488.06,2.598013746203907,0.65625,0.5614826770360644,880569.8912988126,0.0,0.0,0.7232624999999999,3.9460245302036263,4.011759992431626,10.29,2.564959025318705,0.84375,0.5567757341843159,498.27761622625,0.0,0.0,1.3325999999999998,4.004283277277908,4.220202284806677,10.993,2.6048514403151595,0.84375,0.5563104046966878,513.1000917828126,0.0,0.0
W1,nuaa,2480.9168999999997,2511.8841,0.24489818105493055,high_wear,40.821062500000004,181.7518120325657,186.27957569403577,488.06,2.6200403247731177,0.03125,0.4860932018754,1061600.7973723751,0.0,0.0,0.9092984375000002,3.7831270793192777,3.890870615520227,11.252,2.8918977555092917,0.96875,0.5547158584395698,461.8208541656251,0.0,0.0,1.5231218750000002,3.8261787616885443,4.1181967124580146,11.965,2.9053978805345824,0.96875,0.5533951025954746,472.06114544968756,0.0,0.0
W1,nuaa,2496.7568999999994,2527.7240999999995,0.24551560305695028,high_wear,-1.346103124999999,176.3021593543702,176.30729816611924,538.3,3.053191816783478,0.4375,0.49203984836383247,995992.2040485049,0.0,0.0,0.9209578125,3.724911657459337,3.837073122613283,11.252,2.9324434641831107,1.0,0.5800386275230113,503.409525769375,0.0,0.0,1.5266765625,3.765456239693197,4.06317634610304,11.965,2.9447405135333433,1.0,0.5790523295867268,514.471095616875,0.0,0.0
W1,nuaa,2512.3791,2543.5641,0.24614782885495418,high_wear,36.560003124999994,176.54768073349368,180.29342029279832,538.3,2.985688546624693,0.46875,0.4734941420028827,1000116.6616897775,0.0,0.0,1.0589390625,3.3891888955737435,3.550767988473585,8.912,2.509879560965378,0.15625,0.5118774711947055,380.7279625181251,0.0,0.0,1.6587578125000002,3.430712234899477,3.81067761942922,9.6355,2.528552914282801,0.15625,0.512719853333906,389.83724840687495,0.0,0.0
W1,nuaa,2528.2191,2559.4041,0.24680605908902545,high_wear,54.951959375,190.18500053978423,197.9647753249789,466.53,2.3566313715869125,0.4375,0.5040831385948888,1192237.4872763674,0.0,0.0,1.0221890624999999,3.64214622995139,3.782869233775303,9.8161,2.5948821895182284,0.125,0.4658841484193931,424.49446578937506,0.0,0.0,1.618746875,3.6813740458713555,4.021548993974523,10.515,2.614664154472468,0.125,0.46533894827360134,433.68114182468753,0.0,0.0
W1,nuaa,2544.0590999999995,2575.2440999999994,0.24750240765132334,high_wear,85.231103125,189.8090680047353,208.06687203091852,437.82,2.104227336752294,1.0,0.5390123523369784,1250301.7434763424,0.0,0.0,0.8153421875,3.758669796691905,3.846086520514229,9.8161,2.552230675946304,0.34375,0.4836187637074417,453.46600336125,0.0,0.0,1.402559375,3.8120466467223495,4.0618804065589496,10.515,2.5887025090696496,0.34375,0.484370894553416,466.68280482218745,0.0,0.0
W1,nuaa,2559.8991,2591.0841,0.24824123996660605,high_wear,54.9515,171.902350460454,180.47184114448092,437.82,2.4259740313143534,0.625,0.5400125402475183,984289.9282215514,0.0,0.0,1.302590625,3.876376944338568,4.089381438669851,9.3386,2.2836216528232582,0.65625,0.5048990591457186,483.4712699784376,0.0,0.0,1.9011703125000001,3.9549415473983176,4.388167180095666,9.4941,2.1635684353742013,0.65625,0.507141183004809,503.609701229375,0.0,0.0
W1,nuaa,2575.7391,2606.7096,0.2490119884270485,high_wear,101.829334375,188.47858439436513,214.22742614931306,452.18,2.110747480506244,0.03125,0.49158107037972076,1164823.0739978252,0.0,0.0,2.0451499999999996,3.7353943446860467,4.258615905762399,10.143,2.381759760553975,0.625,0.5182284759504817,446.83079612031247,0.0,0.0,2.6591546875,3.795544990591342,4.634357067345615,10.827,2.336246396784721,0.625,0.5190981252045671,461.34736716312506,0.0,0.0
W1,nuaa,2591.3645999999994,2622.5496,0.24980654785678755,high_wear,199.62167812500002,171.89704801741658,263.43388068838664,523.95,1.9889241225572476,0.25,0.5213768100370869,946334.0305752051,0.0,0.0,1.4277624999999998,3.5902284719473285,3.863708870656212,10.143,2.625197792989334,0.875,0.5340084302149339,415.88479602999996,0.0,0.0,2.043640625,3.611842555474575,4.149924535420794,10.827,2.6089631046512904,0.5625,0.5337616336582566,420.7307727275,0.0,0.0
W1,nuaa,2607.2046,2638.3895999999995,0.25061156744039315,high_wear,224.29397500000002,176.3310347216511,285.30759020276474,710.56,2.490505070317314,0.75,0.5416548257484186,1018146.7203710112,0.0,0.0,1.064896875,3.957112678849976,4.097895326567041,10.628,2.593526469819196,0.53125,0.5158831039302295,503.3255263109375,0.0,0.0,1.674240625,4.010589053084922,4.346021884795911,11.312,2.602840091434839,0.53125,0.5148940622261272,517.1404394684375,0.0,0.0
W1,nuaa,2623.0446,2654.2296,0.2514014736899881,high_wear,242.685421875,175.5295812769678,299.51101464539556,710.56,2.3724002298922584,0.9375,0.5256928692700624,1008356.007682885,0.0,0.0,0.9449890625000001,3.907838960950684,4.020473811998873,10.628,2.643469525477655,0.90625,0.5161662822156928,490.60640896625,0.0,0.0,1.547396875,3.9843972900932876,4.274325543762723,11.312,2.6464994030477977,0.90625,0.5150318346427867,509.8546810409376,0.0,0.0
W1,nuaa,2638.8845999999994,2669.5977,0.25215043243030116,high_wear,194.12580624999998,175.13682115501499,261.453121565791,552.66,2.11380149791377,0.96875,0.5141483816046039,984173.3732237987,0.0,0.0,0.959409375,3.3720337238230003,3.505863343520038,11.936,3.4045822185458436,0.6875,0.5767697009463664,366.66345551,0.0,0.0,1.552465625,3.42768357751534,3.7628664903733964,12.629,3.356217934468039,0.6875,0.5781077429973734,378.8321737621875,0.0,0.0
W1,nuaa,2654.7246,2685.4376999999995,0.25285703535863246,high_wear,173.04284375,173.14337107295458,244.79063037541644,531.13,2.1697317384470436,0.4375,0.5024516004527353,960533.5514733437,0.0,0.0,1.385859375,3.621789547771876,3.8778816041267943,11.936,3.0779691642204483,0.5,0.5400554588672297,423.19314356,0.0,0.0,1.9569109375,3.6772143115627105,4.165501831768743,12.629,3.0318075732636305,0.5,0.5393838808522264,436.104827456875,0.0,0.0
W1,nuaa,2670.0927,2701.2777,0.2535422487878069,high_wear,209.71492187500002,168.64257647910128,269.11088246027305,559.84,2.0803320730912667,0.3125,0.5261483331123968,922842.0605864376,0.0,0.0,1.22803125,3.9579727675949767,4.144105353390524,10.4,2.5095887080889923,0.5,0.5020215741990994,501.77354497375,0.0,0.0,1.8002734375,4.015282585682879,4.400395288227667,11.139,2.53136349586594,0.5,0.502001914555737,516.31292313375,0.0,0.0
W1,nuaa,2685.9327,2717.1177,0.2542106441510792,high_wear,203.2103125,171.7749796128531,266.08471344168527,574.19,2.157921785784356,0.53125,0.530929323746017,953027.6277084063,0.0,0.0,0.7487484375000001,4.013470299270017,4.08271577087865,10.4,2.547324032248709,0.71875,0.5210227415919305,515.570346905625,0.0,0.0,1.3305140625,4.064430605296515,4.276665034320697,11.139,2.6045995911787165,0.71875,0.5201119576328678,528.7699418181251,0.0,0.0
W1,nuaa,2701.7726999999995,2732.8719,0.25485725431537903,high_wear,163.2863125,192.28066771981355,252.25834976988375,574.19,2.276198193335484,1.0,0.5444263279771556,1291925.185967,0.0,0.0,1.4828921874999998,4.374933754295054,4.619417127108003,9.942,2.1522195823489563,0.03125,0.5056269320609332,615.124640403125,0.0,0.0,2.085034375,4.443414750441755,4.908289212075323,10.694,2.178763218290139,0.03125,0.5051914343574759,634.335190255,0.0,0.0
W1,nuaa,2717.6127,2748.7119,0.2554931661785059,high_wear,122.46473437499999,198.35455894679185,233.1140112059239,531.13,2.2784130273955103,1.0,0.5359206092819844,1440770.1784730628,0.0,0.0,2.078396875,4.81870896976594,5.247827141333115,11.27,2.1475554922979154,0.625,0.5256005912981657,755.158407025,0.0,0.0,2.687653125,4.90215928054824,5.590585383677411,12.029000000000002,2.1516530335303616,0.625,0.5263841238861972,781.4190474325001,0.0,0.0
W1,nuaa,2733.3669,2764.5519,0.25613625296580156,high_wear,137.49228125000002,186.72978360977166,231.88820472434824,588.55,2.5380764868986123,0.625,0.5030689809944939,1150562.1106304687,0.0,0.0,1.6137312500000003,4.378708471001859,4.666606520936814,11.27,2.4150311258163595,0.3125,0.5449188953680152,643.2730064590625,0.0,0.0,2.2109703124999998,4.456385707564753,4.974712383378938,12.029000000000002,2.418029239276268,0.3125,0.5448480307122001,666.2926615525,0.0,0.0
W1,nuaa,2749.2069,2780.3919,0.2567901041784876,high_wear,183.696984375,188.1621126436334,262.9630443674251,617.26,2.3473260339104285,0.625,0.4961907298685686,1132999.656738875,0.0,0.0,1.4677078125000003,3.4544117713487363,3.7532821515183548,8.7912,2.342269950699977,1.0,0.49575072516716795,405.7083254662501,0.0,0.0,2.07081875,3.520741086443796,4.084593993669995,9.6092,2.352547160107378,1.0,0.49658305304365474,420.8038963040625,0.0,0.0
W1,nuaa,2765.0469,2796.2319,0.25745388746530795,high_wear,173.3793125,199.07245997452432,263.9890723558103,617.26,2.338202844881561,0.21875,0.5100565894493924,1270861.0699943749,0.0,0.0,0.9877125,3.904133111063998,4.027136865263273,11.345999999999998,2.8173862422871134,0.09375,0.4940617656144417,492.15186148531257,0.0,0.0,1.589740625,3.968022573521301,4.274631960619534,12.146,2.8414142110703833,0.09375,0.49384677101763513,508.49203361499997,0.0,0.0
W1,nuaa,2780.8869,2812.0719,0.2581255868615784,high_wear,167.996078125,179.15991103239173,245.6032491367238,588.55,2.396344519336398,0.25,0.5152947060604545,1046271.3340523125,0.0,0.0,1.3860859374999999,4.636878328138285,4.839615155783954,11.345999999999998,2.344401287040373,0.9375,0.5387945863786785,689.830705155625,0.0,0.0,2.0036859375000002,4.702697951437929,5.1117634294432825,12.146,2.3760880501707433,0.9375,0.5381794366966026,709.296221738125,0.0,0.0
W1,nuaa,2796.7269,2827.9119,0.2588024952679048,high_wear,179.6591875,198.85758108339706,267.9958231157717,588.55,2.1961163168791322,0.375,0.5017696736860816,1277604.240982906,0.0,0.0,1.7988265625000004,4.819710766323347,5.144452242267271,11.421,2.2200614297017007,0.71875,0.5551747615228553,747.67257771375,0.0,0.0,2.4215921875,4.89730485491461,5.463305186838023,12.251,2.2424154574989914,0.71875,0.5561389437743091,772.6706319499998,0.0,0.0
W1,nuaa,2812.5669,2843.6892,0.2594805544642809,high_wear,170.01478125,214.36641282316336,273.60187278261867,674.68,2.4659187933850317,0.4375,0.5365013991003456,1531081.5783185002,0.0,0.0,1.274959375,4.4620200210960625,4.640597383587861,11.421,2.4611055551580505,0.75,0.5621699474112904,669.5427928625,0.0,0.0,1.8559531249999999,4.541625605061775,4.90621291208912,12.251,2.4970379841879686,0.75,0.5627890003618768,695.1407379896875,0.0,0.0
W1,nuaa,2828.4069,2859.5292,0.26015783531349246,high_wear,205.45325,174.94431367170097,269.8454202346688,674.68,2.5002462499206777,1.0,0.5493678825932825,1037490.8287801249,0.0,0.0,1.196353125,3.650944787695746,3.8419602604009326,8.5592,2.2278210652566184,0.84375,0.5631100611152151,431.8345008809375,0.0,0.0,1.75443125,3.694557503818751,4.089961388570802,9.2339,2.2576985752979684,0.84375,0.5630552187528032,442.14352089375006,0.0,0.0
W1,nuaa,2844.1842,2875.3692,0.2608331004512457,high_wear,221.37765625,184.33434879369156,288.0750229227406,545.48,1.8935345191182833,0.75,0.53587009671835,1090592.9278374999,0.0,0.0,1.3528125,3.779269484904623,4.014097594688936,10.175,2.534816296809169,0.5,0.5336937364221439,462.0221647850001,0.0,0.0,1.9341609375000002,3.8350532559298145,4.295184746663262,10.856,2.5274815031957694,0.5,0.5343303611138451,475.92702445812506,0.0,0.0
W1,nuaa,2860.0242,2891.2092,0.26150328616081797,high_wear,229.90087499999998,199.1888445024046,304.1884417593291,660.32,2.1707596652289594,0.625,0.517849554206451,1272898.1624732811,0.0,0.0,1.45229375,4.421458703650407,4.653864437687781,11.077,2.380172467056965,0.625,0.49683509477005855,632.7277554587502,0.0,0.0,2.0346484375000005,4.5033835358813885,4.9416856977623285,11.753,2.378338226836632,0.625,0.49666145032216213,656.149438730625,0.0,0.0
W2,nuaa,0.0033,31.1883,0.0599999999999999,low_wear,138.3895625,172.45133902775254,221.1133992805643,545.48,2.4669694454285716,0.625,0.5139236672984397,954111.423849,0.0,0.0,1.9312843750000002,3.4023121628542343,3.9122356000917176,9.9246,2.5368104108472735,0.25,0.4510602865910813,373.6095953921875,0.0,0.0,2.6015296875000002,3.4707305500193186,4.337502422567767,10.685,2.4633992005183862,0.25,0.4514412322914954,388.914368855,0.0,0.0
W2,nuaa,15.8433,47.0283,0.059999999999999894,low_wear,141.080515625,173.44158061740055,223.57480577220264,545.48,2.4398097903561737,0.59375,0.5063659507986974,963796.9581229377,0.0,0.0,2.5262234374999997,2.8997927139680058,3.8458552547068448,8.1712,2.1246769466946205,0.25,0.5001967946767162,270.637619646875,0.0,0.0,3.2204015625,2.9579741276490754,4.3727105053494855,8.9538,2.04765442145006,0.25,0.5013343279161323,281.894288405,0.0,0.0
W2,nuaa,31.6833,62.8683,0.05999999999999989,low_wear,146.014890625,168.96567877938602,223.31535748714052,488.06,2.185519193538244,0.09375,0.4921834296260013,937936.1954727501,0.0,0.0,1.9758671875,3.2546984510883785,3.807507472107737,10.039,2.6366330397357487,0.875,0.5287667493608847,340.05386370937504,0.0,0.0,2.656921875,3.30190415373599,4.238136959834179,10.845999999999998,2.55914334595368,0.875,0.5278049596496304,349.88813165593757,0.0,0.0
W2,nuaa,47.5233,78.70830000000001,0.059999999999999894,low_wear,152.968203125,172.48592129659994,230.54427820448748,488.06,2.1169902970530545,0.59375,0.5220976552349709,955161.2175265625,0.0,0.0,2.1078156249999997,3.8301070484068536,4.371796737183695,10.039,2.2963098706339005,0.875,0.5246344774038723,479.08344976,0.0,0.0,2.7904999999999998,3.88840422562714,4.786081661638777,10.845999999999998,2.2661543965980466,0.875,0.5246446857075261,493.7233503253126,0.0,0.0
W2,nuaa,63.3633,94.4295,0.059999999999999894,low_wear,106.539625,158.36710629464892,190.8686251097368,416.29,2.181028965659814,0.9375,0.5440817889926858,804317.6254910313,0.0,0.0,1.8260031250000002,4.076160957857925,4.46647238510158,11.343,2.53958807354006,0.5625,0.5176451279334685,532.338762885,0.0,0.0,2.4926890625,4.154981374473792,4.845345084153578,12.173,2.5123081614581166,0.5625,0.5173315301234347,553.1571875818751,0.0,0.0
W2,nuaa,79.2033,110.2695,0.05999999999999989,low_wear,106.315671875,182.6490707909103,211.33789330599382,488.06,2.3093823467490675,0.34375,0.5352225243890185,1076357.5702832502,0.0,0.0,1.7615546875,4.116527184560796,4.477596562697587,11.343,2.5332787001172474,0.90625,0.5443922377513939,543.991625635,0.0,0.0,2.4278171874999996,4.199212698848838,4.85053436088167,12.173,2.5096204035110357,0.90625,0.5433554337567357,565.9398022925001,0.0,0.0
W2,nuaa,94.9245,126.1095,0.05999999999999989,low_wear,119.997359375,182.13095092459977,218.10788509742576,488.06,2.2376999335993304,0.46875,0.49799165171238396,1072056.43145475,0.0,0.0,2.1960390624999997,4.010993431792225,4.572817061058342,11.207,2.4507868673421696,0.28125,0.47982458084484825,515.3995378825,0.0,0.0,2.8752640625,4.086711509819325,4.996834437280642,12.018,2.4051227133593787,0.28125,0.47925563710949043,535.0799865206251,0.0,0.0
W2,nuaa,110.7645,141.9495,0.05999999999999988,low_wear,87.02590625,168.81881680468845,189.92972717815596,430.64,2.2673649164780585,0.5,0.4623813220104931,912051.2887378439,0.0,0.0,1.3582140624999999,4.199205155959101,4.41339658102535,11.287,2.557440690584332,0.09375,0.46874157400456407,566.25520674875,0.0,0.0,2.019278125,4.273581906699752,4.726625271731937,12.127,2.565678322867429,0.09375,0.4687855271590292,586.5292260246875,0.0,0.0
W2,nuaa,126.6045,157.32089999999997,0.05999999999999989,low_wear,65.26929687500001,196.4122589694696,206.97308179579022,545.48,2.6355118031155245,0.03125,0.4346052888011522,1236692.6892933124,0.0,0.0,0.782709375,4.227942039526986,4.299782303246585,11.287,2.625016618045444,0.6875,0.5160554186488816,575.8181212284376,0.0,0.0,1.428421875,4.301357109588669,4.5323351638187015,12.127,2.675662668729566,0.6875,0.5161712601928194,595.9823604559376,0.0,0.0
W2,nuaa,142.4445,173.16089999999997,0.0599999999999999,low_wear,51.587640625000006,223.63563885476802,229.5085698426845,559.84,2.439298891469454,0.03125,0.46382685326319545,1602737.423686125,0.0,0.0,1.260059375,4.0460199855737375,4.237691276177101,12.019,2.8362141592444083,1.0,0.5604046978471714,573.2385114075,0.0,0.0,1.8942875000000001,4.124999655965895,4.539157112766092,12.86,2.8331251112309075,1.0,0.5605646176893617,596.1785161378126,0.0,0.0
W2,nuaa,157.81589999999997,189.0009,0.0599999999999999,low_wear,96.446609375,253.65094846564105,271.3682960801669,588.55,2.1688237296007937,0.15625,0.5018014540574338,2062550.7009346874,0.0,0.0,1.1366515625,4.661244318345699,4.797830277306999,12.979,2.7051811443578315,0.84375,0.589204941451641,724.2607553562501,0.0,0.0,1.77425625,4.75170266844801,5.072145846680673,13.829,2.7264594548380368,1.0,0.5891150488040553,752.9622789399999,0.0,0.0
W2,nuaa,173.65589999999997,204.8409,0.0599999999999999,low_wear,168.89326562499997,232.0442504579031,287.00081767139073,588.55,2.0506910216328236,0.65625,0.5391387156448751,1729414.524034813,0.0,0.0,0.9877890624999999,4.618522759704842,4.722973609274802,12.979,2.748056854375031,0.84375,0.5491232940643292,687.490553329375,0.0,0.0,1.6469968750000001,4.70767445872856,4.987464036524474,13.829,2.772751823116257,0.84375,0.5491160252844551,714.2341675046877,0.0,0.0
W2,nuaa,189.4959,220.68089999999995,0.06000000000349394,low_wear,147.58540625,187.6875378454606,238.76361531956402,588.55,2.46499031777634,0.84375,0.5439057933672794,1137554.521977844,0.0,0.0,1.7397,3.971646490554956,4.335958018239741,9.843,2.2700865549422318,0.8125,0.5145308320326364,505.6725131103125,0.0,0.0,2.4118609375,4.046740485046931,4.710963992131148,10.608,2.2517684316243622,0.8125,0.5155569398992582,524.9740435849999,0.0,0.0
W2,nuaa,205.33589999999995,236.26349999999996,0.060000336419248554,low_wear,159.472890625,150.5085758553434,219.281632268407,516.77,2.356649732374569,0.375,0.493284497707882,751266.1661896248,0.0,0.0,2.23453125,3.7793048780444978,4.390475517348605,10.261,2.337104479789147,0.8125,0.5120618485300271,462.47056327000007,0.0,0.0,2.9060203125,3.8396276018637083,4.815360233425558,11.081,2.3011777858449403,0.8125,0.5118060814701639,477.33893104749995,0.0,0.0
W2,nuaa,221.1759,252.10349999999997,0.06001343715668511,low_wear,168.44454687500001,155.72614358916763,229.3996450936185,552.66,2.4091580428315758,0.875,0.544874083083086,782208.7351674375,0.0,0.0,2.1856328124999997,4.132568023413781,4.674944840232743,11.149,2.384840972678716,0.34375,0.518280648922523,554.9324374275,0.0,0.0,2.8390546875,4.214608506022894,5.08164898213722,11.965,2.3545506669309155,0.34375,0.5171800542826359,576.89405033,0.0,0.0
W2,nuaa,236.75849999999997,267.9434999999999,0.060121151851308945,low_wear,127.84725625000002,177.31801944061718,218.60146602664,552.66,2.5281623680083176,0.875,0.5787600397608246,1007061.0706190236,0.0,0.0,1.616846875,4.163684280702037,4.466593848399752,11.149,2.496085468795054,0.9375,0.5520277556847585,559.361370875,0.0,0.0,2.2487078124999997,4.260666858724432,4.817672561209536,11.965,2.4835643867411448,0.9375,0.5516560811520698,585.809386249375,0.0,0.0
W2,nuaa,252.59849999999997,283.78349999999995,0.06053015651359801,low_wear,111.47345312499999,188.4872437038454,218.98349661717518,466.53,2.1304345177005883,0.21875,0.5111460368528451,1137150.1019948577,0.0,0.0,1.4051625,4.76110033105203,4.964127114987085,12.463,2.510612583302558,0.5,0.4872239237262685,725.681241215,0.0,0.0,2.0373984375000003,4.86398191738557,5.273453563442201,13.285,2.519221955816054,0.5,0.48755994012193293,757.3487224306251,0.0,0.0
W2,nuaa,268.4384999999999,299.6234999999999,0.061401741968234044,low_wear,128.9686625,201.1104380389537,238.91070339199698,624.43,2.613654353423653,0.25,0.4601855816773444,1294834.2110919147,0.0,0.0,1.2375093750000001,4.718433991561672,4.878016890698258,12.463,2.554931702628032,0.09375,0.480851300676273,717.8530516375,0.0,0.0,1.867921875,4.810564423597712,5.160490500396983,13.285,2.574367688299789,0.09375,0.48058042461164374,746.2941818159375,0.0,0.0
W2,nuaa,284.27849999999995,315.46349999999995,0.06256581260781284,low_wear,137.940784375,193.30863264628567,237.47818310229442,624.43,2.6294204875696936,0.8125,0.4927782382924569,1196493.182024505,0.0,0.0,1.0863953125,4.255052836460645,4.391552050937544,11.597,2.640752031511087,0.28125,0.5107858886545668,585.2143717425,0.0,0.0,1.7176484374999998,4.333379232805509,4.661383027617045,12.397,2.6595111207451008,0.28125,0.5104584507290126,606.9875247399999,0.0,0.0
W2,nuaa,300.1184999999999,331.0857,0.0636892473495574,low_wear,92.857871875,178.3314591218883,201.0589308677822,495.24,2.463158427544178,0.84375,0.5803373508686247,1062563.0761490727,0.0,0.0,1.9151890625,4.768085270647078,5.138344703625989,11.597,2.256952514652494,0.28125,0.4530050903075558,738.4325199887501,0.0,0.0,2.5674656249999996,4.847404725379433,5.485363461721337,12.397,2.2600143247590294,0.28125,0.4519496225510713,763.4674255825,0.0,0.0
W2,nuaa,315.9585,346.92569999999995,0.06464823471286582,low_wear,99.362475,158.56504770675542,187.12502716732268,452.18,2.4164592350101386,1.0,0.5714842162861572,888257.2912864613,0.0,0.0,1.610509375,4.129450948662801,4.4323927606175655,11.01,2.483985647171298,0.0625,0.4580415286321093,545.7487419284377,0.0,0.0,2.25243125,4.195281002204851,4.761704445200007,11.809,2.4799943247010963,0.0625,0.45763918091656797,563.3155084,0.0,0.0
W2,nuaa,331.5807,362.7657,0.06553128477874497,low_wear,174.7255,178.07630075195294,249.47979725771384,789.51,3.164624986384899,0.90625,0.5372435890494026,1041546.4691791252,0.0,0.0,1.101603125,3.986087079846003,4.1355071820908496,10.195,2.4652357138080374,0.1875,0.5158399256477615,509.15473987093753,0.0,0.0,1.7273171875,4.052694835598387,4.4054466398673755,10.95,2.4855595573232603,0.875,0.5155588520666708,526.369151136875,0.0,0.0
W2,nuaa,347.42069999999995,378.6057,0.06647751648448622,low_wear,178.9870625,229.35350989798988,290.92851535197826,789.51,2.7137594231518203,1.0,0.5598331025095781,1913317.7277970002,0.0,0.0,2.1007437500000004,4.855011759765463,5.290015452777525,13.385,2.5302383555367873,0.75,0.53815588374441,762.1626615499999,0.0,0.0,2.7274015625,4.94759265285566,5.649547976760507,14.216,2.5163075096410736,0.75,0.5385540675260065,791.6031933099999,0.0,0.0
W2,nuaa,363.26069999999993,394.44569999999993,0.06759898922966864,low_wear,148.93134375,219.60785277890926,265.3453488443763,660.32,2.488530523997518,0.96875,0.5595891092651095,1600182.8788745,0.0,0.0,1.6705140625000001,5.254234124817431,5.513401261599435,13.385,2.4277209956086194,0.90625,0.4895305241254066,885.6788479793752,0.0,0.0,2.2831546875,5.3687709274309725,5.834080612939904,14.216,2.4367164156883816,0.90625,0.4895586427305289,924.6305397706251,0.0,0.0
W2,nuaa,379.1007,410.1107999999999,0.06879057790817074,low_wear,187.95834374999998,197.29227802799477,272.49326955856867,559.84,2.054509459653535,0.59375,0.5062499690859129,1256934.8631983437,0.0,0.0,1.2928843749999999,4.72843381652486,4.90200330113873,10.92,2.2276606785359157,0.21875,0.48514583277979617,727.8952193949999,0.0,0.0,1.9099265625,4.831732461364214,5.195522885364258,11.739,2.2594453453508327,0.21875,0.4858748541192237,760.251929598125,0.0,0.0
W2,nuaa,394.9407,425.9508,0.06963910554754006,low_wear,226.985578125,183.4256186209076,291.83455971355266,559.84,1.918347164055914,0.5625,0.4766756992022728,1079214.279033375,0.0,0.0,1.4949234375,3.7094779238771505,3.999377770568661,10.715,2.6791667641030226,0.15625,0.4778104609844245,441.66686546812497,0.0,0.0,2.11181875,3.784668939941899,4.333993241551318,11.498,2.6529806022227165,0.15625,0.47862872824379626,459.59114353875,0.0,0.0
W2,nuaa,410.60579999999993,441.79079999999993,0.06995522377993493,low_wear,248.293265625,188.88727434638778,311.97427484447235,746.45,2.3926652297601323,0.34375,0.50497025392516,1142882.523864625,0.0,0.0,1.34198125,3.4808827804467843,3.7306110232189176,8.7212,2.3377403716764356,0.6875,0.5301976002128945,389.72409137656246,0.0,0.0,1.9551796874999998,3.5394465010957084,4.043563916216887,9.4723,2.3425622041019145,0.6875,0.5288714374873944,402.93376820500004,0.0,0.0
W2,nuaa,426.4457999999999,457.6307999999999,0.06999910202274504,low_wear,259.28321875,212.52041501556891,335.25022643355516,746.45,2.226545848874893,0.25,0.5006797858668018,1445921.694626,0.0,0.0,1.2917203124999999,4.401800915256863,4.58741677453458,11.992,2.614107370093196,0.75,0.48662165661163365,621.8003920225,0.0,0.0,1.9069140625,4.486247507378354,4.874703882208514,12.772,2.6200565836654617,0.75,0.4864988040154754,646.034823165625,0.0,0.0
W2,nuaa,442.2858,473.4708,0.0699999999999999,low_wear,229.6761875,226.41520247689274,322.5135578811959,746.45,2.314476342960346,0.28125,0.5099599435390132,1643282.8714528752,0.0,0.0,1.4408203125,5.240680028726582,5.435134803885387,11.992,2.2063850176130573,0.0625,0.505369732401298,890.168259093125,0.0,0.0,2.0606968749999997,5.35852730584535,5.741104989296486,12.772,2.224658845955904,0.0625,0.5053148655478898,930.8235679196875,0.0,0.0
W2,nuaa,458.1257999999999,489.3107999999999,0.0699999999999999,low_wear,207.69539062500002,226.07301009426533,306.9957347911419,746.45,2.4314670055850502,0.53125,0.5123818356403012,1669802.4272674373,0.0,0.0,1.4872640625,5.111500051152034,5.323475102274006,11.567,2.172828796561662,1.0,0.5118221126063467,906.4006811562501,0.0,0.0,2.116165625,5.2194934145715575,5.632163745594361,12.355,2.193650710113752,1.0,0.5120971300280377,944.0846907321875,0.0,0.0
W2,nuaa,473.9658,505.1508,0.0699999999999999,low_wear,205.90157812500001,196.0559760492368,284.3121622776352,631.61,2.2215370420320717,0.75,0.5084761026353618,1231276.4496326875,0.0,0.0,1.2805125000000002,4.935143409152996,5.098563791065333,11.688,2.2924102706103087,1.0,0.5436324924126615,889.6669914500001,0.0,0.0,1.9059312499999996,5.032478176333548,5.381301935870166,12.526,2.3276894976855678,1.0,0.5438430211217593,923.24574683,0.0,0.0
W2,nuaa,489.8057999999999,520.8422999999999,0.0699999999999999,low_wear,173.26709375000002,180.72155594291655,250.36326918899266,552.66,2.2074324312437836,1.0,0.5523961128795819,1100523.2134382187,0.0,0.0,1.4495734374999998,4.553626955146654,4.778784531378638,11.688,2.4458102103691446,0.5625,0.5590370334970846,687.808486211875,0.0,0.0,2.1013359375,4.650434888143768,5.103151709590236,12.526,2.4545615558440437,0.5625,0.5582168249866185,716.096107828125,0.0,0.0
W2,nuaa,505.6458,536.6822999999999,0.0699999999999999,low_wear,151.51050625,161.51693159693804,221.4568867672018,552.66,2.495564748821575,0.21875,0.5108805309043349,851066.4776261799,0.0,0.0,1.3676218750000002,3.7120694269869854,3.955989007030985,9.2744,2.3443947856064806,0.71875,0.5322903918976372,442.4928220659375,0.0,0.0,2.0401578125000004,3.7883125403916935,4.302738175115208,10.085,2.3438563048819416,0.71875,0.5306958349171259,461.02829080250007,0.0,0.0
W2,nuaa,521.3372999999999,552.5223,0.0699999999999999,low_wear,148.931115625,161.34173936170316,219.57147825154084,552.66,2.5169935749436148,0.21875,0.4575811540626736,882862.873778675,0.0,0.0,0.968934375,4.1587783280977915,4.270160536245974,9.8405,2.304480104781044,0.6875,0.525059371419271,555.5223644371873,0.0,0.0,1.6313234375,4.236262289844308,4.539508161254229,10.649,2.345848850078456,0.6875,0.524342442853981,576.7201416543751,0.0,0.0
W2,nuaa,537.1773,568.3622999999999,0.06999999999999991,low_wear,155.2113375,175.75209391448183,234.47677455104963,681.85,2.9079639179851884,0.21875,0.49226343567664094,1013998.630452075,0.0,0.0,1.2300515625,4.508203773850519,4.6729999050897435,9.9111,2.120928782644531,0.90625,0.48381531192237737,653.330579324375,0.0,0.0,1.9010015624999999,4.593120230045563,4.970971775043714,10.743,2.161146851393162,0.90625,0.4825856056806922,677.767539769375,0.0,0.0
W2,nuaa,553.0173,584.2022999999999,0.0699999999999999,low_wear,187.957971875,186.40021996429775,264.71350776660773,681.85,2.5758035762994482,0.875,0.5182314989299023,1135802.406303135,0.0,0.0,1.2548875000000002,4.237087476177622,4.419010400354077,11.334,2.5648276363169122,0.28125,0.495286342983991,599.4380558478125,0.0,0.0,1.9212734375,4.320113905263457,4.7280731568043395,12.151,2.569968694861047,0.28125,0.49475442751414783,622.5268333181251,0.0,0.0
W2,nuaa,568.8572999999999,600.0423,0.06999999999999988,low_wear,200.518284375,189.96330473550282,276.2130328473421,710.56,2.572507143038082,0.6875,0.5661993290442106,1242903.2784181426,0.0,0.0,0.2608828125000001,4.164039314271461,4.172203644677025,11.334,2.716550045312416,0.75,0.5246042747767186,574.2722694868751,0.0,0.0,0.9100140625000002,4.2436219758990665,4.3400982786431515,12.151,2.7997061863305954,0.75,0.5244515972405495,596.4721242162501,0.0,0.0
W2,nuaa,584.6972999999999,615.8823,0.06999999999999991,low_wear,201.6399,185.60777276344058,274.0600200361501,710.56,2.5927167337515082,0.6875,0.5102607964089555,1111952.3157622048,0.0,0.0,0.7875984375,4.535011730190597,4.602895033749819,10.53,2.2876906648513278,0.9375,0.5738830237608588,680.846094358125,0.0,0.0,1.4541890625,4.6199362128009005,4.8433951356299385,11.325,2.338235820713615,0.9375,0.5736527254225987,706.3734548750001,0.0,0.0
W2,nuaa,600.5373,631.653,0.07000000550131012,low_wear,162.164234375,201.50190594506034,258.6508399559566,653.14,2.5251802782129666,0.0625,0.4781394759749326,1337475.748175,0.0,0.0,2.09759375,4.706324635625813,5.152610126522043,10.53,2.043624443036919,0.25,0.5400798079522094,729.3317868740627,0.0,0.0,2.7828062499999997,4.801640191085587,5.549753071055279,11.409,2.0557671402541504,0.25,0.5401174604932926,759.3655815465625,0.0,0.0
W2,nuaa,616.3772999999999,647.493,0.07000127044106236,low_wear,137.26804687499998,192.9676746159857,236.8101352129552,653.14,2.7580745199636563,0.09375,0.4964148327057816,1233298.0802379376,0.0,0.0,1.6561343750000002,4.2160136846840714,4.529630499003202,10.529000000000002,2.3244721622033033,0.3125,0.48324427781800744,586.5701763821875,0.0,0.0,2.3208171875,4.303567335963659,4.889466661402729,11.409,2.333383329937032,0.3125,0.48274318598068844,610.8479401043751,0.0,0.0
W2,nuaa,632.148,663.333,0.07001853947052558,low_wear,161.49203125,179.02222762053256,241.0988057611832,617.26,2.56019517828478,0.78125,0.5248944860201493,1032579.310237094,0.0,0.0,1.200184375,3.5889457205519784,3.784306266551704,8.3588,2.208806426129093,0.65625,0.5695622435934089,412.7009083925,0.0,0.0,1.8586390625,3.6498977325834585,4.095887281526281,9.1658,2.2378057231556627,0.65625,0.5691236636917908,426.7973239012501,0.0,0.0
W2,nuaa,647.988,679.173,0.07012612886149533,low_wear,181.22971875,192.8819671615478,264.66519267616684,545.48,2.0610190349715776,0.75,0.5859100653597714,1237034.2898799686,0.0,0.0,0.6378859375000001,4.237740425512279,4.285480414525453,7.7606,1.810905487677829,0.5625,0.5517193459177084,584.5330556768749,0.0,0.0,1.2956546875000001,4.322915618752352,4.512905994599683,8.3401,1.8480553350723647,0.5625,0.5516428744232585,608.050986254375,0.0,0.0
W2,nuaa,663.828,695.013,0.07053687890581153,low_wear,214.64943749999998,203.71062686342566,295.92634305880284,602.9,2.037331295917103,0.40625,0.5382315096823626,1368635.3108344064,0.0,0.0,0.7278093750000001,4.620538343185739,4.677507997554628,10.723,2.2924600034047873,0.71875,0.5092973749361003,693.1332584900001,0.0,0.0,1.3881812500000001,4.725647706230166,4.925321657135704,11.58,2.3511154816098427,0.71875,0.5081207031598712,724.3313321899999,0.0,0.0
W2,nuaa,679.668,710.853,0.07148118253481414,low_wear,194.68685937499998,202.1150365676583,280.6304709400725,602.9,2.148376824442371,0.0625,0.49631649416162765,1323314.7711465,0.0,0.0,1.6869078124999999,4.92646068092705,5.207271147980845,11.431,2.1951996881192652,0.40625,0.4763397534656894,790.2043854987501,0.0,0.0,2.3616421875,5.029224591848276,5.556118592779607,12.255,2.2056764619685856,0.40625,0.4753447885595912,823.2410893425,0.0,0.0
W2,nuaa,695.508,726.693,0.07275773186800968,low_wear,150.94957812500002,204.03500287081602,253.8031866084612,574.19,2.2623435413590585,0.59375,0.5268489317870052,1344354.0271146877,0.0,0.0,1.8939921874999999,5.240116989846955,5.571896667526574,11.431,2.0515455835031386,0.34375,0.5043561009564174,879.5653719250001,0.0,0.0,2.5761390625,5.340580141198882,5.929442529775143,12.255,2.066804752463759,0.34375,0.5040844057893721,913.5478345325001,0.0,0.0
W2,nuaa,711.348,742.0941,0.07389660922942932,low_wear,150.16467812500002,194.83851731915593,245.99080955903997,459.35,1.8673461859141203,0.625,0.5515704070817162,1226831.0411183047,0.0,0.0,1.8247265624999998,4.49192084939875,4.848399730339512,10.662,2.1990761061389192,0.28125,0.5428626642365112,656.019548909375,0.0,0.0,2.5071265625,4.583385747841128,5.224280669518651,11.498,2.2008771594309056,0.28125,0.5434151088770716,683.05309077375,0.0,0.0
W2,nuaa,727.188,757.9341,0.07478110758359967,low_wear,148.81888125,164.77353222326363,222.03012484307732,459.35,2.0688634045702203,0.5,0.519453745350872,884429.2827158901,0.0,0.0,2.3333953125,3.615596979123472,4.303170366118887,9.7531,2.2664917189408214,0.46875,0.5277153663171343,421.59163571374995,0.0,0.0,3.0122984375,3.698090064669032,4.7696762996002935,10.583,2.218808853105372,0.46875,0.5280053781239021,440.786590914375,0.0,0.0
W2,nuaa,742.5891,773.7741,0.07560005570284527,low_wear,124.70759375,186.12661775921174,224.04263383873783,610.08,2.7230531508530893,0.5,0.5232388942330836,1109668.0290339403,0.0,0.0,2.5864171875,3.58517085853113,4.420746990346343,10.205,2.308433398763789,1.0,0.5168209869665191,446.838743209375,0.0,0.0,3.2554859374999996,3.6586975755924396,4.897372421912208,10.996,2.2452856455843206,1.0,0.5165208136247793,464.27260179562506,0.0,0.0
W2,nuaa,758.4291,789.6141,0.07657166791080092,low_wear,163.06154687499998,214.82595073124673,269.7021638342041,653.14,2.4217084161086277,0.75,0.5261655596410846,1484920.9568846275,0.0,0.0,1.8418375,4.2891571552032515,4.667894008912103,10.712,2.29482502806368,0.6875,0.5175138799731945,608.0740344053123,0.0,0.0,2.4988875,4.349345900445117,5.016098932375138,11.552,2.3029848804297988,0.6875,0.516972646982246,625.53886940625,0.0,0.0
W2,nuaa,774.2691,805.4540999999999,0.07781692396689463,low_wear,190.425078125,221.68369391473522,292.2419725614279,653.14,2.234928796419594,0.34375,0.5284258001576935,1635071.9840954125,0.0,0.0,0.8705875000000001,4.67783445869654,4.758156977036907,10.712,2.251291845077122,0.21875,0.4896763718202894,700.3330145753124,0.0,0.0,1.52281875,4.74762693050022,4.985873886949258,11.552,2.316945887909011,0.21875,0.4893126962256347,721.4110836190627,0.0,0.0
W2,nuaa,790.1091,821.2940999999998,0.079053952789708,low_wear,198.05085937500002,209.37370991694993,288.20390924406826,595.72,2.0670087423953323,0.15625,0.49722426805797243,1406054.8986863324,0.0,0.0,0.9670156249999999,4.1356005014469615,4.247153249714743,10.421,2.4536435083193475,0.125,0.46801411093378836,555.5530657734374,0.0,0.0,1.6346421875000001,4.2080036783270485,4.514349348241533,11.27,2.496483796582997,0.125,0.4684039805965076,575.2017379337501,0.0,0.0
W2,nuaa,805.9490999999999,837.1340999999999,0.079777886936553,low_wear,227.88203125,179.60572561468572,290.1524372467062,624.43,2.1520756672778507,0.15625,0.5086793510803842,1032423.9091789885,0.0,0.0,1.123415625,3.8477643977631164,4.008410349151831,10.421,2.5997837277825253,0.53125,0.5039191865817109,473.7801488234375,0.0,0.0,1.7868812500000002,3.9170745015762,4.305393971810245,11.27,2.617646625091877,0.53125,0.5044519485280513,491.0013314615624,0.0,0.0
W2,nuaa,821.7890999999998,852.5121,0.07997999593568225,low_wear,225.6395,182.53864400918303,290.23015094397283,624.43,2.1514994150988205,0.59375,0.5393760891381039,1073264.183049885,0.0,0.0,0.7202640625000002,3.9842698045865,4.0488499843126755,8.8657,2.1896834988577685,0.75,0.5354240565519259,513.663609164375,0.0,0.0,1.358290625,4.055247080354612,4.276678887254396,9.6066,2.2462757324685145,0.75,0.5352213771651184,532.0452598084375,0.0,0.0
W2,nuaa,837.6290999999999,868.3521,0.07999982229235374,low_wear,192.219459375,183.11369457056483,265.4787104490666,581.37,2.189893114278701,0.34375,0.5388662317452743,1074952.3122660923,0.0,0.0,1.8169515625,4.5279651626031265,4.878911917038342,11.228,2.301332795287635,0.75,0.4716494091984213,661.26838599,0.0,0.0,2.470965625,4.619613293279358,5.238940551235049,12.061,2.3021830238475776,0.75,0.471496052001647,688.1201682034375,0.0,0.0
W2,nuaa,853.0070999999999,884.1921,0.07999999999999988,low_wear,184.144546875,181.07892854228388,258.26109367425175,581.37,2.25109400618155,0.34375,0.4841136515177189,1051714.85411376,0.0,0.0,2.440846875,4.84908480604745,5.428752796309434,11.628,2.14192843849971,0.09375,0.5077126544618042,757.6198286046875,0.0,0.0,3.1027375,4.95512254583262,5.846385159919333,12.457,2.1307183258127798,0.09375,0.5073156669954403,790.9472794950001,0.0,0.0
W2,nuaa,868.8471,900.0321,0.0799999999999999,low_wear,191.54624375,208.98131581887134,283.483956964272,595.72,2.101424032524986,0.40625,0.5007507432821274,1438753.1576971302,0.0,0.0,2.0496734375,4.83179288076131,5.248560149504695,11.628,2.215464750098621,0.65625,0.576260528192392,747.26873068,0.0,0.0,2.7032828125000004,4.926485219535155,5.619430094115972,12.457,2.2167728384135525,0.65625,0.5761851385164098,776.8674413737501,0.0,0.0
W2,nuaa,884.6871,915.8721,0.07999999999999992,low_wear,228.77971875000003,218.12853467719646,316.10159340273816,595.72,1.8845839832291074,0.875,0.5045679769939916,1530449.524493469,0.0,0.0,1.6687984374999998,4.452602699738245,4.755056153897528,10.145,2.133518442612828,0.875,0.5397407768341405,639.5028587087502,0.0,0.0,2.3193390625,4.537101672757937,5.095549555816453,11.0,2.158746545295345,0.875,0.5400143908790471,663.86530328375,0.0,0.0
W2,nuaa,900.5271,931.7121,0.07999999999999992,low_wear,256.368359375,209.76832815195843,331.2513957469415,653.14,1.9717350881714149,0.34375,0.5055672820390408,1416666.4356163752,0.0,0.0,0.9033171875,3.816495337002371,3.921940667398444,9.6059,2.4492721370953117,0.78125,0.5067673366446283,474.21150633437503,0.0,0.0,1.5365281249999998,3.891405261858688,4.1837726504839505,10.477,2.504199170284287,0.78125,0.5073055795028629,493.0309779896875,0.0,0.0
W2,nuaa,916.3671,947.5521,0.0799999999999999,low_wear,236.18135,212.39225762839436,317.63516994865154,825.4,2.598578740929202,0.96875,0.5088439075390095,1444116.1239251615,0.0,0.0,0.653015625,3.5558949080724895,3.6153586272664566,10.155,2.8088499778175846,0.875,0.5021898032632268,404.7262466125,0.0,0.0,1.2936484375,3.6245207762972003,3.8484642570324397,10.978,2.8525664438586116,0.875,0.5009904889272944,420.5052848625,0.0,0.0
W2,nuaa,932.2071,963.2997,0.0799999999999999,low_wear,231.47092500000002,197.1741863114994,304.06652046543616,825.4,2.714537591105249,0.46875,0.5431519076572635,1252430.9280508652,0.0,0.0,1.91445625,4.6490688176798844,5.027820959887842,12.645,2.5150060236596166,0.15625,0.4309517791421199,691.9247769790625,0.0,0.0,2.5874468750000004,4.741457270250913,5.401508898128605,13.475,2.4946732948396177,0.15625,0.4310696226356719,719.7276295209376,0.0,0.0
W2,nuaa,948.0471,979.1397,0.07999999999999989,low_wear,194.0139125,186.29237854082984,268.9725795428923,523.95,1.9479680824358798,0.75,0.5320310534701267,1121645.6470082963,0.0,0.0,2.2383187499999995,4.898782855748296,5.385920932800165,12.645,2.3477879006712055,0.0625,0.49477586149043123,779.7228924887501,0.0,0.0,2.930340625,4.978588774558721,5.776957881505412,13.475,2.3325425381998044,0.0625,0.4944726907895891,804.9790752700002,0.0,0.0
W2,nuaa,963.7947,994.9797,0.07999999999999982,low_wear,157.45383750000002,176.02843026726137,236.17307045010975,509.6,2.157739656891365,0.75,0.534595892021941,1005776.8042749462,0.0,0.0,0.9800312499999999,4.379010032311633,4.487336639261924,10.076,2.2454299309394576,0.96875,0.5948850210478709,613.8392302515625,0.0,0.0,1.66551875,4.449542911738063,4.751040394482034,10.88,2.2900247307171453,0.96875,0.5940681468763047,633.79203594875,0.0,0.0
W2,nuaa,979.6347,1010.8197,0.07999999999999993,low_wear,148.70649062500001,193.93688876668398,244.38726885520117,567.01,2.320129042139065,0.8125,0.49951229117349905,1203583.0344003271,0.0,0.0,0.684884375,3.849850081221457,3.9102956736032124,10.076,2.57678724092884,0.84375,0.5838824409592831,486.79206235218754,0.0,0.0,1.3646250000000002,3.9221859757586075,4.152799564036591,10.88,2.619919365774653,0.84375,0.5841654939125231,505.01174626125004,0.0,0.0
W2,nuaa,995.4747,1026.6597,0.08009596661231397,low_wear,148.70681875000002,194.91387702609745,245.16349116475314,567.01,2.312783185237649,0.75,0.486204023213029,1215920.1419598488,0.0,0.0,0.7753390625000001,3.93147941065992,4.007203640730185,10.774,2.688657968487167,0.25,0.4922301277297533,494.64485995999996,0.0,0.0,1.4518312500000001,3.9965426654201304,4.25207799258198,11.626,2.7341925572113905,0.25,0.49129480437305656,511.1270821365625,0.0,0.0
W2,nuaa,1011.3147,1042.4996999999998,0.08280660986986757,low_wear,187.0616,185.10489294172507,263.1650880826093,509.6,1.9364270683200695,0.125,0.49788319641170486,1096468.001151405,0.0,0.0,0.7042890625,4.40724823710602,4.4631670489722035,10.774,2.4139808978203225,0.84375,0.512497800213172,628.545602815625,0.0,0.0,1.3748296875000001,4.493111384966146,4.698745214133636,11.626,2.474277593309265,0.84375,0.512067294329604,652.91027133875,0.0,0.0
W2,nuaa,1027.1547,1058.3397,0.08981456038295563,low_wear,202.76221875,205.00376942328927,288.33845187588145,538.3,1.8669032745993839,0.90625,0.5298634767179432,1376403.2776844902,0.0,0.0,1.0448703125,3.835107176577651,3.9748963540929276,9.0527,2.2774681887437107,0.8125,0.5276567997810283,474.188426384375,0.0,0.0,1.709428125,3.908842951184082,4.2662861755351695,9.3515,2.1919532856529327,0.8125,0.5285337921218054,492.7093031246875,0.0,0.0
W2,nuaa,1042.9947,1074.1797,0.09628803346271599,low_wear,208.59344687499998,200.77387611044463,289.51921422870305,595.72,2.0576181846411634,0.65625,0.5164159534093135,1329102.2907352424,0.0,0.0,0.8110171875000001,3.6975194166391256,3.785419225771929,8.5355,2.2548361201022398,0.125,0.5032675687444742,442.8507368093751,0.0,0.0,1.464884375,3.7505885747780785,4.026512248755118,9.3515,2.322481448526877,0.125,0.5035276337948194,456.0364168771876,0.0,0.0
W2,nuaa,1058.8347,1089.6468,0.09986207296871308,low_wear,69.0824375,242.2356325059519,251.8937967209594,595.72,2.3649649485410764,0.03125,0.3880581137678608,1878111.3060791562,0.0,0.0,0.6977265625000002,4.192328010047125,4.249992529386816,9.8141,2.3092040590988914,0.25,0.49612176425174104,563.9230522775,0.0,0.0,1.3564234375000002,4.268426098573329,4.478766113650193,10.628,2.372974995860676,0.25,0.4950037733268836,584.47915459875,0.0,0.0
W2,nuaa,1074.3018,1105.4868,0.10317215471767184,low_wear,-70.204171875,181.5064028440659,194.61038004702337,473.71,2.434145598428708,0.09375,0.4881727980347759,1054936.3480208127,0.0,0.0,1.38003125,3.8688808500438387,4.107642302198732,9.8141,2.389229460108229,0.1875,0.5156969943279355,480.32660465156255,0.0,0.0,2.0386265625,3.9356798334373804,4.4323327957923295,10.628,2.397834388719479,0.1875,0.5157135777792495,497.13247389937504,0.0,0.0
W2,nuaa,1090.1418,1121.3268,0.1082784483337721,low_wear,-45.755656249999994,193.65435994448157,198.98640959717576,488.06,2.452730319563126,0.53125,0.4946958650987494,1207076.5963287188,0.0,0.0,1.2542765624999999,4.047854911313451,4.237728056197241,11.352,2.67879388423683,0.3125,0.5148303999355319,553.779926895,0.0,0.0,1.9183953125,4.113880858615655,4.539191149743118,12.217,2.6914486737777907,0.3125,0.5161029129124285,572.599846529375,0.0,0.0
W2,nuaa,1105.9818,1137.1668,0.11544781063594448,low_wear,-41.718203125,196.2449537864907,200.63023291279066,488.06,2.4326343687800454,0.53125,0.46412961132876424,1243211.1400131877,0.0,0.0,1.1199015625,4.425879182874721,4.565368117807561,11.352,2.4865464749098045,0.625,0.537980417714366,653.7175621037501,0.0,0.0,1.8012968749999998,4.504085276965538,4.850923068248197,12.217,2.518489744759423,0.625,0.5381560496544149,677.6792875875001,0.0,0.0
W2,nuaa,1121.8218,1153.0068,0.11966356038844397,low_wear,-49.344703124999995,180.32802609894,186.95747303393458,430.64,2.303411535316562,0.40625,0.44887389713747883,1042906.80725475,0.0,0.0,0.8997499999999999,4.104670281711127,4.202126626371759,9.1941,2.187963575942608,0.34375,0.48532366637524277,539.1748300853125,0.0,0.0,1.5690984375,4.1769020717547125,4.46190327367075,9.9818,2.2371170748818368,0.34375,0.4842904298681483,558.322087623125,0.0,0.0
W2,nuaa,1137.6618,1168.8468,0.11999999999999902,low_wear,-58.31640624999999,209.9140080646655,217.8639346465759,904.35,4.15098534535814,0.15625,0.490626390783012,1412884.1451772184,0.0,0.0,0.6713062499999999,4.132543335369992,4.186713090241556,11.066,2.643123558142251,0.34375,0.5057445094624785,563.53321581875,0.0,0.0,1.3208656250000002,4.219435699467804,4.4213486201893195,11.895,2.690355595503949,0.34375,0.5058362761176194,588.0629055900001,0.0,0.0
W2,nuaa,1153.5018,1184.6868,0.12000000000000016,low_wear,-65.04510937500001,224.2143602302073,233.45865926764608,904.35,3.873705104093903,0.90625,0.5154630480075838,1615719.2378870002,0.0,0.0,1.1650343750000003,4.599116750299003,4.74438404619741,11.767,2.480195508083113,0.75,0.5109139255266967,690.6041275299999,0.0,0.0,1.829903125,4.7019257695972545,5.04545849152359,12.687,2.5145385739104307,0.75,0.5104022750380125,722.3289032809377,0.0,0.0
W2,nuaa,1169.3418,1200.3321,0.12000188275268762,low_wear,-10.317312500000002,228.47509219215743,228.70792441329507,617.26,2.6989007992768874,0.03125,0.47925107253830923,1674137.042651375,0.0,0.0,1.02515625,4.061618916372625,4.188996724604831,11.767,2.809025829713448,0.625,0.49149764965214693,529.96635210375,0.0,0.0,1.70749375,4.141145499242745,4.47935497054961,12.687,2.8323274407617047,0.625,0.4909546392742285,551.0908268737501,0.0,0.0
W2,nuaa,1185.1818,1216.1721,0.12113275620794127,medium_wear,129.417703125,214.9252570466126,250.882059937938,617.26,2.4603592626459414,0.125,0.4541705235572003,1483775.6927412502,0.0,0.0,0.8341531249999999,3.302941242332769,3.406645312657307,9.2076,2.7028349460947365,0.875,0.48684529836718576,350.0598873346875,0.0,0.0,1.5191359375,3.346603164234557,3.675258730411881,10.043,2.732596733094351,0.875,0.4884674463220024,359.4631318287501,0.0,0.0
W2,nuaa,1200.8271000000002,1232.0121,0.12648448414559227,medium_wear,218.686078125,168.8925274029968,276.31193708970596,559.84,2.0261158670761494,0.6875,0.511890106270118,915238.712407625,0.0,0.0,1.302746875,3.4653322519262466,3.7021179122986476,9.2076,2.4871168931199694,0.46875,0.4942642078597127,386.9694223646875,0.0,0.0,1.9922453124999997,3.5296616547716764,4.05309175597392,10.043,2.4778614955354645,0.46875,0.49512147804712914,401.44764436,0.0,0.0
W2,nuaa,1216.6671,1247.8521,0.13346072351525196,medium_wear,202.087796875,173.86288145872487,266.5854069429193,559.84,2.100039932492898,0.71875,0.525276332077997,971170.8655463126,0.0,0.0,1.3984984375,4.05590021717945,4.290235943559078,10.581,2.4662979237506115,0.625,0.5255699588861973,526.4120598668751,0.0,0.0,2.0792625,4.128933770944231,4.622924034499161,11.375,2.4605639017886967,0.625,0.5258277503524312,545.5407350278125,0.0,0.0
W2,nuaa,1232.5071,1263.2697000000005,0.13785109669803045,medium_wear,129.192921875,187.8501528559653,227.98791851896314,516.77,2.2666551954024574,0.03125,0.46103534238494237,1130132.8018191874,0.0,0.0,1.1484562500000002,4.275007376049009,4.426583312605502,10.72,2.421732348168586,0.6875,0.5011551502633864,585.5825633665625,0.0,0.0,1.82293125,4.342462164626301,4.709570680373902,11.604,2.4639188553549287,0.6875,0.5019925544391965,604.0943749265625,0.0,0.0
W2,nuaa,1248.3471000000002,1279.1097000000002,0.14096144640366626,medium_wear,30.2800625,204.82535954913786,207.05146727187784,459.35,2.2185305231226917,0.03125,0.4808492499094336,1406262.1315734063,0.0,0.0,0.4507796875000001,4.333124656360137,4.356509108703751,10.72,2.4606857767341297,0.03125,0.4455127673828202,600.9642032581249,0.0,0.0,1.1311890624999998,4.408782164297088,4.55158751067622,11.604,2.5494401618735476,0.03125,0.44750015912953217,622.251826661875,0.0,0.0
W2,nuaa,1263.7647000000002,1294.9497,0.144984426248506,medium_wear,-51.36296875000001,190.18117777307845,196.99501246977994,488.06,2.477524653447107,0.59375,0.5389846040126828,1170735.0044609688,0.0,0.0,0.33626562499999996,4.792405502564017,4.804188284357983,10.912,2.271351444640194,0.0625,0.48544185916396165,735.5387312521876,0.0,0.0,1.0184453125,4.87929862140585,4.984454422643089,11.769,2.361141060200385,0.0625,0.484754415382958,762.46634591125,0.0,0.0
W2,nuaa,1279.6047,1310.7897000000005,0.1523242848816937,medium_wear,-70.65228125,186.09953405607885,199.0597433478672,545.48,2.7402828458727866,0.5625,0.5001069886139262,1121587.7986522499,0.0,0.0,1.274303125,4.2094371754490805,4.398091607554065,10.912,2.4810761061133406,0.59375,0.5018664775704323,569.2660207509375,0.0,0.0,1.967546875,4.290409456602334,4.720048094100843,11.769,2.493406797000437,0.59375,0.5014276999409252,591.1247827850001,0.0,0.0
W2,nuaa,1295.4447000000002,1326.6297000000002,0.15854989352845994,medium_wear,-92.857796875,185.60907092303398,207.54107460787282,545.48,2.628299005537229,0.09375,0.49583666078389327,1114329.3866461874,0.0,0.0,1.4663296875,3.533342570369791,3.8255238166859256,10.831,2.831246260383489,0.59375,0.5282982102306427,404.277858915,0.0,0.0,2.165334375,3.5923497055904594,4.19447843751908,11.659,2.7796066122814502,0.59375,0.5276636203109426,417.51340703218756,0.0,0.0
W2,nuaa,1311.2847000000002,1342.4697,0.1599925723647228,medium_wear,-101.381015625,180.32845350650194,206.8730564215725,531.13,2.56741989115125,0.09375,0.5166138985363729,1056685.853228,0.0,0.0,1.4787859375,4.072616934972033,4.332783925834376,10.831,2.499778476240133,0.75,0.5197436359038154,547.8385721218751,0.0,0.0,2.177228125,4.14826995556087,4.684918988894045,11.659,2.488623608570083,0.75,0.5208934807648481,568.4005420996876,0.0,0.0
W2,nuaa,1327.1247,1358.3097000000002,0.15999999999999984,medium_wear,-67.9609375,193.17852666250485,204.7843553335435,531.13,2.5936063286422417,0.46875,0.5222136045473997,1197434.0991170001,0.0,0.0,1.7744671875000002,3.8795433034642866,4.266097753564579,10.574000000000002,2.4786117456321284,0.15625,0.5064780349515343,501.59330714125014,0.0,0.0,2.47853125,3.96382159600567,4.674933026492198,11.447,2.4485912279665687,0.15625,0.5056337633483031,523.6413294015626,0.0,0.0
W2,nuaa,1342.9647000000002,1374.0243000000005,0.15999999999999995,medium_wear,-1.7942499999999981,212.9693221582923,212.9768802326323,531.13,2.4938387651272405,0.0625,0.44907671473097943,1468138.8135781249,0.0,0.0,1.6234937499999997,3.8508795106960223,4.179115332482163,10.398,2.4880863945490024,0.84375,0.4767409985809062,475.6971099687501,0.0,0.0,2.327590625,3.9304634314352307,4.567955878009058,11.26,2.4649975395357075,0.84375,0.47561746273631456,495.44265714718756,0.0,0.0
W2,nuaa,1358.8047,1389.8643000000002,0.15999999999999986,medium_wear,83.886046875,228.96396525814316,243.8470140211827,631.61,2.590189601194513,0.03125,0.4560180291320948,1735698.972034875,0.0,0.0,1.3844015625000001,3.7824380307833607,4.027828837347578,10.133,2.515747418570254,0.625,0.4732495462871405,458.07944964,0.0,0.0,2.0644734375,3.8592638590977666,4.376753146829422,11.015999999999998,2.5169342730649853,0.625,0.4725595910881139,476.9389932643751,0.0,0.0
W2,nuaa,1374.5193000000004,1405.7043000000003,0.15999999999999984,medium_wear,132.78215625,234.8886404267735,269.82174563948234,631.61,2.3408417231275154,0.375,0.4831956388113844,1769234.263599344,0.0,0.0,1.029346875,4.1590863492617265,4.284571652999574,10.342,2.4137768807669953,0.125,0.5334008223096209,557.8187627846876,0.0,0.0,1.6774296875,4.2437902499077875,4.563280184441752,11.169,2.447581465210065,0.125,0.5322887140346886,580.744004631875,0.0,0.0
W2,nuaa,1390.3593000000003,1421.5443000000002,0.15999999999999942,medium_wear,128.295984375,197.04979026342335,235.13502386843473,574.19,2.4419586268070255,0.40625,0.4704465466027473,1242676.8397546876,0.0,0.0,1.4297999999999997,4.79753073286795,5.006059245835241,10.36,2.0694920877372627,0.71875,0.4999960684295337,737.05807707,0.0,0.0,2.0855421874999998,4.895121574869359,5.320874124483096,11.174,2.100030885636768,0.71875,0.49972740791553577,767.3104119175001,0.0,0.0
W2,nuaa,1406.1993000000002,1437.3843000000002,0.16000008707556512,medium_wear,128.96903125,163.8170556998119,208.49229904176016,545.48,2.6163076646334193,0.71875,0.43039486058065785,862309.27348975,0.0,0.0,1.5404281249999998,4.253912460182565,4.52423363976569,10.36,2.289890581454707,0.0625,0.5004839365043109,583.4180680175,0.0,0.0,2.2021734375,4.3478156276759465,4.873711992013249,11.174,2.2927083131525396,0.0625,0.5003809505564487,609.493274420625,0.0,0.0
W2,nuaa,1422.0393000000004,1453.2243000000003,0.16082246046882548,medium_wear,179.21140624999998,208.85501584156103,275.2038258678125,703.39,2.5558874328217236,0.75,0.45001944808097877,1396434.6331577187,0.0,0.0,1.0599390625,3.6108795062464174,3.7632328688035965,7.4412,1.97734242323561,0.4375,0.4992058276108419,418.85873901375,0.0,0.0,1.7160890625,3.7076417441345546,4.085531663477992,7.5897,1.85770191621497,0.4375,0.49971109036234335,441.7256446775,0.0,0.0
W2,nuaa,1437.8793000000005,1469.0643000000002,0.16901223652336067,medium_wear,210.83628125,199.93741988850135,290.5630901594351,703.39,2.4207823492448486,0.4375,0.49804898187128316,1279224.8294445937,0.0,0.0,1.00196875,3.6115581394096288,3.747971927631329,10.965,2.9255822113186802,0.1875,0.5202616724870294,417.5293546965625,0.0,0.0,1.6575703125,3.685165302630589,4.040789854544993,11.745,2.906609950722747,0.1875,0.5194357893378443,434.66566553125,0.0,0.0
W2,nuaa,1453.7193000000002,1484.9043000000004,0.18141367748355708,medium_wear,237.75068750000003,151.82942836853087,282.0949569301754,531.13,1.8828057253482422,0.4375,0.5295379972660903,737772.7114089064,0.0,0.0,1.2397984375000002,3.787493461194529,3.9852486602743813,10.965,2.7513966968487904,0.65625,0.5506730182619375,482.89786189562506,0.0,0.0,1.8799546875000002,3.852155788481046,4.286412701290119,11.745,2.740053470928034,0.65625,0.5514920776665652,499.97005521250003,0.0,0.0
W2,nuaa,1469.5593000000003,1500.3615000000002,0.1886086944000822,medium_wear,157.005,218.45205967385616,269.0202081642753,746.45,2.7746986187156084,0.03125,0.4373523143791681,1529168.0945271251,0.0,0.0,1.4067531249999998,4.903300237371023,5.101108465078938,12.222,2.3959498378968243,0.5625,0.5449310783140394,785.4663452709376,0.0,0.0,2.0532390625,5.006789048370259,5.411444097711464,13.088,2.4185780659796525,0.5625,0.545497676814547,819.6188920118752,0.0,0.0
W2,nuaa,1485.3993000000005,1516.2015,0.19328085580367674,medium_wear,-15.47634375,207.343120885573,207.91990523862188,746.45,3.590084360337349,0.03125,0.49845047909318024,1377264.4615082499,0.0,0.0,1.206953125,4.920316823258461,5.066187273205315,12.222,2.4124651026307777,0.375,0.523123871629542,791.32779837,0.0,0.0,1.870625,5.024647293343086,5.361559317318516,13.088,2.441080891845046,0.375,0.5233536815491702,825.3072962828124,0.0,0.0
W2,nuaa,1500.8565000000003,1532.0415000000005,0.20294869250641107,medium_wear,-27.139390625000004,160.77458694673822,163.04911631588385,416.29,2.553157044982071,0.53125,0.5181492848399228,831016.2517691875,0.0,0.0,0.9475562499999999,4.617780677848498,4.7139963126444,13.025,2.763048406521429,1.0,0.5216951499833182,792.93806893875,0.0,0.0,1.6172484375,4.71725021834729,4.986776727616121,13.96,2.7994034548792484,1.0,0.5213178929635461,827.0110862812501,0.0,0.0
W2,nuaa,1516.6965000000002,1547.8815000000002,0.21498778988262707,high_wear,-8.074546875000005,156.46660018164917,156.67480741855286,416.29,2.657032147407666,0.90625,0.5339641531406676,815878.7364675626,0.0,0.0,1.1199,4.506248106761045,4.643322949105253,13.025,2.8051031863958245,1.0,0.5161738427112944,699.0989338303125,0.0,0.0,1.7851546875,4.601873359293803,4.935991863170082,13.96,2.828205634649154,1.0,0.5158556289783839,728.914381948125,0.0,0.0
W2,nuaa,1532.5365000000002,1563.7215000000003,0.21993507313326666,high_wear,-57.643484375,181.317994006472,190.2603117873559,488.06,2.5652223283722955,0.90625,0.5478572035215692,1069787.5949960626,0.0,0.0,1.2864234375,3.3727519919172733,3.60975639891825,11.05,3.0611483930914005,0.3125,0.5379769966824295,371.31255882437506,0.0,0.0,1.9525109375,3.442751664008983,3.9578830176110245,11.849,2.993772162359677,0.3125,0.5372974774514865,386.83334970125003,0.0,0.0
W2,nuaa,1548.3765000000003,1579.5615000000005,0.21999999999999886,high_wear,-59.213375,191.2226571313122,200.1807392814054,488.06,2.438096700771528,1.0,0.5425303887162172,1282315.3371247815,0.0,0.0,1.2350625,3.7748737523384475,3.9717818702693126,11.05,2.7821266023480637,0.25,0.5133118215355703,456.09710068000004,0.0,0.0,1.9090421875,3.8352458085664427,4.2841046305828305,11.849,2.765805465023856,0.25,0.5123982447980947,470.78701222562506,0.0,0.0
W2,nuaa,1564.2165000000002,1595.4015000000002,0.21999999999999917,high_wear,-52.035859374999994,177.7677815762979,185.22719786104074,401.93,2.169929711410588,0.21875,0.549897259938339,1024870.347327125,0.0,0.0,0.8064750000000003,4.108764352576088,4.187164485737932,10.959,2.617284331037839,1.0,0.5439435928416397,569.5598326603125,0.0,0.0,1.4641140625,4.178941683266948,4.427999952592169,11.781,2.660569134176109,1.0,0.545477684123616,589.4495165131251,0.0,0.0
W2,nuaa,1580.0565,1611.1392,0.22000000000000058,high_wear,14.129946875000002,207.30753874688278,207.78852475529206,645.97,3.108785727030617,0.03125,0.5131546730278519,1383360.8805375302,0.0,0.0,0.3831765625,4.000813620641048,4.019121036390451,9.5121,2.3667115057930084,0.875,0.5670977843978079,516.36152224625,0.0,0.0,1.0437625000000001,4.080046320451675,4.2114389623307495,9.0026,2.1376541558654485,0.875,0.567318357316977,536.95046471,0.0,0.0
W2,nuaa,1595.8965000000003,1626.9792000000002,0.22000000000000058,high_wear,85.679546875,185.15698460102794,204.01983653373176,645.97,3.166211732030273,0.90625,0.5165577071312046,1097986.6552880001,0.0,0.0,1.3361750000000001,4.006326629649347,4.223270852557588,9.5121,2.252306407068239,0.28125,0.5517885222504962,514.3692212253126,0.0,0.0,2.024396875,4.072757847652526,4.548135793171197,9.3573,2.057392396693504,0.28125,0.551197161749677,531.4315995396875,0.0,0.0
W2,nuaa,1611.6342000000002,1642.8192,0.22000000000000003,high_wear,104.74493437499999,171.21029199741488,200.70990350020878,538.3,2.681980264115069,1.0,0.5667860217728602,1052780.0817313276,0.0,0.0,1.947653125,3.82657655556703,4.293721093752772,10.359000000000002,2.412592661193578,0.25,0.5357084478739719,480.7574485446875,0.0,0.0,2.6455625,3.898745094438241,4.7116042122415696,11.231,2.383689183998075,0.25,0.5353465081793546,498.97278775531254,0.0,0.0
W2,nuaa,1627.4742,1658.6592000000005,0.22000000000000008,high_wear,151.398140625,190.68144123893416,243.4765060897342,538.3,2.2108909341815814,1.0,0.5644371110409084,1276552.86732249,0.0,0.0,1.7611546875,3.602233708753227,4.009707411492919,10.359000000000002,2.583480273475384,0.09375,0.51708994907058,424.9102416975001,0.0,0.0,2.4689328125,3.667648486047237,4.421229992868924,11.231,2.5402433300494813,0.09375,0.5175897319387666,440.62817246062485,0.0,0.0
W2,nuaa,1643.3142000000005,1674.4992000000002,0.2200000000000001,high_wear,142.42667500000002,181.7851036338116,230.93544910799477,509.6,2.2066772423565446,0.84375,0.5005389922560001,1058472.4917116913,0.0,0.0,1.6669874999999998,4.073316807724848,4.401222232658787,11.017,2.503168305896839,0.59375,0.5263785305563471,548.638794295,0.0,0.0,2.3727968749999997,4.141348355041234,4.772937377319391,11.887,2.4904998872363286,0.59375,0.5248866237798654,566.5369263375,0.0,0.0
W2,nuaa,1659.1542000000002,1690.3392,0.21999999999999986,high_wear,95.99764375,149.67292128484894,177.81319121902206,423.47,2.3815443449208966,0.03125,0.49045443710439507,722658.94008588,0.0,0.0,1.2232453125,3.864547692564167,4.053524141121679,11.017,2.717881926059384,0.21875,0.5526571341889402,484.63728957812503,0.0,0.0,1.9310062500000003,3.9305513742060967,4.379271542484263,11.887,2.714378381126093,0.21875,0.5518332444341882,500.88116675156255,0.0,0.0
W2,nuaa,1674.9942,1706.1792000000005,0.21999999999999947,high_wear,122.015496875,177.77645542719512,215.62061492795772,509.6,2.3634103824917925,0.21875,0.4819136978884887,1020158.4659441425,0.0,0.0,1.723996875,3.841902330672623,4.210983108899572,10.086,2.395165152451943,0.8125,0.5720979927841532,473.94305479468755,0.0,0.0,2.4562953125,3.9084607938831595,4.61621624705031,10.951,2.372289211320531,0.8125,0.5728780886718249,490.641979768125,0.0,0.0
W3,nuaa,0.0033,31.1883,0.05999999999999991,low_wear,131.21151875,197.22059574904546,236.88061558576294,681.85,2.878454188047039,0.03125,0.4930635763178792,1255233.0277552302,0.0,0.0,2.0943578125,4.2845313953148905,4.76901917842849,12.107,2.5386771466055533,1.0,0.5408477133171954,623.0617408018751,0.0,0.0,2.8009890625,4.366459358247151,5.187630196483626,13.002,2.5063467339698295,1.0,0.5405862023465328,646.8945983181251,0.0,0.0
W3,nuaa,15.8433,47.0283,0.05999999999999989,low_wear,117.529790625,157.8998141462785,196.83902812142114,452.18,2.2972070341714477,0.34375,0.5030937702740921,799921.348669565,0.0,0.0,2.1296984374999997,4.369349008737321,4.860743378830418,11.401,2.3455260052719105,0.1875,0.5470909473395954,620.7337971225,0.0,0.0,2.8518359374999998,4.4486238189596055,5.284242812081145,12.234000000000002,2.3151850577399498,0.1875,0.5470343429889857,643.239444259375,0.0,0.0
W3,nuaa,31.6833,62.8683,0.059999999999999894,low_wear,134.57584375,171.21703623772544,217.77495544496156,567.01,2.603651089453676,0.34375,0.5135543365596963,944276.4769494787,0.0,0.0,2.0517046875,4.223216988802408,4.695216060972993,11.401,2.428216263521079,0.59375,0.5481667959892681,572.261906146875,0.0,0.0,2.78261875,4.298732187949249,5.120748532349787,12.234000000000002,2.3891038434543312,0.59375,0.549044900666649,592.9137034865627,0.0,0.0
W3,nuaa,47.5233,78.70830000000001,0.05999999999999988,low_wear,142.8746875,190.53813394097082,238.15532077602214,567.01,2.380841201248053,0.34375,0.5316375893722177,1173937.493744746,0.0,0.0,1.7388484375000002,4.1900134701451215,4.536497191511723,10.809,2.3826753426023957,0.46875,0.49267105272939965,561.8648192293751,0.0,0.0,2.4652453125,4.260232329086118,4.922094467662496,11.678,2.3725672224949976,0.46875,0.49290564553745014,580.8450558581249,0.0,0.0
W3,nuaa,63.3633,94.54829999999998,0.05999999999999989,low_wear,156.55673124999998,184.12362415147948,241.68475142292283,509.6,2.1085318664074664,0.40625,0.48760485605364035,1099684.9461187602,0.0,0.0,1.2295531249999998,4.119199236121656,4.298790903738224,10.809,2.514427950101156,0.0625,0.4686460180374208,544.2164929825,0.0,0.0,1.9406328124999996,4.182935038793585,4.611182196760256,11.678,2.532539271210055,0.0625,0.46891780503063146,561.21743567875,0.0,0.0
W3,nuaa,79.2033,110.3883,0.059999999999999894,low_wear,178.761746875,169.22951828818253,246.15928177879434,523.95,2.1284998729840146,0.125,0.5128507694264965,925980.7698827351,0.0,0.0,1.251203125,3.2540662026517277,3.4863241546433974,10.71,3.072003498508728,0.46875,0.5212870350304348,343.6303970209375,0.0,0.0,1.953046875,3.3084453143606947,3.841900895918907,11.57,3.0115300507335663,0.46875,0.5215186898869578,355.0970080196875,0.0,0.0
W3,nuaa,95.0433,125.8818,0.05999999999999989,low_wear,114.83850000000001,204.181564190563,234.26052214907017,523.95,2.236612448368863,0.03125,0.48392538833706406,1335630.7023769212,0.0,0.0,1.6883046875,3.866193290944825,4.218746648091261,9.4999,2.2518299372867427,0.625,0.5202817624610993,478.5345629206249,0.0,0.0,2.4004671875000003,3.924720920773169,4.600617026467075,10.327,2.2446989046446126,0.625,0.5190877236977951,493.06466740625,0.0,0.0
W3,nuaa,110.8833,141.7218,0.05999999999999989,low_wear,45.531921875,181.1725589746955,186.8064560850899,459.35,2.458962123829206,0.03125,0.4871874390309243,1063391.2286117903,0.0,0.0,1.3716281250000002,4.60742308523935,4.807256098824723,10.95,2.2778066686892453,0.625,0.5225133580673301,679.3758380775,0.0,0.0,2.0859484375000004,4.677157977540695,5.121229113287283,11.880999999999998,2.319950882332945,0.625,0.5214813379404759,700.069140540625,0.0,0.0
W3,nuaa,126.3768,157.56179999999998,0.06000000321835698,low_wear,75.587140625,168.94040231634455,185.07910568908602,559.84,3.0248687333754143,0.90625,0.534863813982367,918911.111594875,0.0,0.0,1.831846875,4.910872670061069,5.241405665944966,11.642,2.221159883815457,0.875,0.5177111021796489,772.4125890609375,0.0,0.0,2.551421875,4.990963915870508,5.605307698400686,12.511,2.2319916538336786,0.875,0.518318184154547,797.8427227074999,0.0,0.0
W3,nuaa,142.21679999999998,173.40179999999998,0.060002986703826436,low_wear,69.306921875,177.6416983823499,190.68304178388053,559.84,2.9359716247579093,0.90625,0.5408140022345658,1026231.9262444376,0.0,0.0,1.9416796874999998,4.983409988156318,5.348317036125126,11.642,2.176759515444632,0.4375,0.5382404107740708,810.127974476875,0.0,0.0,2.652365625,5.0724035950430695,5.724012721831381,12.511,2.185704436379579,0.4375,0.5380907307794754,839.17789452,0.0,0.0
W3,nuaa,158.05679999999998,189.2418,0.06009445755082227,low_wear,40.821421875,185.56056563077365,189.9976631464434,531.13,2.795455434578814,0.90625,0.48808225427821306,1111145.4898621254,0.0,0.0,1.5133140625,4.577783921249014,4.821433923783074,11.563,2.398249189512328,0.375,0.5347851577535291,676.7690828299999,0.0,0.0,2.2178906250000003,4.664307565562344,5.164765618169425,12.386,2.398172717930622,0.375,0.5346383906298827,702.2773244371874,0.0,0.0
W3,nuaa,173.89679999999998,205.0818,0.06071356824328157,low_wear,26.466671875,200.24838816907916,201.989855399852,531.13,2.629488490640254,0.0625,0.4930905978872567,1288976.640285625,0.0,0.0,1.952534375,4.235695477140485,4.664065464873429,11.492,2.463944832367799,0.0625,0.47895019775844344,576.4356833034375,0.0,0.0,2.677575,4.3233455034484,5.085344061399631,12.375,2.4334636655034996,0.0625,0.4791921089431005,600.6276760012499,0.0,0.0
W3,nuaa,189.7368,220.9218,0.062106211846067225,low_wear,43.064515625,194.30376890121948,199.01886120474705,473.71,2.3802266636057956,0.8125,0.5078105594568112,1211835.7251787502,0.0,0.0,1.9499828125,3.769104033269822,4.243651515223211,9.881,2.328419278669321,0.59375,0.5274088310993704,459.275349098125,0.0,0.0,2.6746328124999996,3.8556538534361575,4.692518227904794,10.82,2.3057981822334064,0.59375,0.5268283339743187,480.48304665750004,0.0,0.0
W3,nuaa,205.5768,236.7618,0.06365940432820648,low_wear,102.27787500000001,209.66191380503668,233.27854983882736,488.06,2.0921769289855483,0.40625,0.49357273211837394,1406762.8445262818,0.0,0.0,1.12313125,3.6278473768404917,3.7977230539331064,7.9733,2.099494851722393,1.0,0.540594246304137,445.9258134,0.0,0.0,1.8253000000000001,3.705826368369139,4.130964676985268,8.7925,2.128437468610036,1.0,0.5405822671196083,465.69998714,0.0,0.0
W3,nuaa,221.4168,252.1596,0.06493263727517928,low_wear,73.23183125,212.1099524496706,224.395929188633,488.06,2.1749948930210947,0.5,0.5204013781730601,1483795.040033829,0.0,0.0,0.9909703125000001,4.024489815440885,4.144700282872545,10.539,2.5427652859607477,0.3125,0.48191249164032907,518.6972266875,0.0,0.0,1.66895,4.0945416496004166,4.421613441133508,11.323,2.5608299211921337,0.3125,0.4831431871454191,536.9857864550002,0.0,0.0
W3,nuaa,237.2568,267.9996,0.06619524759457443,low_wear,78.16605312499999,182.03216989265675,198.10513051652492,466.53,2.3549617255424105,0.71875,0.5316093916430403,1080357.185631145,0.0,0.0,2.204715625,4.199758863770438,4.743284252597298,11.037,2.3268687711381477,0.5625,0.5201063857135195,580.1568449421876,0.0,0.0,2.8948687499999997,4.273270978560912,5.161502681965544,11.857,2.2971992325856454,0.5625,0.5207313476781736,601.0403996565625,0.0,0.0
W3,nuaa,252.6546,283.8396,0.06771379566152416,low_wear,95.32498437499999,180.3982510853601,204.03524607466875,466.53,2.2865167120648784,0.25,0.4360254203563983,1041755.09136029,0.0,0.0,2.326584375,4.154385217988741,4.761503060320082,11.037,2.317965537390217,0.25,0.5345698933288023,574.9149573871875,0.0,0.0,3.0309718749999996,4.234827045740356,5.20773949179248,11.857,2.276803595626646,0.25,0.5355229449656052,597.7443549859374,0.0,0.0
W3,nuaa,268.4946,299.6796,0.06916427468372394,low_wear,60.55965,180.53396825904744,190.42054748235876,409.11,2.148455118993403,0.34375,0.476141957441796,1046669.3898477614,0.0,0.0,2.0697203125,4.09510337141276,4.5884217106246075,10.108,2.202936137407481,0.75,0.5248790273942896,542.064116113125,0.0,0.0,2.7832406250000004,4.180150020398444,5.021960032665284,11.005,2.191375464642908,0.75,0.5249304664142924,564.6025116925,0.0,0.0
W3,nuaa,284.3346,315.5196,0.07006866268065158,low_wear,116.63260625000001,173.0125155461158,208.65400877112927,466.53,2.2359024048837357,0.21875,0.4869681520245848,964878.7167906502,0.0,0.0,2.6225546875,4.139640210775029,4.900450404156107,10.514,2.1455170714681655,0.4375,0.5449744615321743,557.9879054224999,0.0,0.0,3.3511437500000003,4.223383119974547,5.3913940137268765,11.361,2.107247211217373,0.4375,0.5446875719660426,580.84206161,0.0,0.0
W3,nuaa,300.1746,331.3596,0.07105585408193667,low_wear,169.34175312500003,164.33090017549856,235.96879900516112,667.5,2.828763814598219,0.125,0.5159691880966384,902824.3399774202,0.0,0.0,1.776128125,3.923336354091245,4.306645941303975,10.514,2.4413430180463243,0.40625,0.5040133562632734,505.09032153500004,0.0,0.0,2.490609375,4.002141235042138,4.713838088443694,11.361,2.4101379357624295,0.40625,0.5032999675774599,525.2402844184375,0.0,0.0
W3,nuaa,316.0146,347.1996,0.07257308679422221,low_wear,190.649771875,185.07893578158033,265.7095180569034,667.5,2.5121418490437764,0.21875,0.49400582159978046,1098710.6656246448,0.0,0.0,1.1267671875,4.878865021416824,5.007287508425221,11.498,2.296253207081391,0.125,0.45826598580306355,765.530048723125,0.0,0.0,1.8258515624999998,4.971918303425254,5.296574888002505,12.35,2.331695531762329,0.125,0.45830778895151797,794.9054117506249,0.0,0.0
W3,nuaa,331.8546,362.8383,0.07404766348138186,low_wear,146.68821250000002,206.39686085082505,253.21353805734796,638.79,2.5227324135225597,0.09375,0.5145570385469197,1381277.2448804062,0.0,0.0,2.1896781249999995,5.4327823577527,5.8574580184421725,11.498,1.9629675473214854,0.875,0.4680535672280527,952.1414203100002,0.0,0.0,2.8992812499999996,5.538630024960906,6.251580145851127,12.35,1.97550054736099,0.875,0.46812511604730167,989.5606480215627,0.0,0.0
W3,nuaa,347.6946,378.6783,0.07529369075056166,low_wear,50.9149,184.8164255189558,191.70142979021765,437.82,2.2838640300133095,0.125,0.5256521383816072,1127814.6519656403,0.0,0.0,1.8632859375,4.886464231740932,5.229662242723592,11.003,2.103959967072304,0.21875,0.4966215412715077,773.9681167237501,0.0,0.0,2.5657703124999998,4.994640532819894,5.615123449096533,11.895,2.118386195394135,0.21875,0.49629725309734046,808.4407804450001,0.0,0.0
W3,nuaa,363.3333,394.5183,0.07661500314767866,low_wear,30.952437500000002,171.47438498261147,174.24556835786743,437.82,2.512660747278235,0.125,0.4929858705572799,952269.74772568,0.0,0.0,0.917934375,4.417364105161398,4.511730173046145,11.003,2.4387539985732793,0.0625,0.5245676426223422,646.3786076071875,0.0,0.0,1.6011078125,4.518286829834701,4.79358551649037,11.895,2.481441075595735,0.0625,0.5242049940919454,675.920645535,0.0,0.0
W3,nuaa,379.1733,410.3583,0.07819297446566881,low_wear,49.12000625,159.26947412230697,166.67195445304003,437.82,2.626836659093454,0.78125,0.512132656302871,813090.3286133237,0.0,0.0,1.5177390625,4.032471794988822,4.30863790996862,10.689,2.480830420971218,0.65625,0.5488756240352379,520.3775992375,0.0,0.0,2.220728125,4.128939739262246,4.6882594612099915,11.581,2.4702131133781284,0.65625,0.5491343542052135,545.58142153,0.0,0.0
W3,nuaa,395.0133,426.1983,0.07946623517441961,low_wear,69.0827625,170.96045974673456,184.3906366154373,466.53,2.530117627246924,0.65625,0.5428895881599641,942291.727606555,0.0,0.0,1.1370906250000001,5.050809898630082,5.177224712291567,11.622,2.2448320569141025,0.0625,0.475230661590207,842.8859532925001,0.0,0.0,1.841396875,5.170471839082023,5.488581008785422,12.571,2.2903916294353572,0.0625,0.47582195417441486,883.9057867475,0.0,0.0
W3,nuaa,410.8533,442.0383,0.07994345984354698,low_wear,102.27809687499999,198.67074564142237,223.45217446713428,567.01,2.537500480145906,0.40625,0.5173127560809737,1270485.6990964501,0.0,0.0,0.8917796874999999,4.654749143857663,4.739405089595238,11.622,2.4522065069969696,0.15625,0.47666686944718245,719.796788514375,0.0,0.0,1.5861874999999999,4.757146989547017,5.014622444941643,12.571,2.5068686901205566,0.15625,0.47641105861060246,751.9768117478125,0.0,0.0
W3,nuaa,426.6933,457.8783,0.07999874236360766,low_wear,88.820103125,188.41291683085979,208.29891489839338,567.01,2.7220977136466753,0.34375,0.5022233093594799,1148448.4013418274,0.0,0.0,2.3414453125000003,3.536957909875099,4.241749333430283,11.184,2.6366480244025996,0.15625,0.49032473335652643,403.964007184375,0.0,0.0,3.0619359375,3.6047307012091414,4.729644290387359,12.063,2.5505089303474953,0.15625,0.4893137980493063,419.455230966875,0.0,0.0
W3,nuaa,442.5333,473.7183,0.07999999971603602,low_wear,100.259375,183.16417150307228,208.80865881901906,466.53,2.2342464275121654,0.8125,0.48845597487557396,1097141.6435201452,0.0,0.0,2.50145625,4.052297759137517,4.762184425174544,11.184,2.3485020741484792,0.75,0.5290925996819432,549.9178573565625,0.0,0.0,3.2271875000000003,4.129441674030371,5.240899512428663,12.063,2.3017041199498096,0.75,0.5285582796375088,570.9955193800001,0.0,0.0
W3,nuaa,458.3733,489.4626,0.07999999999999993,low_wear,112.59548437499998,192.6104505802703,223.10654130790434,452.18,2.026744699412271,1.0,0.5269033906106096,1275309.0797124126,0.0,0.0,1.8646296875,4.420277217787071,4.79746751459494,11.048,2.302881669628732,0.65625,0.5552438807371333,648.9234096081251,0.0,0.0,2.5700984375,4.511934428597817,5.192586856895727,11.903,2.292306383704084,0.65625,0.5545763446744376,675.6872745606249,0.0,0.0
W3,nuaa,474.2133,505.3026,0.07999999999999993,low_wear,92.63285312500001,183.6631763485377,205.70125868480213,452.18,2.198236427385597,0.875,0.5943247162566536,1103784.2842707052,0.0,0.0,2.0790156250000003,4.728987999106507,5.165813920834499,11.197,2.167519034094671,0.65625,0.5331628841319638,720.8654025134374,0.0,0.0,2.7751671875,4.817767637676405,5.559895496249794,12.032,2.1640694520455837,0.65625,0.5329100124120975,747.799711734375,0.0,0.0
W3,nuaa,489.9576,521.1426,0.07999999999999995,low_wear,102.72630625,181.54345655364781,208.59223526587706,452.18,2.167770048696394,0.5625,0.5461564797980608,1081032.5450197237,0.0,0.0,1.8196796875,4.417276521093756,4.777401598034882,11.197,2.343742674805846,0.25,0.4807253003718419,626.2772199768749,0.0,0.0,2.4991765624999998,4.491478893963483,5.1399675237756846,12.032,2.340870821526438,0.25,0.480429745851541,647.3795841000001,0.0,0.0
W3,nuaa,505.7976,536.9825999999999,0.08000000171793895,low_wear,89.94196249999999,198.77203825514817,218.173966848608,581.37,2.6647083902701167,0.53125,0.5018744033982797,1272445.3972806465,0.0,0.0,1.2659046875,3.8749588195162508,4.076496109501547,10.604,2.601253555788773,0.15625,0.47719611891161,487.385060515,0.0,0.0,1.93603125,3.9448211525870773,4.394295270788594,11.442,2.6038304881471097,0.15625,0.47729112616626085,505.27319460875003,0.0,0.0
W3,nuaa,521.6376,552.8226,0.08004081899478813,low_wear,118.427209375,202.91215088716172,234.94328017205424,595.72,2.5355907160389557,0.53125,0.44744139526913357,1317707.8631358398,0.0,0.0,1.6778828125000003,3.764702080035463,4.121683210037648,10.973,2.6622618577956585,0.0625,0.489383160619383,468.192264543125,0.0,0.0,2.3631453125,3.830548199790146,4.50083939714652,11.788,2.6190670139159944,0.0625,0.489106846030989,484.59324896562504,0.0,0.0
W3,nuaa,537.4775999999999,568.6626,0.08115343094521507,low_wear,152.744140625,169.00968398305125,227.80484142203963,595.72,2.6150453883302123,0.34375,0.4639256458329026,918926.2304640025,0.0,0.0,1.3029578125000003,4.147615193201566,4.34746027607283,10.973,2.5240023607328244,0.4375,0.490239225680946,553.966134435,0.0,0.0,1.9888328124999999,4.217790750612765,4.663176468034558,11.788,2.5278906086452317,0.4375,0.4911848032857373,572.928123910625,0.0,0.0
W3,nuaa,553.3176,584.5026,0.08436634995183265,low_wear,147.58522812500001,164.97231881522526,221.35325960098402,480.89,2.1725001965946302,0.09375,0.5072098173347721,878795.538789405,0.0,0.0,1.144203125,4.272791926209107,4.423341682024745,10.813,2.444531934745418,0.9375,0.4908220226963523,591.2358441809374,0.0,0.0,1.8435265625000001,4.3480728596572735,4.722745788154519,11.687,2.474619749661957,0.9375,0.49164179580431067,612.5153141481252,0.0,0.0
W3,nuaa,569.1576,600.1611000000001,0.08786422258719499,low_wear,148.146146875,194.33867476226342,244.36612151086302,509.6,2.085395458459025,0.03125,0.4712558780488869,1213168.3610720173,0.0,0.0,2.163728125,4.682579990022486,5.158320924668705,12.992,2.5186490312900447,0.25,0.4839764826547025,701.7837394349999,0.0,0.0,2.8912171874999997,4.771559906216293,5.579150541427095,13.877,2.487296210589505,0.25,0.4839457637717996,728.7029309481248,0.0,0.0
W3,nuaa,584.9975999999999,616.0011000000001,0.09038226103172098,low_wear,77.49389687499999,195.0369761133802,209.8683542231281,509.6,2.428188860995226,0.03125,0.46604393557855567,1268554.4838197802,0.0,0.0,3.0607999999999995,5.66305728893965,6.43729092847391,26.201,4.070190440532331,0.90625,0.545024384325554,1046.0691405203124,0.0,0.0,3.7922765624999997,5.778048732101905,6.911382544544272,27.405,3.965197964860597,0.90625,0.5452425713905175,1089.1078242087501,0.0,0.0
W3,nuaa,600.6561,631.8411000000001,0.09300890122425873,low_wear,7.177562500000002,164.298202167381,164.4549076156592,387.58,2.356755451201233,0.84375,0.5386777981443911,866380.744398375,0.0,0.0,2.1776015625000005,5.475468978301429,5.892597822467078,26.201,4.446425971937504,0.84375,0.5543596705052615,1005.0458913337499,0.0,0.0,2.88728125,5.578810913091018,6.281681639547249,27.405,4.362685276418309,0.9375,0.5545574327825127,1043.6092670365626,0.0,0.0
W3,nuaa,616.4961000000001,647.6811000000001,0.09642813824692066,low_wear,20.410625000000003,166.6483749603394,167.89364040907714,373.22,2.222954955831799,0.4375,0.5442724900013204,908528.3814747814,0.0,0.0,0.6073578124999999,4.574327488918613,4.614472395440377,12.298,2.665093416129615,0.8125,0.5098877697185801,678.217141409375,0.0,0.0,1.2907515625000001,4.661117475086854,4.8365334396296955,13.18,2.725092292757747,0.8125,0.5098143753503328,704.2819967962499,0.0,0.0
W3,nuaa,632.3361000000001,663.5211,0.09918016902911678,low_wear,68.63370312500001,165.28383369872034,178.96740174343728,516.77,2.8875090936439207,0.40625,0.5082523765483015,874611.9902899375,0.0,0.0,1.023990625,4.926852967815725,5.032140396149783,13.646,2.711768536990919,0.15625,0.49447114146350346,783.0877112650002,0.0,0.0,1.7195390625,5.016057651171921,5.302607749715582,14.568,2.7473274825544824,0.15625,0.4947823230684777,811.75372096,0.0,0.0
W3,nuaa,648.1761000000001,679.3611000000001,0.10035377453111492,low_wear,106.315,204.56692349166264,230.54393379970716,574.19,2.490588195215091,0.4375,0.49822503636772847,1346136.574357125,0.0,0.0,1.4620578125,5.374215466663619,5.5695426140050985,13.646,2.4501114266880637,0.59375,0.5060558580399963,924.4127068125,0.0,0.0,2.1706125,5.465525452681219,5.880776062652148,14.568,2.4772240678435278,0.59375,0.506144773042466,956.1068961450001,0.0,0.0
W3,nuaa,664.0161,695.2011000000001,0.1025689790384081,low_wear,75.36239062499999,228.36939034199733,240.4829897641216,574.19,2.3876532829336323,0.46875,0.5080878379102653,1671207.11588125,0.0,0.0,1.7238859375000002,5.389803718042151,5.658777857853341,13.876,2.452119582807561,0.78125,0.5093846858267704,942.0320206025,0.0,0.0,2.435534375,5.486608228712969,6.00289076588834,14.806,2.4664783314291956,0.78125,0.5088797643226927,976.1083135771877,0.0,0.0
W3,nuaa,679.8561000000001,711.0411000000001,0.10604811846881206,low_wear,76.48378125,209.8092188687044,223.31519678829238,559.84,2.5069498540698976,0.53125,0.535733228733726,1409218.300825969,0.0,0.0,1.2010984374999998,5.270414465185951,5.40554401438063,13.876,2.566994175440068,0.28125,0.5182804505446792,892.8363628,0.0,0.0,1.9090265625,5.358203403201085,5.688121493639728,14.806,2.60296831151648,0.28125,0.5174610933988487,922.7860167399999,0.0,0.0
W3,nuaa,695.6961000000001,726.8646000000001,0.10891680899843195,low_wear,66.61528125000001,215.10256691884723,225.1815045493163,488.06,2.167407136642128,0.65625,0.5274925517259194,1511714.206787594,0.0,0.0,0.8661546875,4.837944857288632,4.91486870474113,11.557,2.351436161224721,0.46875,0.5178068184528725,751.1368696650001,0.0,0.0,1.572559375,4.925751789724551,5.1706840632429865,12.429,2.4037438466516345,0.46875,0.5171635330004595,778.7610818575001,0.0,0.0
W3,nuaa,711.5361000000001,742.7046000000001,0.11139249221711837,low_wear,53.382328125,212.5144977542749,219.1166007216178,574.19,2.6204769429108397,1.0,0.5386425582774174,1547425.5219434374,0.0,0.0,1.9441015625,4.76935411787763,5.150365966320379,12.008,2.331484806812472,0.125,0.5086124432237513,743.4842819118751,0.0,0.0,2.664828125,4.874909764917089,5.55572264893371,12.943,2.329669930964625,0.125,0.5087741683122705,777.0939275899999,0.0,0.0
W3,nuaa,727.3596000000001,758.5446000000001,0.11445877741993417,low_wear,120.67029687499999,166.31854736578538,205.48279671487253,574.19,2.794345848799911,0.96875,0.5293270219286206,905372.83434125,0.0,0.0,2.281959375,4.716364365321514,5.239411361558186,12.008,2.2918605109160306,0.53125,0.4990276358411292,724.6126439475001,0.0,0.0,2.99403125,4.815089740852287,5.67003636129765,12.943,2.282701410584579,0.53125,0.4981158888616091,755.4596299990624,0.0,0.0
W3,nuaa,743.1996000000001,774.3846000000001,0.11793233734894878,low_wear,112.37115625000001,154.68022946885645,191.1890429535647,430.64,2.252430334643143,0.71875,0.5002050266863923,793257.4564090001,0.0,0.0,1.57585625,4.0757555792176055,4.3697947849055225,11.241,2.5724320141599137,1.0,0.5381925953254371,568.6876934690627,0.0,0.0,2.2721968749999997,4.1515223889845805,4.732654306517643,12.116,2.56008557044073,1.0,0.537951360293013,590.1503179246877,0.0,0.0
W3,nuaa,759.0396000000001,790.2246000000001,0.11988690049046832,low_wear,102.053546875,166.19073250719805,195.02380880560935,574.19,2.944204625663556,1.0,0.5115826151820835,961029.613326625,0.0,0.0,1.30416875,3.805725699516577,4.022984492691651,9.3766,2.330757182145242,0.25,0.47279783606689346,467.41737532375004,0.0,0.0,2.0079093749999997,3.8760282240538584,4.3652370899958,10.203,2.3373300899012146,0.25,0.4729699657850694,485.0352593625,0.0,0.0
W3,nuaa,774.8796000000001,806.0646,0.12084319166168372,medium_wear,124.483234375,152.4262058805775,196.7989427807207,574.19,2.917647787568553,0.875,0.5087789356272578,748002.222069375,0.0,0.0,1.2060828125,4.026644246164955,4.203391444510165,9.3766,2.230722530552394,0.09375,0.4582652585914286,533.10057658875,0.0,0.0,1.9019906250000003,4.1043126513354355,4.523599305586205,10.203,2.2555048117105083,0.09375,0.458175575539121,553.6800640384374,0.0,0.0
W3,nuaa,790.7196000000001,821.9046000000001,0.12233080848171166,medium_wear,97.792015625,161.23008278762026,188.5693981421777,473.71,2.5121255339789106,0.09375,0.514550726043365,834169.1067908125,0.0,0.0,1.2548296875,4.065159678624249,4.254423669234618,10.261,2.4118425426694703,0.3125,0.5240795995979989,529.7615225693751,0.0,0.0,1.9496156249999999,4.147527880264141,4.582901766655326,11.088,2.4194278133288893,0.3125,0.5236813737941267,551.4354276734374,0.0,0.0
W3,nuaa,806.5596,837.4476000000001,0.12388297536224939,medium_wear,72.89523437500002,165.49541031832103,180.8381763649911,430.64,2.3813555779882805,0.8125,0.49669962012534263,877020.6084926875,0.0,0.0,1.491925,4.074090212473823,4.338669296570091,10.261,2.365010859000425,0.34375,0.5226779596427171,531.33560545125,0.0,0.0,2.2011828125,4.149171231197664,4.696895536398883,11.088,2.3607082410227895,0.34375,0.5220017291937196,551.0347177575001,0.0,0.0
W3,nuaa,822.3996000000001,853.2876000000001,0.12526982707294537,medium_wear,39.92440625,174.75274238519825,179.25534632351275,459.35,2.562545605590942,0.8125,0.5174242214224222,986047.96847175,0.0,0.0,1.3015046875,4.478493485412732,4.663777262098689,11.177,2.3965552752342156,0.71875,0.50943274653572,646.136002130625,0.0,0.0,2.0050359375,4.567226015262409,4.9879577569538665,12.089,2.4236372056572355,0.71875,0.5090910880247393,671.661375498125,0.0,0.0
W3,nuaa,837.9426000000001,869.1276000000001,0.12669291090876322,medium_wear,21.308203125000006,180.47264032881998,181.7262045706999,502.42,2.764708596577415,0.78125,0.5299294770544191,1062808.7622990625,0.0,0.0,1.3940921874999999,4.451992960086271,4.665161770389774,11.177,2.395844035021783,0.03125,0.5116018388673464,634.4916645268751,0.0,0.0,2.0978140625000004,4.5406725572481,5.001852768021941,12.089,2.416904407360391,0.03125,0.5123519803975902,660.0899311649999,0.0,0.0
W3,nuaa,853.7826000000001,884.9676000000001,0.1282832116658389,medium_wear,81.86740625,198.8684662339437,215.0603149545349,516.77,2.402907296537943,0.09375,0.5080303034585638,1265571.8306278437,0.0,0.0,1.8707781250000002,4.012213705264088,4.426925525654063,10.112,2.2842037756002203,0.09375,0.4610005774261952,515.1319649625001,0.0,0.0,2.5856125,4.08585710861641,4.83524769915539,10.975,2.26979064628211,0.09375,0.4614977302331726,534.2192066378125,0.0,0.0
W3,nuaa,869.6226000000001,900.8076,0.12982623241075308,medium_wear,134.800546875,174.14648610131442,220.22303707658372,516.77,2.3465755756528344,0.6875,0.50550194238682,976854.0364798751,0.0,0.0,1.39165625,4.04854950097389,4.281058301401652,10.112,2.3620327704225033,0.4375,0.455068522088288,524.5354918940625,0.0,0.0,2.1045171875,4.123524695972893,4.6295192526634175,10.975,2.3706565198289113,0.4375,0.455674545811442,544.1470225125,0.0,0.0
W3,nuaa,885.4626000000001,916.6476,0.13135067163243686,medium_wear,136.37075,158.83809395930498,209.34784820529563,459.35,2.1941949914361736,0.625,0.5078269209397442,838898.1382001251,0.0,0.0,0.5997265625,3.908394537372498,3.9541395789136287,10.169,2.571735214970297,0.25,0.5235885395858132,489.196471045625,0.0,0.0,1.2951453125,3.975853998629166,4.181484951414539,11.06,2.644993376398151,0.25,0.5239508245990735,506.2944039525,0.0,0.0
W3,nuaa,901.3026,932.4876,0.13295419743694914,medium_wear,135.0250625,165.93097003167415,213.92721733987298,559.84,2.6169648114973816,0.625,0.5463940265147381,900538.4570266564,0.0,0.0,1.624446875,4.24526045144644,4.545444307250118,11.96,2.631205926541317,0.4375,0.532036098142266,584.1934340646876,0.0,0.0,2.3251515625000003,4.320460334848309,4.90639453097626,12.897,2.628610463054995,0.4375,0.5328786423055842,605.3938817575,0.0,0.0
W3,nuaa,917.1426,948.1494,0.13443870540236633,medium_wear,125.380296875,152.9045683687091,197.7372647542298,559.84,2.8312316380821407,0.75,0.5770211105956401,751710.13697075,0.0,0.0,2.1569859375,4.034386082435096,4.574807033823257,11.96,2.6143179180182363,0.09375,0.5163767852744594,542.4030080531251,0.0,0.0,2.865353125,4.1106828259946955,5.010784552031248,12.897,2.573848439516697,0.09375,0.5165979731642533,563.4052542509377,0.0,0.0
W3,nuaa,932.9826,963.9894000000002,0.1358564104734232,medium_wear,134.351671875,174.43746320799096,220.17901876892557,445.0,2.0210826739446075,0.9375,0.520719915595813,986461.4198938125,0.0,0.0,2.18308125,3.7923819869935884,4.375843333504411,10.018,2.2893872646891693,0.28125,0.46552717080919787,460.23108453375005,0.0,0.0,2.895071875,3.864750182517815,4.828844078523089,10.901,2.2574760797275717,0.28125,0.46535536848398407,477.96951934000003,0.0,0.0
W3,nuaa,948.6444,979.8294000000002,0.1374033674506704,medium_wear,132.333140625,196.71559650314867,237.08455456917818,538.3,2.270497970558141,0.6875,0.5107524465188419,1288170.4780213123,0.0,0.0,1.7033859374999998,4.626959558590662,4.93054544740298,10.018,2.0318238837605054,0.375,0.4612842402415292,687.0477594531251,0.0,0.0,2.40390625,4.709315590629751,5.287382962386732,10.901,2.0617004816082534,0.375,0.4616541084986096,712.0194349487501,0.0,0.0
W3,nuaa,964.4844000000002,995.6694,0.13897326398029886,medium_wear,131.21237812500001,201.88356059924158,240.77720036051093,538.3,2.2356767966153526,0.40625,0.5150912167810058,1323348.9174928102,0.0,0.0,1.389609375,4.458963459066144,4.6704784920150315,9.3978,2.012170705007446,0.375,0.4519260071077867,636.5777629500002,0.0,0.0,2.0885390624999998,4.538995340505471,4.996446148685958,10.193,2.040050006879532,0.375,0.45167752928355664,659.672115518125,0.0,0.0
W3,nuaa,980.3244000000002,1011.5094,0.14009478586635724,medium_wear,188.182703125,185.18511896547258,264.0194273944403,595.72,2.2563491099085105,0.40625,0.47203623599250233,1105508.0462869576,0.0,0.0,1.9416031249999999,4.3024101795522975,4.72022838940289,9.7357,2.062548503342985,0.5625,0.513446924869071,625.915719265,0.0,0.0,2.660065625,4.389958779640574,5.132999826246832,10.55,2.0553283376426674,0.5625,0.5129179138177696,651.1858686334376,0.0,0.0
W3,nuaa,996.1644,1027.3494,0.14288373654810213,medium_wear,215.99469062499998,156.81662383087343,266.9178897861721,595.72,2.231847406246285,1.0,0.5000865449605697,859964.0245886577,0.0,0.0,2.0915734375,4.322798869592557,4.802215063010636,10.021,2.086745359904304,0.5625,0.5153661178974002,603.562175543125,0.0,0.0,2.8077062500000003,4.407318552627657,5.225674235026998,10.871,2.0803057196204726,0.5625,0.5147196085355157,627.1907700565624,0.0,0.0
W3,nuaa,1012.0044,1043.1894000000002,0.14809986035189193,medium_wear,237.0779125,170.160145058559,291.82256862982257,624.43,2.139759110927745,0.96875,0.4929638029006447,931773.5270847061,0.0,0.0,1.9036421875,3.8361708450128322,4.282529664830852,10.775,2.516036278390983,0.53125,0.4737318539828379,472.504218128125,0.0,0.0,2.6187046875,3.8979324965867197,4.695901616120301,11.639,2.478544260817799,0.53125,0.4734688339137157,487.95265481125006,0.0,0.0
W3,nuaa,1027.8444000000002,1059.0162000000005,0.1527595709595045,medium_wear,250.086796875,187.46079990287134,312.54592857918,681.85,2.181599367170323,0.21875,0.5504160075826761,1157449.984648,0.0,0.0,1.4770875,4.269815338860541,4.5180870410633975,10.775,2.3848588798908903,0.25,0.46061655976404664,584.04571185625,0.0,0.0,2.1866578125,4.341154593495429,4.860771090433467,11.639,2.394476058110787,0.25,0.4618312549252901,603.8551449168752,0.0,0.0
W3,nuaa,1043.6844,1074.8562000000002,0.15637442378911626,medium_wear,170.23864062500002,189.81746354196173,254.9742422821409,681.85,2.6741916904904506,0.03125,0.500270588477151,1154335.3879096021,0.0,0.0,1.2113765625,4.459495965554227,4.621096995624389,9.4768,2.0507684666591866,0.6875,0.5012966026765785,650.14661093,0.0,0.0,1.9173437499999997,4.540642068236158,4.928857620940171,10.289,2.0875019713061604,0.6875,0.5023036316825762,674.1066309640626,0.0,0.0
W3,nuaa,1059.5112,1090.6962,0.16096058963510268,medium_wear,101.155828125,173.15080759188243,200.53354765070014,552.66,2.755947852489261,0.71875,0.5242910817220741,975176.6007844148,0.0,0.0,1.5471109374999998,4.203021211622554,4.478720750201027,9.2429,2.0637366148771688,0.78125,0.5198406131715506,566.0176081781249,0.0,0.0,2.25918125,4.279146933855326,4.838904669641158,10.138,2.095102237414363,0.78125,0.5199138839371362,586.6960306215625,0.0,0.0
W3,nuaa,1075.3512000000003,1106.5362000000002,0.16658595280202898,medium_wear,139.061140625,184.07387687544667,230.6971889293043,466.53,2.022261312178213,0.6875,0.4836532997402718,1105924.9384829274,0.0,0.0,1.5479796875000003,4.3115422293384364,4.581008350601563,9.2429,2.017656221645231,0.8125,0.5300844543005685,595.695429705625,0.0,0.0,2.262225,4.391512560966324,4.939943777387552,10.138,2.052250077502177,0.8125,0.5305559855483979,618.09412684,0.0,0.0
W3,nuaa,1091.1912000000002,1122.3762000000002,0.16969224413703257,medium_wear,181.00440625,154.62927837439116,238.06051502191622,523.95,2.200910974051133,0.125,0.5117897498201485,765707.8778615001,0.0,0.0,1.3176562499999998,4.141498024110471,4.346058429988603,9.1048,2.094955727510519,0.71875,0.5284740610987568,567.6596884400001,0.0,0.0,2.0368546875,4.219431304613576,4.685336439610687,9.9606,2.1259092337086565,0.71875,0.5292172965266309,589.2881299187499,0.0,0.0
W3,nuaa,1107.0312,1138.2162000000003,0.16999980833878792,medium_wear,163.06128125,195.44181270421228,254.53189111779292,610.08,2.3968705741382546,0.8125,0.5190337739739431,1237467.1617645,0.0,0.0,1.3401718750000002,3.709997002461253,3.9446341291446156,8.22,2.0838434518596247,0.71875,0.509766454925116,443.69409276468747,0.0,0.0,2.0418140625000003,3.781130866423562,4.2972031945026465,9.1273,2.124009404925611,0.71875,0.5090191506644806,460.722222169375,0.0,0.0
W3,nuaa,1122.8712000000005,1154.0562000000002,0.1699999999999998,medium_wear,156.55663750000002,214.64356006040535,265.67242728727274,753.63,2.836688803934842,0.8125,0.5211367732294678,1477139.0243489603,0.0,0.0,1.8767078124999999,3.6304405555793386,4.086824053111872,9.7396,2.3831708616337117,0.46875,0.461249880436756,421.85791545250004,0.0,0.0,2.5837781250000003,3.704648052466858,4.516672070438035,10.602,2.3473034647325637,0.46875,0.4604826576005948,439.274478655,0.0,0.0
W3,nuaa,1138.7112000000002,1169.5563000000002,0.16999999999999982,medium_wear,166.64963749999998,175.45878480594766,241.9873691837267,753.63,3.1143361016822877,0.9375,0.5064424280974579,992157.02218276,0.0,0.0,1.5501687499999999,4.142255893791261,4.422816641363849,13.029000000000002,2.9458603095022933,0.03125,0.4680141336301357,552.4913265565626,0.0,0.0,2.274659375,4.22643317887993,4.799667976830532,12.550999999999998,2.614972548223652,0.03125,0.4678287099124779,575.0794733021876,0.0,0.0
W3,nuaa,1154.5512,1185.3963000000003,0.16999999999999987,medium_wear,124.70681249999998,192.0893467940013,229.0198817475379,667.5,2.9145941169239817,0.03125,0.46724997545784885,1182949.998101,0.0,0.0,0.6562421875000001,3.93796560103551,3.9922708930624626,13.029000000000002,3.2635560935108496,0.125,0.49643345610087364,496.62792308625006,0.0,0.0,1.3660187499999998,4.012842478993031,4.238975346302747,12.550999999999998,2.960857040828755,0.125,0.4963409183588654,515.6950550590625,0.0,0.0
W3,nuaa,1170.0513000000003,1201.2363000000005,0.16999999999999987,medium_wear,97.119265625,183.8086694202393,207.88886143701427,488.06,2.3476967290422697,0.09375,0.47104406690904427,1081270.4959864374,0.0,0.0,1.0617703124999998,3.6225602272719226,3.7749567940201314,8.4616,2.241509098436287,0.5625,0.513722415547533,425.417551881875,0.0,0.0,1.7693140625,3.6842543699873653,4.087077502877973,9.4556,2.313535770569975,0.5625,0.5145243641129157,440.1257339587501,0.0,0.0
W3,nuaa,1185.8913000000002,1217.0763000000002,0.16999999999999985,medium_wear,127.84771875,146.93341415878962,194.76772675661002,459.35,2.358450281519295,0.4375,0.5020306697545979,694570.5892845939,0.0,0.0,1.6023203125,4.4153274181459246,4.697078516831633,10.936,2.328255736158477,0.53125,0.5050275625121735,635.435891389375,0.0,0.0,2.3173078125,4.48655503523112,5.049662521597978,11.823,2.341344584797834,0.53125,0.5057681951774439,656.2211572731251,0.0,0.0
W3,nuaa,1201.7313000000004,1232.9163000000003,0.16999999999999976,medium_wear,130.98759375000003,147.47535548214475,197.24789020671426,488.06,2.474348392211024,0.25,0.4768452284845018,699991.9900898437,0.0,0.0,1.7151296874999997,4.548420789051394,4.861049425712389,10.936,2.2497199765454603,0.46875,0.5065005573249259,684.8218024893749,0.0,0.0,2.4286921875000003,4.627559866114129,5.226170304926328,11.823,2.2622684126568404,0.46875,0.5068163477550891,708.9687521449998,0.0,0.0
W3,nuaa,1217.5713000000003,1248.7563000000002,0.16999999999999985,medium_wear,79.39984375,177.46726324735735,194.4195584606427,488.06,2.5103441436875826,0.53125,0.49447835864816697,1010403.9880405002,0.0,0.0,1.2478296874999997,4.650548074846921,4.815046866383415,10.664,2.2147240298846222,0.46875,0.4707283109054214,708.764276886875,0.0,0.0,1.9497109375000004,4.739518936529753,5.124881704930491,11.6,2.2634668794091377,0.46875,0.46994372458953476,736.33758611,0.0,0.0
W3,nuaa,1233.4113000000002,1264.5963000000004,0.17000000000000018,medium_wear,70.42871875,198.28476920615876,210.42113516447498,516.77,2.4558844794562504,0.59375,0.5659024829862167,1310299.0069775938,0.0,0.0,1.1634312500000001,4.432230576480192,4.582383676271826,11.302,2.466401942404608,0.5,0.4684996062608217,628.7649234865626,0.0,0.0,1.87035625,4.5109293891986315,4.883309989776402,12.206,2.4995341326997944,0.5,0.4677545852614487,651.2781042390626,0.0,0.0
W3,nuaa,1249.2513000000004,1280.4363000000003,0.17000000000000023,medium_wear,108.78314062499999,183.4417606266587,213.2713089612545,516.77,2.4230638547535843,1.0,0.5929565413847363,1207589.9930316254,0.0,0.0,1.5961546875,3.6379724629562586,3.9727261959083275,11.302,2.8448977962892057,1.0,0.5586713848635144,454.326540895,0.0,0.0,2.3177546875,3.7097497458104267,4.374269078139656,12.206,2.7904090447931753,1.0,0.5575733331777146,473.04942624687504,0.0,0.0
W4,nuaa,0.0033,31.1883,0.07708189982062025,low_wear,-81.866996875,173.1930895716234,191.5673548721066,466.53,2.4353314285279075,0.125,0.5313829796563926,978994.3696763851,0.0,0.0,2.53230625,3.753336128819059,4.527704389609319,12.268,2.709540849918112,0.9375,0.5050064795494812,451.6041784487501,0.0,0.0,3.2230468749999996,3.8378864871326295,5.01172663326348,13.166,2.627038736034713,0.9375,0.5046413502188476,472.1589980246875,0.0,0.0
W4,nuaa,15.8433,47.0283,0.07781278810242176,low_wear,-108.10940625,180.73938989653365,210.60477387727644,452.18,2.147054844366891,0.5,0.5136405743086415,1045747.4553974788,0.0,0.0,1.7543109375000001,5.031622981644354,5.328680577295261,20.631,3.8716901305560922,0.90625,0.5135827183288646,810.330732579375,0.0,0.0,2.4326359375,5.13475199694345,5.6818479101900685,21.736,3.825515984160317,0.90625,0.5135711289904975,843.8389927937501,0.0,0.0
W4,nuaa,31.6833,62.8683,0.0785583740002281,low_wear,-74.9137125,198.32928208912406,212.00605758921137,595.72,2.8099197106635656,0.375,0.5372517028215813,1266148.1820287148,0.0,0.0,1.0114796875,4.87521291426653,4.979035259732176,20.631,4.143573789656141,0.5625,0.5220504937278655,767.0588116100001,0.0,0.0,1.664471875,4.965206282770031,5.236768092356678,21.736,4.150651626472588,0.5625,0.5220736595288858,795.2871103750001,0.0,0.0
W4,nuaa,47.5233,78.70830000000001,0.07931821980509307,low_wear,-51.36296874999999,183.60786240915795,190.6567641005001,595.72,3.1245678736369435,0.84375,0.5644725288020952,1100069.3728558538,0.0,0.0,1.5256046875,4.30548911795417,4.567790079167797,11.156,2.4423188908962525,0.375,0.47998648288367,606.2365713974999,0.0,0.0,2.1832671875000003,4.380781298576156,4.894680826976234,11.999,2.451436656271737,0.375,0.4800462979727132,627.180418669375,0.0,0.0
W4,nuaa,63.3633,94.54829999999998,0.0800913190327198,low_wear,-28.933581249999996,155.8082967539988,158.4720084473359,351.69,2.219256280309435,0.40625,0.48580350681618223,779287.66753933,0.0,0.0,2.038225,4.605708367545105,5.03655742720164,15.99,3.1747875867831015,0.53125,0.4638924697092523,679.075460145,0.0,0.0,2.7060125000000004,4.694807868090158,5.418830553582341,16.942,3.1265048486891316,0.53125,0.46424655875437787,705.57165216625,0.0,0.0
W4,nuaa,79.2033,109.9428,0.08087270990431442,low_wear,25.345378125,178.35467890262623,180.14655056025393,531.13,2.948321787723335,0.40625,0.46275293659403466,1053193.259056435,0.0,0.0,2.236296875,4.14142528213298,4.706636493359669,15.99,3.397330561338102,0.3125,0.5225695979066151,552.3081591750002,0.0,0.0,2.9286624999999997,4.221475244120088,5.13789035262772,16.942,3.2974623507360743,0.3125,0.5227650527160377,574.11192942625,0.0,0.0
W4,nuaa,95.0433,125.7828,0.08165635318784914,low_wear,89.94171874999999,216.27679583800048,234.23314280787903,574.19,2.4513610376263357,0.0625,0.4871807759347145,1534014.4993595001,0.0,0.0,2.382940625,4.514969679325057,5.105228420697745,10.723,2.100395734797398,0.65625,0.5194379205438606,673.5544089184375,0.0,0.0,3.0960453125,4.589908968593825,5.536493557932787,11.593,2.0939245893981657,0.0625,0.5185807392871132,696.3308416331251,0.0,0.0
W4,nuaa,110.4378,141.62279999999998,0.08245155051509971,low_wear,165.080328125,203.00798532139495,261.65579840337836,660.32,2.523620741559207,0.8125,0.49478069782890055,1321116.4722971877,0.0,0.0,1.6204734375000003,4.20732041466278,4.508600584802479,10.723,2.378343301499122,0.0625,0.5030871148358793,566.7276350212501,0.0,0.0,2.31475,4.2839967992810175,4.86936301160121,11.593,2.380804218617464,0.0625,0.5026692693721929,587.6547534153125,0.0,0.0
W4,nuaa,126.2778,157.4628,0.08326070484787743,low_wear,191.322875,169.9255723022123,255.88892633425934,660.32,2.5804946288978745,0.625,0.5467412304634094,943825.3956692812,0.0,0.0,1.21893125,3.0577144910902714,3.2917185938731155,9.6188,2.922120991114945,0.4375,0.542504122127358,301.21234812000006,0.0,0.0,1.9121140624999997,3.116892057396036,3.6566646394588536,10.504,2.8725631239605494,0.96875,0.5435812468756037,313.22848670625,0.0,0.0
W4,nuaa,142.1178,173.3028,0.08407436564537515,low_wear,198.49959375000003,177.78642518304432,266.4772067143478,559.84,2.100892631316586,0.65625,0.5241978740793246,1015321.6862658438,0.0,0.0,1.352228125,3.2277724281552107,3.4995765100937573,8.4083,2.402662143761713,0.65625,0.5273436853059532,334.49564458000003,0.0,0.0,2.05246875,3.2767653560177967,3.8664996014644823,9.2577,2.3943362095507617,0.65625,0.5274860476476915,344.7127570890625,0.0,0.0
W4,nuaa,157.9578,189.1428,0.08489098529707108,low_wear,237.527015625,184.4245127971988,300.7182802428265,660.32,2.195809311847618,0.125,0.5214798428569069,1112752.2607324377,0.0,0.0,1.2853703125,3.517159020550166,3.7446741401747827,9.1729,2.4495856399328395,0.6875,0.47108694109452454,395.89825643062505,0.0,0.0,1.99361875,3.5791882549886136,4.096962812254951,10.011,2.4435174197956626,0.6875,0.47125956630619825,409.98121822999997,0.0,0.0
W4,nuaa,173.7978,204.9828,0.08570957471546051,low_wear,277.90040625,175.61498710573497,328.7388925729088,832.58,2.53264830785225,0.75,0.48921268885247393,996946.9856578439,0.0,0.0,0.9407093750000002,3.747271839148397,3.8635450514634226,9.3586,2.4222831299599252,0.09375,0.4770901107786136,452.75074661218747,0.0,0.0,1.6504859375,3.8173845310740564,4.15890953111134,10.207,2.454249106321025,0.09375,0.47754795029088337,469.9257264825,0.0,0.0
W4,nuaa,189.6378,220.5291,0.08652749384197095,low_wear,244.928578125,197.22935985141805,314.466896142876,832.58,2.6475918775937632,0.71875,0.5396248500832829,1281974.6993649376,0.0,0.0,0.8656187500000001,4.019389300583913,4.111543040027673,9.5121,2.3135109878202758,0.34375,0.47972964422049685,518.6554065715625,0.0,0.0,1.5578750000000001,4.091474534932364,4.378029052624594,10.367,2.3679605309574328,0.34375,0.4797944220204067,537.4608668528126,0.0,0.0
W4,nuaa,205.4778,236.3691,0.0873729020476398,low_wear,184.81739062499997,180.19578734476713,258.1239811684191,488.06,1.8907968093113894,0.6875,0.5377559077539074,1043409.5500546878,0.0,0.0,1.4121328125,4.525589904782259,4.74078928728184,11.665,2.460560740654263,0.5625,0.4842874991244088,655.572177508125,0.0,0.0,2.0941609375,4.606016119592166,5.0597326536185445,12.526,2.475624871413283,0.5625,0.483952316129974,679.0769762406251,0.0,0.0
W4,nuaa,221.0241,252.2091,0.08832696169981277,low_wear,192.44370312499998,145.74549062810652,241.40490241685364,488.06,2.0217485026763327,0.8125,0.4825505565311083,684430.0518425626,0.0,0.0,1.885734375,4.663993529296365,5.030788186196572,11.665,2.3187221501406703,0.5625,0.5089757290831427,696.4143104234375,0.0,0.0,2.5694359374999998,4.748853006594302,5.3994079226482095,12.526,2.319883990883293,0.5625,0.5082433247132515,721.9990194381251,0.0,0.0
W4,nuaa,236.8641,268.04909999999995,0.08938299151900446,low_wear,176.07065625,147.38206295620097,229.61347624547486,488.06,2.1255721048281395,0.3125,0.4664613527413353,699274.2280819999,0.0,0.0,1.7669484375,4.276479224709569,4.627135327625101,10.905,2.3567497442520318,0.96875,0.5050210153116154,587.070026464375,0.0,0.0,2.4469578125,4.359385751628487,4.999184600277954,11.723,2.3449824196026294,0.96875,0.5039408367190621,610.0624721706249,0.0,0.0
W4,nuaa,252.7041,283.8891,0.09047449678445188,low_wear,176.29509374999998,167.37445030947066,243.09291782509572,516.77,2.125812650666416,0.5,0.473630586430351,896866.8442658437,0.0,0.0,0.9672203125000001,3.99370737544467,4.109162169298475,9.2281,2.245737602898121,0.90625,0.5685671402577532,522.3057916456249,0.0,0.0,1.6389171875000001,4.074086792865162,4.391381644002403,10.042,2.286751827574589,0.90625,0.5680091537356659,543.781311533125,0.0,0.0
W4,nuaa,268.5441,299.7291,0.09158888433247617,low_wear,212.181640625,188.66177094227112,283.9265969108752,631.61,2.2245538349415814,0.25,0.5160373735527538,1143337.6918320628,0.0,0.0,0.5882265625,3.30557120429105,3.357500778178428,8.5117,2.535129717711613,0.84375,0.5349106423252411,349.72104853187506,0.0,0.0,1.2503140625,3.364543139949835,3.5893503305568752,9.2937,2.5892429392809126,0.84375,0.5370433137452592,362.33325370687504,0.0,0.0
W4,nuaa,284.3841,315.5691,0.09271434798725714,low_wear,224.96576562500002,201.23983901800344,301.83947473985967,703.39,2.3303446330411774,0.25,0.4856811286976734,1296384.4569401876,0.0,0.0,1.4159390625000001,3.1766481054435145,3.477927057103304,9.3059,2.6757030401180115,0.84375,0.5358690741733646,334.53582165937496,0.0,0.0,2.0879812500000003,3.219569864121749,3.8373553145770205,10.112,2.635148213038128,0.84375,0.5348552864047929,343.43862956375006,0.0,0.0
W4,nuaa,300.2241,331.1451,0.09382383224149737,low_wear,160.25729374999997,225.0530934970123,276.2811884523605,703.39,2.5459207119390483,0.46875,0.4747218732906726,1620768.2566301802,0.0,0.0,1.275121875,4.4472240176621955,4.626417324385577,9.9928,2.1599434939274786,0.96875,0.5334922247124145,634.9859797046875,0.0,0.0,1.9538359375,4.538723186796563,4.941404965901019,10.933,2.2125286382000606,0.96875,0.5331530159448411,661.5274756712502,0.0,0.0
W4,nuaa,316.0641,346.9851,0.09490263775381616,low_wear,89.15608125,219.2038463777772,236.64135963662133,610.08,2.5780784937038006,0.625,0.5040311023352694,1543899.14524594,0.0,0.0,0.8330390625,4.83973607246618,4.910906161879012,10.169,2.070697273537219,0.34375,0.5242155620134982,753.21712386625,0.0,0.0,1.5124312500000001,4.950113556837453,5.176009322978707,10.987,2.122677784064957,0.34375,0.5230347494654296,787.5693643215626,0.0,0.0
W4,nuaa,331.6401,362.8251,0.09595372696934298,low_wear,138.61341875,210.02681015761928,251.64447310153167,610.08,2.424372736983774,0.65625,0.46817019123454756,1411972.5625257897,0.0,0.0,2.0832296875000003,4.9294529227288395,5.35157472602983,11.363,2.1233002586567378,0.5625,0.4877505010447451,800.081234635,0.0,0.0,2.800378125,5.033925739652303,5.760427587888985,12.264,2.1290086218225284,0.5625,0.48729752042293706,835.1424116796875,0.0,0.0
W4,nuaa,347.4801,378.6651,0.09699511906608635,low_wear,164.40753124999998,171.9662024002399,237.91219199460963,610.08,2.5643074231934384,0.25,0.46485036014279063,946588.1101958901,0.0,0.0,1.5419578125,5.66076251182219,5.867015093791839,11.615,1.9797119684062807,0.3125,0.43310741247145,1048.41836445375,0.0,0.0,2.2361765625000003,5.785534562103526,6.202652318804332,12.524,2.019136226938191,0.3125,0.4324676009367859,1094.9075513987498,0.0,0.0
W4,nuaa,363.3201,394.5051,0.09808686040992426,low_wear,156.55649375000002,154.412802540734,219.893722793029,581.37,2.6438681041714136,0.3125,0.4735558343013882,768782.02399278,0.0,0.0,0.5051593750000001,5.069883682612907,5.09498837578409,11.615,2.279691167737457,0.09375,0.4575051608745489,822.7760484949999,0.0,0.0,1.1737624999999998,5.173250713058111,5.304737632207883,12.524,2.360908468679042,0.09375,0.4566765873680106,856.70255973625,0.0,0.0
W4,nuaa,379.1601,410.3451,0.09931059975447322,low_wear,206.79846249999997,200.9462666327303,288.3487578714295,653.14,2.265104260623261,0.3125,0.4946908837740865,1292140.8663566862,0.0,0.0,0.5323484375,3.8414501782364114,3.878161204847118,9.4434,2.4350199749812287,0.53125,0.5115847157561453,472.21666942187505,0.0,0.0,1.1980796875,3.9091473295088477,4.088621745944011,10.313,2.5223658828872315,0.53125,0.5112519634379497,489.0080281768751,0.0,0.0
W4,nuaa,395.0001,426.1851,0.10070536483062319,low_wear,240.2183625,188.05119596684594,305.07067047938665,653.14,2.140946551740483,0.84375,0.535095108597802,1132089.42752408,0.0,0.0,0.07956562499999989,3.7998927096785717,3.800725627265141,7.6976,2.0252974707724176,0.875,0.47518109312997925,462.0891989649999,0.0,0.0,0.7373000000000001,3.8747011588395432,3.9442262055202284,8.3466,2.1161565197042536,0.875,0.4753120348174251,480.45478633000005,0.0,0.0
W4,nuaa,410.8401,441.8172,0.10221317560467023,low_wear,194.68661874999998,171.9179188518307,259.7280314918906,567.01,2.183091277222049,0.65625,0.579206004382209,948109.2429720737,0.0,0.0,0.4708328125,3.670488214591431,3.700563101851021,7.447,2.012396436713918,0.78125,0.4827491759785505,439.11612982125,0.0,0.0,1.1633046875000002,3.750035925262487,3.9263274489933657,8.3466,2.1258033387255835,0.78125,0.4829285594493314,458.29081773124994,0.0,0.0
W4,nuaa,426.6801,457.65719999999993,0.10373985191122875,low_wear,157.45389999999998,199.38961875419315,254.06288727823372,624.43,2.457777311316483,0.84375,0.5506232967951141,1273847.44402058,0.0,0.0,0.7888828124999999,3.3406191642865157,3.4325023660088347,8.8008,2.563960359401934,0.625,0.5077732924371601,357.44013140375,0.0,0.0,1.4834140624999999,3.406905354013888,3.715847328945479,9.6059,2.585116973233144,0.625,0.5078546877638244,371.71815079437505,0.0,0.0
W4,nuaa,442.3122,473.4972,0.10522245443409027,low_wear,201.1910625,198.67858818725873,282.75612289384867,624.43,2.2083695080032673,0.3125,0.505196823250957,1263413.8525697463,0.0,0.0,1.732409375,3.4325041300375165,3.8449092115825696,9.0906,2.364321106104427,0.625,0.5275995671238137,387.2257546775,0.0,0.0,2.426225,3.495952345838684,4.255379014259482,9.9793,2.3451025082748336,0.625,0.5272138837229924,401.6969773653125,0.0,0.0
W4,nuaa,458.1522,489.3372,0.10664081379967683,low_wear,246.722921875,183.88171431045564,307.7087665899192,753.63,2.4491664906133668,0.3125,0.5341785052920224,1127436.7348243226,0.0,0.0,2.54051875,3.9482965674640544,4.695027295314693,12.276,2.614681284654209,1.0,0.5216146726985844,547.8302131099999,0.0,0.0,3.2603187499999997,4.025354321705536,5.180072949956882,13.23,2.554018085809028,1.0,0.5212834936904993,568.6982016665626,0.0,0.0
W4,nuaa,473.9922,505.1772,0.1080116085407715,low_wear,218.462203125,201.74269778296343,297.36484375759164,753.63,2.534361461418588,0.4375,0.5278853639034463,1321883.5671146978,0.0,0.0,2.4631421875,4.652426066003248,5.264231922652035,12.276,2.3319641270317644,0.96875,0.5298414462072006,694.507893886875,0.0,0.0,3.1866421875,4.751384145955678,5.721043587807538,13.23,2.312515155136251,0.96875,0.5301641541490829,724.2845705225001,0.0,0.0
W4,nuaa,489.8322,521.0172,0.10935870728420352,low_wear,223.6203125,184.71001420523967,290.041089348212,538.3,1.8559439326672023,0.9375,0.5173954999182881,1096999.4492143951,0.0,0.0,1.703353125,4.702235505020749,5.001242906830761,12.351,2.4695861069117133,0.09375,0.5262992215259438,739.61322852,0.0,0.0,2.3973500000000003,4.800860011139931,5.366147954451359,13.226,2.464710274905613,0.09375,0.5272055694043725,771.0472659778127,0.0,0.0
W4,nuaa,505.6722,536.6030999999999,0.1107069417828832,low_wear,263.207659375,175.36542575992453,316.27725891316567,638.79,2.0197152403403766,0.4375,0.5019866058577956,1022027.849683965,0.0,0.0,1.202578125,3.8177658916680555,4.002690413998127,12.351,3.0856745644895085,0.71875,0.49898588584741954,467.3930762759375,0.0,0.0,1.8846046875,3.8918393206743236,4.324135535120719,13.226,3.0586460328493756,0.71875,0.49960784142163234,485.776562446875,0.0,0.0
W4,nuaa,521.5122,552.4431,0.11207299769289114,low_wear,180.892071875,212.3155472151073,278.926214717227,638.79,2.2901755600404923,0.03125,0.4845981495628118,1465867.7345107554,0.0,0.0,1.3244796875,2.6148366782876997,2.931146072224779,5.5644,1.8983700787646336,0.8125,0.5277155692159695,220.342402160625,0.0,0.0,2.0170234375,2.6597842163852192,3.3380886185295098,6.444,1.9304460535378782,0.8125,0.5278079680239004,227.837321985,0.0,0.0
W4,nuaa,537.0980999999999,568.2831,0.1134937009746217,low_wear,126.0529375,192.29734480607073,229.92958024543896,588.55,2.5596967531178487,0.375,0.4935527537939149,1196344.7582408749,0.0,0.0,0.8646749999999999,3.9022821949549598,3.996932471869834,11.441,2.862445157760622,0.25,0.4820132685614687,492.83941523125,0.0,0.0,1.5440703125000002,3.984834923168073,4.273530448568695,12.353,2.890584295272146,0.25,0.48308710014369294,514.2707232581249,0.0,0.0
W4,nuaa,552.9381,584.1231,0.11499651657457116,low_wear,150.27714062500002,167.97986010585717,225.38955697993057,588.55,2.6112567409341256,0.25,0.522782969830594,914858.0091610003,0.0,0.0,1.08454375,5.179764756478902,5.292088253055216,11.441,2.1619065013503715,0.21875,0.4961084957323426,889.3049432837498,0.0,0.0,1.7688390625000001,5.293986766388151,5.581674257041407,12.353,2.213135240634369,0.21875,0.4957164060427528,928.7115004806251,0.0,0.0
W4,nuaa,568.7781,599.9630999999999,0.11657112315724133,low_wear,152.519859375,150.62937899006738,214.363050264506,602.9,2.812518292010083,0.25,0.5355272112231976,726286.5841148125,0.0,0.0,0.99239375,5.083615058753558,5.179574057837671,12.474,2.408306138827089,0.1875,0.5277321438111763,858.7129080615625,0.0,0.0,1.6896015625,5.179988597914942,5.448581036795842,13.378,2.4553181662628307,0.1875,0.5276476781763575,891.2967262043749,0.0,0.0
W4,nuaa,584.6181,615.8031,0.1181825433581978,low_wear,175.39778124999998,140.91053582642303,224.9892459081378,602.9,2.679683633617589,0.71875,0.5042452191979868,636028.8159755939,0.0,0.0,0.788396875,4.39710301405826,4.467223360069429,12.474,2.792338550048711,0.84375,0.5527636899303113,618.7694664575001,0.0,0.0,1.4698609375000002,4.4696081851005545,4.705091763601031,13.378,2.84330267551704,0.84375,0.5538756435363392,639.356459709375,0.0,0.0
W4,nuaa,600.4581,631.6430999999999,0.11971562542211413,low_wear,196.257,157.02530810609002,251.34390272058022,516.77,2.056027595682298,0.28125,0.4742906647407998,790569.5118172813,0.0,0.0,1.1194921875,3.9865911888442005,4.140793651565331,11.009,2.6586690683894143,0.3125,0.5255096812042367,509.53434094249997,0.0,0.0,1.7916875,4.061715372786632,4.439332817799032,11.886,2.677429354326476,0.3125,0.5257765298537846,528.94132275,0.0,0.0
W4,nuaa,616.2981,647.4830999999998,0.12101380734400832,medium_wear,176.518828125,164.13550985890387,241.0380930045407,516.77,2.1439349837134043,0.28125,0.48216313970415925,868084.9197419999,0.0,0.0,0.39774375000000006,4.492185586899592,4.509759576497676,18.679,4.141905944907665,0.6875,0.510923655708992,659.00982076,0.0,0.0,1.0545046875,4.581936804399344,4.701715114239564,18.375,3.9081483147181064,0.6875,0.5108049021182978,685.5206804950001,0.0,0.0
W4,nuaa,632.1380999999999,662.8907999999999,0.1227885071712472,medium_wear,111.025578125,163.96977330525021,198.02213400467542,502.42,2.5371911202014297,0.8125,0.4983694676389652,887143.6320285002,0.0,0.0,0.39497499999999997,4.555469183128945,4.572559975447287,18.679,4.085020229433474,0.65625,0.5437271609701292,677.6752161628125,0.0,0.0,1.0712531250000001,4.647021756054111,4.768898663115259,18.375,3.853090891219866,0.65625,0.5425310573561943,704.9409690446876,0.0,0.0
W4,nuaa,647.9780999999998,678.7307999999999,0.12704472106991707,medium_wear,65.94289062499999,183.10723026917157,194.61943017290983,473.71,2.434032406626265,0.4375,0.5309136988096091,1108165.7371954373,0.0,0.0,1.4974375000000002,3.8422697729296353,4.123755093888943,12.029000000000002,2.9170015498316,0.65625,0.5229413971231477,473.5790438253125,0.0,0.0,2.2089203125,3.9103165938074826,4.491091717030643,12.936,2.8803686976477167,0.65625,0.5235026094753321,490.59091796437514,0.0,0.0
W4,nuaa,663.3857999999999,694.5708,0.1333928400999842,medium_wear,55.62468749999999,190.93613833040445,198.87361509260094,473.71,2.3819650473966987,0.90625,0.5101086118430522,1167390.6134006563,0.0,0.0,1.5285625,3.6572762169022384,3.9638583026042946,12.029000000000002,3.0346695269346102,1.0,0.5369633949890533,458.72071159281256,0.0,0.0,2.23240625,3.715819042446892,4.334852802720065,12.936,2.984184374584259,1.0,0.5376545050149583,474.5244421100001,0.0,0.0
W4,nuaa,679.2257999999999,710.4107999999999,0.1392922008395123,medium_wear,74.016265625,198.48789230164977,211.8392101746555,473.71,2.2361771440208793,0.25,0.49388170204639503,1263558.271414875,0.0,0.0,0.9580578125000001,3.5788576128076772,3.7048747056875957,11.555,3.1188639071278614,1.0,0.5686611319275818,466.28092166812496,0.0,0.0,1.6477859375000001,3.650596636247765,4.005253337356609,12.473,3.114160066646856,1.0,0.5693202307709025,486.78557313625004,0.0,0.0
W4,nuaa,695.0658,726.2507999999999,0.14404503481354458,medium_wear,105.19382812500001,195.511350202133,222.01448045894014,473.71,2.1336896540296117,0.5625,0.4690238750968334,1225161.8829019375,0.0,0.0,0.9629859374999998,3.5744444030186004,3.701890693428663,10.517,2.8409806963422883,0.59375,0.5660655259839381,408.855766848125,0.0,0.0,1.6501953125,3.6566300447966125,4.011743742302872,11.394,2.8401614689026653,0.59375,0.5663069486426439,427.87962276687506,0.0,0.0
W4,nuaa,710.9057999999999,742.0907999999998,0.1480970448364332,medium_wear,90.61517187499999,169.78963393679936,192.45682416149376,416.29,2.163030600830678,0.5625,0.5062802508513901,924161.0826050001,0.0,0.0,1.2720562499999999,4.190447377923798,4.37926664297945,10.517,2.401543650432923,0.625,0.5399042043029254,564.7935554965625,0.0,0.0,1.9638343750000002,4.282678366550348,4.711473171286238,11.394,2.418351879713543,0.625,0.5400794154901094,589.8666995100001,0.0,0.0
W4,nuaa,726.7457999999999,757.9307999999999,0.15178391573625405,medium_wear,65.493828125,172.98221725309972,184.96564277796466,416.29,2.250634192100856,0.78125,0.554542876962094,991846.2096433749,0.0,0.0,1.5508578125,5.210093330132289,5.436012551795779,11.418,2.10043665116779,0.25,0.5460854106666673,869.928708228125,0.0,0.0,2.24550625,5.3234108561521385,5.777629398134454,12.298,2.128554663608385,0.25,0.5458819839026098,908.1597882687502,0.0,0.0
W4,nuaa,742.5857999999998,773.3285999999998,0.15526699811992167,medium_wear,29.27034375,219.64940611323783,221.5910978111288,509.6,2.29973137474301,1.0,0.5334786898116205,1660789.1879825187,0.0,0.0,0.6252625,4.240861083866843,4.286706886009644,11.418,2.66358309621413,0.25,0.5329248095741086,580.5311985650001,0.0,0.0,1.3201484375,4.325153402806663,4.522139300689857,12.298,2.7195093256246943,0.25,0.5335625350200516,604.1806990843751,0.0,0.0
W4,nuaa,758.4257999999999,789.1685999999999,0.15875826099636178,medium_wear,-45.643640625,211.6318517750553,216.49799679267963,509.6,2.3538324028374147,0.03125,0.49879018444864964,1446694.8176211552,0.0,0.0,-0.592559375,0.328388311834647,0.6774699227641032,1.5819,2.3350114106110977,0.125,0.52039092339163,3.4781930250000004,0.0,0.0,0.080615625,0.3256654025888525,0.33549490821396977,2.2669,6.7568834712514665,0.71875,0.5259877147371994,3.4703537034374996,0.0,0.0
W4,nuaa,773.8235999999998,805.0085999999999,0.16250571755087712,medium_wear,-37.681359375,180.39208219624754,184.2856157258228,495.24,2.687350274460977,0.1875,0.4349040511353519,1041424.7280988027,0.0,0.0,-0.6380874999999999,0.1982846403374452,0.6681859443672846,1.1527,1.7251185986731719,0.4375,0.4948455561172906,1.2607892953125002,0.0,0.0,-0.005882812500000003,0.22080974315763297,0.22088809419307778,0.8623,3.9037866805363692,0.65625,0.457494710808838,1.5607745312500003,0.0,0.0
W4,nuaa,789.6635999999999,820.8485999999998,0.1668272244787667,medium_wear,-20.18644375,197.78129645869095,198.80878687862995,495.24,2.491036778481714,0.1875,0.4746713889278776,1260103.315322024,0.0,0.0,-0.583040625,0.18896170306337043,0.6128971329880732,0.9824,1.6028790919782574,0.96875,0.4679067057784479,1.1435140584374999,0.0,0.0,0.0266109375,0.1958455985569272,0.19764523892254526,0.8623,4.362867553505423,0.3125,0.4372491160847147,1.2273883887500001,0.0,0.0
W4,nuaa,805.5035999999999,836.6885999999998,0.17230392386625143,medium_wear,-36.78409375,214.0152682152227,217.15341255030393,495.24,2.2805996653876064,0.8125,0.4838987327213333,1465681.12093701,0.0,0.0,-0.7480609375,0.6088995495505569,0.9645485097475658,3.4003,3.525276298327287,0.03125,0.4119363383489872,12.031789121250002,0.0,0.0,0.0952921875,0.15921680315756515,0.1855548204877739,0.6111,3.2933663398966506,0.1875,0.43301981919705784,0.8113165468749999,0.0,0.0
W4,nuaa,821.3435999999998,852.1556999999998,0.1789030262672518,medium_wear,-15.027771874999996,194.63374118650353,195.21303013831294,567.01,2.9045704561742642,0.5625,0.5442916049097163,1223864.6913195378,0.0,0.0,-0.954396875,0.8929538429365957,1.3069965419330687,4.4734,3.422656339536882,0.1875,0.4434318775302628,26.8236001775,0.0,0.0,0.05593750000000001,0.27976036201765614,0.28529785148595144,1.6693,5.851078062122032,0.1875,0.3991792287334354,2.5048307403125,0.0,0.0
W4,nuaa,837.1835999999998,867.9956999999998,0.18469260265145065,medium_wear,35.88666875,177.93857039811596,181.52131508254755,567.01,3.1236552012756733,0.5625,0.5210446096534832,1016305.0752014199,0.0,0.0,-1.5667843750000001,1.5472332816614498,2.2019863999636784,4.7805,2.1709943349690324,0.03125,0.4291646473877747,76.78807371218748,0.0,0.0,-0.0486265625,0.33513658374338007,0.3386459395057765,1.6693,4.929337119577439,0.0625,0.46222693023223055,3.5944863993749996,0.0,0.0
W4,nuaa,852.6506999999998,883.8356999999999,0.18801777890194127,medium_wear,64.371996875,168.944743530653,180.79292117865987,452.18,2.5010934999670424,0.9375,0.4987184485831837,916331.02769662,0.0,0.0,-1.2354421875,2.2032676154410895,2.5260058558733096,5.9075,2.3386723297827094,0.03125,0.4574788074955738,161.01049214687504,0.0,0.0,-0.012303124999999998,0.7691400591668817,0.7692384529520089,5.0703,6.591324160333317,0.25,0.4565649210510367,19.0389655375,0.0,0.0
W4,nuaa,868.4906999999998,899.6756999999999,0.18966789762237563,medium_wear,31.40116875,194.30178517569718,196.8228064054792,452.18,2.2973963650759734,0.75,0.5265058527421029,1213517.39572884,0.0,0.0,-0.008539062500000028,2.221947576846801,2.22196398482148,5.9075,2.65868395723553,0.71875,0.4806876714457153,159.51506800937497,0.0,0.0,0.07962499999999997,0.9262168322334139,0.9296331324439226,5.0703,5.454087018898124,0.03125,0.4560656795164878,27.6653699828125,0.0,0.0
W4,nuaa,884.3306999999999,915.5156999999998,0.19086755636461544,medium_wear,24.223971875,198.96802113769712,200.43720774559765,567.01,2.8288659893909025,0.59375,0.5251355512699006,1267752.06319638,0.0,0.0,-0.11618906250000001,2.517726353969812,2.52040589820742,8.1917,3.2501510990059805,0.75,0.5036880265321938,204.85751254125,0.0,0.0,0.052126562500000015,0.8697587498198472,0.8713193796801779,4.1489,4.761629428606161,0.0625,0.46665609059317115,24.233386708750004,0.0,0.0
W4,nuaa,900.1706999999998,931.3556999999998,0.19196811804372768,medium_wear,26.466853124999993,173.73117080442935,175.73563674854944,567.01,3.2264941277181234,0.375,0.539455303158076,991398.8786523301,0.0,0.0,-0.666734375,2.6784673865278554,2.7602033018420946,8.4629,3.0660422709994077,0.5,0.5028553149205206,229.8096939175,0.0,0.0,-0.04743281249999999,0.9396680158529873,0.940864417288033,4.1489,4.409668304769007,0.0625,0.44758438111582777,28.256210945000003,0.0,0.0
W4,nuaa,916.0106999999998,947.1956999999998,0.1929755736195942,medium_wear,32.74664375,192.8143819895331,195.57537825323257,495.24,2.53222059148345,0.25,0.49003945299194224,1189702.0834369988,0.0,0.0,-0.746278125,2.7296653338521164,2.829841669543987,8.4629,2.9905913433537603,0.40625,0.5147029225455618,241.08830831968748,0.0,0.0,-0.44106249999999997,0.9874981991281048,1.0815215310790165,3.755,3.471960466893061,0.125,0.42049272378020364,31.222394067812502,0.0,0.0
W4,nuaa,931.8506999999998,962.8574999999996,0.19388404337800522,medium_wear,25.906050000000008,217.42619196669074,218.9640892469328,495.24,2.2617407343059894,0.15625,0.47220930855319704,1536930.2042311616,0.0,0.0,0.10242968749999996,3.6759371543900072,3.6773639749018927,11.278,3.06687074681012,0.40625,0.4482313446202866,435.273700771875,0.0,0.0,0.3810640625,3.2055963929980713,3.2281663610370597,12.313,3.814239609399934,0.03125,0.41062198249813564,329.8879306718749,0.0,0.0
W4,nuaa,947.6906999999998,978.6974999999998,0.1947031570337745,medium_wear,16.037249999999997,197.67525163517877,198.3247299168557,531.13,2.678082557947601,0.25,0.46135824015436805,1251231.1530535,0.0,0.0,1.219540625,4.347342906833967,4.515159984499442,11.278,2.4978073952456636,0.4375,0.45064050265348193,612.6105038999999,0.0,0.0,1.8722359374999997,4.347991156031397,4.73395125646576,12.313,2.6009984752552255,0.4375,0.453556062461409,612.0174992143751,0.0,0.0
W4,nuaa,963.3524999999996,994.5374999999998,0.1954503918810054,medium_wear,28.485609375,179.60585261836343,181.85074164334435,531.13,2.920691965291411,0.34375,0.4994226596443196,1034017.6385546875,0.0,0.0,1.3210796875000002,4.6584636999558295,4.842162283993717,11.218,2.3167335876127684,0.40625,0.48822365086701525,694.483027101875,0.0,0.0,1.9578234375,4.746719614071062,5.134629461512413,11.995,2.336098464341155,0.40625,0.4885292333109916,721.0703735625002,0.0,0.0
W4,nuaa,979.1924999999998,1010.3774999999996,0.19613807466979855,medium_wear,-1.7940468749999976,185.18428136195763,185.1929714317862,387.58,2.0928440048425965,0.0625,0.5096035084700139,1107177.0114418752,0.0,0.0,1.2486656250000001,4.259076124775285,4.438343754114535,10.659,2.4015715299471005,0.40625,0.5190035018541784,581.0359544834374,0.0,0.0,1.8855062500000002,4.342872545399638,4.734519591719417,11.476,2.423899569466626,0.40625,0.5199713113834498,604.1082150965626,0.0,0.0
W4,nuaa,995.0324999999998,1026.2174999999995,0.19677726835358267,medium_wear,17.494625000000003,178.72423910940108,179.57843843046692,387.58,2.1582769256013528,0.53125,0.4908839183300735,1022567.534832,0.0,0.0,1.4274843750000001,4.03138853720165,4.27665817885297,11.292,2.6403793634563035,0.90625,0.5334640258845375,529.71237422,0.0,0.0,2.0519390625,4.111791350365784,4.595354396034788,12.069,2.6263480375776957,0.90625,0.533377448259276,551.12230434,0.0,0.0
W4,nuaa,1010.8724999999996,1042.0574999999997,0.1973777527216033,medium_wear,78.951015625,175.11182006662668,192.0869917388099,516.77,2.6902914940886653,0.5625,0.5513204188492727,995477.253061,0.0,0.0,1.0076859375,4.124212212913637,4.245533809284911,11.292,2.6597362092146306,0.90625,0.5143523962607414,545.131544296875,0.0,0.0,1.616521875,4.199640419111377,4.500013624666875,12.069,2.6819918797231286,0.46875,0.5141248085832552,565.1845685525,0.0,0.0
W4,nuaa,1026.7125,1057.8974999999998,0.19794446067506283,medium_wear,93.978671875,187.60877563496786,209.83098785127194,516.77,2.462791627165603,0.1875,0.5024740585867422,1149875.4463946251,0.0,0.0,1.0986140625,4.209647554831164,4.350641951967405,12.788,2.939336341897116,0.21875,0.5116298483451532,567.8439410425001,0.0,0.0,1.716778125,4.288222236744382,4.619109988102416,13.602,2.944723125241679,0.21875,0.5117693174971655,589.30620083,0.0,0.0
W4,nuaa,1042.5524999999998,1073.4635999999998,0.198472412102229,medium_wear,85.904296875,187.4430741037362,206.19033500881383,488.06,2.3670362627769985,0.3125,0.4643827047475035,1130112.5595224376,0.0,0.0,1.539325,4.563464096426639,4.81609032463055,12.788,2.655265814804042,0.625,0.5336333762514364,684.7136951253126,0.0,0.0,2.1693015625000003,4.65771879687673,5.13811382316933,13.602,2.6472749472120323,0.625,0.5330317651503224,713.2942914925,0.0,0.0
W4,nuaa,1058.3924999999997,1089.3036,0.19894599933340534,medium_wear,85.23153124999999,168.1836733088791,188.5475056501345,452.18,2.398228491227338,0.3125,0.54361601033274,910374.0994844002,0.0,0.0,2.0414765624999998,5.483939960629988,5.851600127061935,24.008000000000006,4.102809398914674,0.625,0.5358367822517117,964.6413099112503,0.0,0.0,2.6696859375,5.584533072633154,6.18984916166935,23.771,3.8403197524104393,0.625,0.5361084632426208,1000.4673310156251,0.0,0.0
W4,nuaa,1073.9586,1105.1436,0.19934326814751363,medium_wear,93.75466875000001,164.59095171556066,189.42048278646175,495.24,2.6145007800360003,0.90625,0.5608077104078785,895791.51319429,0.0,0.0,2.1592765624999997,5.462314926891751,5.873615550400473,24.008000000000006,4.0874312923601375,0.90625,0.5108533754404908,956.1899249768752,0.0,0.0,2.7901875,5.558908249644777,6.219855883629861,23.771,3.8217927303690877,0.90625,0.5112597646683564,990.2605128578127,0.0,0.0
W4,nuaa,1089.7986,1120.9835999999998,0.19964220038251107,medium_wear,70.6523875,198.38400363074223,210.5895836835538,495.24,2.3516832662729477,0.0625,0.514096832858187,1278524.9818310963,0.0,0.0,1.2302984375000001,4.654112452259701,4.813979327291897,11.222,2.3311275842792063,0.3125,0.4830015696886087,694.4285503325,0.0,0.0,1.8474593749999997,4.734821592953594,5.0824838080779955,11.995,2.360066544813265,0.3125,0.483504168922653,718.7736353675,0.0,0.0
W4,nuaa,1105.6385999999998,1136.8236,0.19983640267288874,medium_wear,87.69882812499999,212.1375646081861,229.5504972166051,509.6,2.21999083504114,0.5625,0.5132337719168776,1501288.2939481875,0.0,0.0,1.4875906250000002,5.054683860685514,5.269037369298352,12.7,2.410307445151255,0.71875,0.5318578597209193,820.4751858450002,0.0,0.0,2.0980703125,5.145018880452471,5.5563583682486,13.507,2.4309087184125406,0.71875,0.5322096490457792,849.9672728749999,0.0,0.0
W4,nuaa,1121.4786,1152.6636,0.19994144204264536,medium_wear,134.127671875,200.10355410736827,240.89762292104115,509.6,2.115421455059485,0.6875,0.5004946886311954,1330064.0412233227,0.0,0.0,1.2257359375,5.507401592810329,5.6421539231900395,12.7,2.250913422939638,0.90625,0.5331967967417497,989.8065817300001,0.0,0.0,1.8376984375,5.6104912110731275,5.903790915735308,13.507,2.287852024704998,0.90625,0.5333784431207252,1026.9932747887499,0.0,0.0
W4,nuaa,1137.3185999999998,1168.5035999999998,0.19998565314892355,medium_wear,147.136421875,169.9428677622796,224.78813346225735,509.6,2.267023584167816,0.125,0.47783986678971513,932523.840583635,0.0,0.0,0.4546374999999999,5.670056721924723,5.6882544322709405,12.19,2.1430124381994893,0.4375,0.5352458253312925,1048.4584523662502,0.0,0.0,1.0592515624999999,5.762983158405033,5.859521205415913,12.973,2.2140034219876448,0.4375,0.5353815252753694,1082.9562748993749,0.0,0.0
W4,nuaa,1153.1585999999998,1184.2578,0.19999820803251034,medium_wear,132.55731874999998,165.55677523122813,212.08604050986594,416.29,1.9628354558330057,0.5625,0.49788857572471706,882137.6871033801,0.0,0.0,1.18318125,4.963860365647732,5.102923436619444,11.852,2.322590206811264,0.21875,0.5255129015162925,794.8052812890625,0.0,0.0,1.7992421875,5.044991737691595,5.356231332070736,12.729,2.376484362014836,0.21875,0.5256589506490764,820.865276515625,0.0,0.0
W4,nuaa,1168.9986,1200.0977999999998,0.19999995867032563,medium_wear,72.67100625,198.67303292757163,211.54680135144446,531.13,2.510697380470572,0.40625,0.5050523958980209,1279492.60900378,0.0,0.0,1.501178125,4.063567777768877,4.331987863267855,11.736,2.7091488643153525,0.0625,0.519940905533907,540.661953775,0.0,0.0,2.1230546875,4.142401616134417,4.654766627390545,12.557,2.697664782184673,0.0625,0.5199805765106862,561.5705513075001,0.0,0.0
W4,nuaa,1184.7527999999998,1215.9378,0.1999999999999999,medium_wear,60.7834375,198.05832096426445,207.1755892413486,545.48,2.632935675469684,0.0625,0.5062968615077446,1255732.4906263752,0.0,0.0,1.3518578125,4.073958795117345,4.292395579339264,10.815,2.5195720664833905,0.40625,0.48743326860977654,539.9501842837501,0.0,0.0,1.9643328125000001,4.149297367893098,4.5907812020906364,11.613,2.5296348243979594,0.40625,0.48829123658677903,560.001499855,0.0,0.0
W4,nuaa,1200.5928,1231.7777999999998,0.19999999999999996,medium_wear,111.47407812499999,191.8987436736905,221.9270103375418,545.48,2.457925239340392,0.8125,0.5126576156088392,1183273.7140173751,0.0,0.0,1.4515234375,5.5561665890742,5.742639415386992,13.437,2.33986483009825,0.46875,0.4742929910907716,988.0227087006249,0.0,0.0,2.0693515624999996,5.660850202707855,6.027224975618443,14.255999999999998,2.365267607840906,0.46875,0.47494776286572543,1025.601970175625,0.0,0.0
W4,nuaa,1216.4327999999998,1247.6177999999998,0.19999999999999996,medium_wear,143.09968750000002,195.49303540238932,242.2706079024806,516.77,2.1330280403143727,0.84375,0.526932896251894,1228756.144477,0.0,0.0,2.0648984375,5.973310947756806,6.320146298605852,13.437,2.1260583798454222,0.5,0.46628053178255197,1142.94233473375,0.0,0.0,2.7071562499999997,6.092483661366966,6.666862239909978,14.255999999999998,2.1383372697667284,0.5,0.46632692373835427,1189.0717929615623,0.0,0.0
W4,nuaa,1232.2727999999995,1263.4578,0.19999999999999993,medium_wear,158.1271875,188.91874239710137,246.36253500798878,516.77,2.0975997831132998,0.4375,0.5201177359050241,1144293.10218,0.0,0.0,3.3448828125,5.282880254817048,6.252764573858011,13.944,2.230053576348938,0.28125,0.4975617187821933,893.089183755625,0.0,0.0,4.0073734375,5.391837368717707,6.717957433497272,14.778,2.199775772069277,0.28125,0.49758769384854196,930.3162060743749,0.0,0.0
W4,nuaa,1248.1128,1279.2977999999998,0.1999999999999999,medium_wear,101.82921875,177.17282639077555,204.3511688308419,473.71,2.3181173991332944,0.03125,0.48994741703660794,1024680.3997394686,0.0,0.0,2.7698375,5.486835727149005,6.146329479707788,13.944,2.2686710899629374,0.625,0.5383894580402531,975.5316909078126,0.0,0.0,3.4118265625,5.601412827756108,6.558687838244114,14.778,2.2531945969174765,0.625,0.538129933293865,1016.37743047375,0.0,0.0
W4,nuaa,1263.9527999999998,1295.1081,0.19999999999999996,medium_wear,64.932428125,168.1443561028249,180.24634451617007,567.01,3.145750342521554,0.71875,0.4993778446231826,907107.0192812026,0.0,0.0,1.7242375,4.189465957221606,4.530410573350388,12.179,2.688277321186196,0.625,0.5558527905584082,569.2237890528127,0.0,0.0,2.3395312500000003,4.274923621535353,4.873230800986907,12.967,2.6608630966901825,0.625,0.5557163965497011,592.56701124,0.0,0.0
W4,nuaa,1279.7927999999995,1310.9480999999998,0.19999999999999996,medium_wear,73.231284375,193.18260571825175,206.59704780878556,567.01,2.744521308575484,0.59375,0.5152197574741169,1196253.5327151823,0.0,0.0,2.2153765625,4.362135769456223,4.892455598658382,12.841,2.624653354753241,0.0625,0.5027212139355359,610.9815363743751,0.0,0.0,2.8376921875,4.44355987301794,5.272354435742513,13.640999999999998,2.5872691538953636,0.0625,0.5028797559381283,634.054515911875,0.0,0.0
W4,nuaa,1295.6030999999998,1326.7880999999998,0.19999999999999996,medium_wear,87.69856875,199.2227818413949,217.671210235581,509.6,2.341145617964225,0.875,0.5077316464263901,1287150.0707790703,0.0,0.0,2.7826328125,5.496752876871225,6.160952650247667,12.841,2.0842555898370354,0.03125,0.5085988673081544,979.7437280468749,0.0,0.0,3.42623125,5.600838125921284,6.565702421771032,13.640999999999998,2.0776147202115314,0.03125,0.5085384453425993,1017.3875077600001,0.0,0.0
W4,nuaa,1311.4431,1342.6281,0.19999999999999993,medium_wear,121.342921875,171.34679167572563,209.96149100901067,423.47,2.016893659713183,0.375,0.5338543632956106,962307.6260651977,0.0,0.0,2.722125,5.750749626516094,6.362474815863714,13.475,2.117886575582579,0.0625,0.5174623610908483,1065.227482385,0.0,0.0,3.3817046875,5.857956320771928,6.76399134014313,14.327,2.1181280814142545,0.0625,0.5174928246443262,1105.51419171375,0.0,0.0
W4,nuaa,1327.2831,1358.4680999999998,0.1999999999999999,medium_wear,92.633365625,157.05256838502575,182.33608985428015,423.47,2.322469459219126,0.46875,0.5492513488666888,789658.61386209,0.0,0.0,0.9456984374999999,5.852835529560976,5.928746011660581,13.475,2.272824636693416,0.03125,0.4836063600547375,1103.886900025625,0.0,0.0,1.56914375,5.966951416025686,6.169823442317859,14.327,2.32210858770015,0.03125,0.48338567657508263,1147.6088461187499,0.0,0.0
W4,nuaa,1343.1230999999998,1374.3081,0.19999999999999993,medium_wear,96.67028125,196.39263682951787,218.89543411822228,581.37,2.6559256584859163,0.59375,0.5192582998376776,1256279.62391226,0.0,0.0,0.6427406249999998,5.068510558300102,5.109101172478874,11.911,2.3313298362852595,0.0625,0.47958376596319147,843.0043504484374,0.0,0.0,1.2483515625,5.16794165468686,5.316578088380133,12.706,2.389883076817798,0.0625,0.479297597211175,876.806604589375,0.0,0.0
W4,nuaa,1358.9631,1389.7289999999998,0.2000000546733955,medium_wear,99.361621875,210.69372643097407,232.9475869353461,581.37,2.495711621865212,0.625,0.49359440550001304,1422511.16828929,0.0,0.0,1.4668671875000001,4.221703432748395,4.469281734221255,11.911,2.665081484749007,0.59375,0.4750523847665384,570.4327929118749,0.0,0.0,2.0850546875,4.299612215578636,4.778505860017203,12.706,2.6589901471742166,0.59375,0.47379912151328274,591.66592476,0.0,0.0
W4,nuaa,1374.8031,1405.5689999999995,0.2000017108289435,medium_wear,45.530950000000004,186.30232741127054,191.78536077281484,495.24,2.5822617430464443,0.3125,0.49169302028798884,1118789.03200438,0.0,0.0,1.42464375,4.502384256732586,4.722401275801062,10.73,2.272149140519591,0.25,0.49629311701710094,651.2098358515626,0.0,0.0,2.04338125,4.574160673106974,5.009825625333681,11.499,2.2952894691287993,0.25,0.4961777474169518,672.2992201190626,0.0,0.0
W4,nuaa,1390.2239999999997,1421.409,0.20001263137150035,medium_wear,33.643609375000004,183.2555700292096,186.31826641128916,480.89,2.5810137098337798,0.40625,0.49938603622945993,1076967.8705648025,0.0,0.0,1.364375,5.171474794757536,5.348426936346565,11.395,2.130532983925132,0.71875,0.5216119041640549,856.2404772100001,0.0,0.0,1.9897296875000001,5.270026594147785,5.633134521058746,12.243,2.1733903130186447,0.71875,0.5219156878121287,889.1348992256251,0.0,0.0
W4,nuaa,1406.064,1437.2489999999998,0.20004946792249567,medium_wear,61.456446875,183.2428073953714,193.27395407720326,452.18,2.33958063391913,0.40625,0.4984665168114539,1149603.1335003176,0.0,0.0,0.9914921874999998,4.520170956574288,4.627634626300055,11.395,2.4623810910306623,0.75,0.5328291849397743,654.0578706350001,0.0,0.0,1.6109265625,4.613930409546527,4.8870684683055385,12.243,2.505182826760137,0.75,0.533895694349152,681.4920323475001,0.0,0.0
W4,nuaa,1421.9039999999998,1453.0889999999995,0.20013556088535644,medium_wear,61.008184375,173.0217817130126,183.46262700582747,452.18,2.4646981643058945,1.0,0.5137048038286356,1099016.2908493674,0.0,0.0,1.5564890625,3.9490682168043287,4.244737681253843,10.701,2.521003841358474,0.625,0.477407454203434,501.07254581625006,0.0,0.0,2.1771671875,4.014106936093269,4.5665207167731925,11.498,2.5178906903382554,0.625,0.47694105981832813,517.6299373493749,0.0,0.0
W4,nuaa,1437.7439999999997,1468.929,0.2002960041268238,medium_wear,70.2038625,188.91985137683676,201.54228477955934,480.89,2.386050155807167,0.09375,0.5230544252474414,1185929.0373285862,0.0,0.0,1.6631343749999998,4.339580828627732,4.6473624473996,11.248,2.4202975617478986,0.3125,0.4857211241433335,620.1995935334376,0.0,0.0,2.2942890625,4.4076459052749035,4.969014462505996,12.101,2.435291764857768,0.3125,0.4859112834463891,640.128149830625,0.0,0.0
W4,nuaa,1453.5839999999998,1484.7689999999998,0.20055067405808835,medium_wear,77.6050625,194.67965865110907,209.57746829786174,480.89,2.2945691820102323,0.5,0.5028662506478332,1214891.2673853752,0.0,0.0,1.8596953125,4.019861414644387,4.429193205120008,11.248,2.5395144169817803,0.34375,0.49799145998477723,517.2311843775,0.0,0.0,2.5085234375,4.0845168187215775,4.793325304932501,12.101,2.5245522117073182,0.34375,0.49786393612506646,534.00139421375,0.0,0.0
W4,nuaa,1469.4239999999998,1500.6056999999996,0.2009054248147016,medium_wear,65.94194999999999,181.26832303634507,192.8899834263336,466.53,2.4186325889657816,0.65625,0.549793775929109,1081237.426961291,0.0,0.0,2.2516953125,4.076655458002218,4.657172050031408,12.456,2.6745844615974614,0.96875,0.5437117874783687,532.87170814625,0.0,0.0,2.8975015625,4.147945202540507,5.059739588948106,13.275,2.6236528118949707,0.96875,0.5432823359456211,551.6719687049999,0.0,0.0
W4,nuaa,1485.2639999999997,1516.4456999999998,0.20135307387086143,medium_wear,61.68080624999999,168.90100853055898,179.81121361664293,466.53,2.594554536485365,0.9375,0.5721200083635781,932008.1234765099,0.0,0.0,1.2809828125,4.872054194348965,5.037641217732139,12.456,2.472585772118063,0.4375,0.4957759996957662,766.366423593125,0.0,0.0,1.896609375,4.964009619838544,5.31399271990351,13.275,2.498121600784023,0.4375,0.49543516308490976,795.6726032125,0.0,0.0
W4,nuaa,1501.1006999999995,1532.2856999999997,0.20187270582503236,medium_wear,54.50339687500001,168.6052224112568,177.19577109870067,366.05,2.0657942214439458,0.4375,0.5798906711986278,942607.3965902826,0.0,0.0,0.8336625,5.176168732020214,5.242872867641366,11.451,2.1841078906709237,0.21875,0.5007396582958963,857.6772058800001,0.0,0.0,1.4423359375,5.270189848050044,5.463994325682792,12.253,2.2424986684935546,0.21875,0.5004392377852195,889.1159437225,0.0,0.0
W4,nuaa,1516.9406999999997,1548.1256999999998,0.20243429697886944,medium_wear,99.810665625,180.09626531739232,205.9049143507219,610.08,2.962921025579986,1.0,0.5466254088804844,1105563.1138945753,0.0,0.0,1.0959921875,4.985621924698333,5.1046669676966925,11.451,2.2432413460984066,0.1875,0.5340413292110798,798.403237964375,0.0,0.0,1.7110640624999998,5.074866549519036,5.3555588617254735,12.253,2.2879031519135022,0.1875,0.5334136328978066,827.1905339412501,0.0,0.0
W4,nuaa,1532.7806999999998,1563.9656999999995,0.20301249057992632,medium_wear,134.12775,181.34880419260077,225.56072819120962,610.08,2.7047261502136593,0.125,0.5014078098641904,1075578.8150080414,0.0,0.0,1.4601234375,4.939874301213993,5.151147305652523,13.482,2.617281005574381,0.4375,0.5010194572487287,795.11037351875,0.0,0.0,2.06913125,5.036174175368485,5.444662933035891,14.35,2.6356085172748385,0.4375,0.5004447483994601,826.2515251390624,0.0,0.0
W4,nuaa,1548.6206999999995,1579.8056999999997,0.20359057065096578,medium_wear,131.66029375000002,181.64746934210567,224.3440127766451,552.66,2.463448848756322,0.9375,0.48426337694559957,1062255.410151124,0.0,0.0,1.3920515624999998,4.640040348524467,4.844355683534576,13.482,2.7830326426739913,0.09375,0.5079828031123304,711.642409494375,0.0,0.0,2.0025874999999997,4.730114644834864,5.136569015251085,14.35,2.7936936031411514,0.09375,0.5076021694880666,739.6875391578125,0.0,0.0
W4,nuaa,1564.4606999999996,1595.6456999999998,0.20416117453580243,medium_wear,100.707871875,185.22663232764467,210.8340123913404,552.66,2.6213038101944286,0.125,0.4752338901259705,1103488.8309078824,0.0,0.0,0.8939078125000002,4.51012619700466,4.597859229049564,10.653,2.316947837961997,0.28125,0.474186220326112,651.098360744375,0.0,0.0,1.5160031250000001,4.596798136134024,4.840332486449149,11.455,2.366572964164978,0.28125,0.47476185182883684,676.3669656209378,0.0,0.0
W4,nuaa,1580.3006999999998,1611.2381999999998,0.20472214587444007,medium_wear,87.47425,182.3488835323444,202.24455428652462,409.11,2.0228480388174224,0.15625,0.48765638338218076,1064557.2546688851,0.0,0.0,1.2184546875,5.21422177126923,5.354693315724884,11.298,2.1099247583090666,0.75,0.4904827789248027,870.020437526875,0.0,0.0,1.8374249999999999,5.312346718465155,5.621134964383304,12.082,2.1493879930928714,0.75,0.48993449656341787,903.0729124100002,0.0,0.0
W4,nuaa,1596.1406999999997,1627.0781999999997,0.20527801860829117,medium_wear,93.75451562500001,189.5646355415278,211.48205656289286,473.71,2.2399536286858592,0.40625,0.5281184487689884,1181465.485394885,0.0,0.0,2.1108593749999995,6.254861072915578,6.601440323330962,24.612,3.728277284127784,0.09375,0.4876812388230361,1252.4449603525002,0.0,0.0,2.7172234375000004,6.383545503694004,6.937791897068638,25.787,3.716888656013961,0.09375,0.48754535363499973,1304.5116937968753,0.0,0.0
W4,nuaa,1611.7331999999997,1642.9181999999996,0.20583924385278166,medium_wear,119.99734375000001,194.16089538634083,228.2494595925284,488.06,2.138274504006652,0.4375,0.5137385649358273,1231504.57295,0.0,0.0,2.62836875,6.02844064546533,6.5765050674256305,24.612,3.742413295156838,0.96875,0.4849166464958685,1163.0428714115626,0.0,0.0,3.2440171875,6.148165934410712,6.951517235096505,25.787,3.7095498907501465,0.96875,0.48473654060196514,1209.6936438475002,0.0,0.0
W4,nuaa,1627.5731999999998,1658.7581999999998,0.20641041048526132,medium_wear,152.96837499999998,179.15130191522996,235.57273341382805,602.9,2.559294495857006,0.4375,0.4936122492580481,1028134.2984979999,0.0,0.0,2.5528453125,4.5826994760501725,5.245774840511528,12.05,2.297086772947536,0.15625,0.5017434673149603,674.637983700625,0.0,0.0,3.166346875,4.665414714951956,5.638425932413451,12.847,2.2784727783949124,0.15625,0.5017542234611929,699.34621139,0.0,0.0
W4,nuaa,1643.4131999999995,1674.5981999999997,0.20698906451185603,medium_wear,138.83784375,181.38088578098393,228.41841559699986,602.9,2.639454434635868,0.125,0.4766218199372733,1056325.1880387187,0.0,0.0,2.5052875,4.29464572623939,4.971966147467469,11.643,2.341729540119758,0.3125,0.4912622321182644,615.5619197703126,0.0,0.0,3.1156,4.381608109366069,5.37637917041409,12.423,2.3106629213138583,0.3125,0.4917126716598119,641.281394575,0.0,0.0
W4,nuaa,1659.2531999999997,1690.4381999999998,0.20756741671039453,medium_wear,139.286765625,164.46828079162998,215.52405542033614,473.71,2.197944907245385,0.1875,0.5144757957565866,866059.4042010001,0.0,0.0,2.0363906249999997,3.872676033915322,4.375443570799423,11.062,2.528200814615671,0.375,0.5049858261136543,480.3495630184375,0.0,0.0,2.6431015625,3.9490455750999263,4.751941374207625,11.847,2.493086312954662,0.375,0.5050259940280871,499.50466464625003,0.0,0.0
W4,nuaa,1675.0931999999998,1706.2781999999995,0.2081286282437861,medium_wear,199.39714062500002,171.24733433936893,262.8400068630451,602.9,2.2937908395130497,1.0,0.5315935831941536,1015632.3652522501,0.0,0.0,1.3910593750000002,4.417312390601564,4.631165613637402,13.95,3.012200634527387,0.78125,0.5062968412887167,635.2092687484375,0.0,0.0,1.9894296875000002,4.49504952178921,4.9156180369149665,14.771,3.004912075973717,0.78125,0.5067369803192551,657.8451961137499,0.0,0.0
W4,nuaa,1690.9331999999995,1721.6693999999998,0.20864526053323618,medium_wear,157.005475,217.79896511142306,268.4904251245889,717.74,2.6732424430664286,0.03125,0.4978593580922733,1541535.0451394403,0.0,0.0,0.7981093750000002,5.155556850068391,5.2169670315950825,13.95,2.673967444209591,0.25,0.4858457982884445,852.9860748084375,0.0,0.0,1.3982531249999999,5.24334692956133,5.426582610198844,14.771,2.7219709089545683,0.25,0.48658140687893436,882.3231758846874,0.0,0.0
W4,nuaa,1706.7731999999996,1737.5093999999997,0.20909004800462822,medium_wear,72.67129062500001,188.92935388861272,202.4238554169737,717.74,3.5457283358304017,0.0625,0.4686297385541449,1142489.8148732977,0.0,0.0,0.8156109375,4.689755405139656,4.760149888544083,9.71,2.039851733107895,0.25,0.4637318044594659,705.1047463875001,0.0,0.0,1.4273921874999997,4.771842573311719,4.980755966859474,10.527,2.11353458592303,0.25,0.4635514274132649,730.066966445625,0.0,0.0
W4,nuaa,1722.1643999999997,1753.3493999999996,0.2094453747913786,medium_wear,65.49379375000001,159.0986436193045,172.05178122085806,423.47,2.461293902307256,0.125,0.4668175051037458,817009.1426305238,0.0,0.0,1.09441875,4.66521193016978,4.791863390555912,11.633,2.427656853266519,0.3125,0.4726149498433545,699.2785296740627,0.0,0.0,1.7097812499999998,4.754021447872941,5.052135375233674,12.457,2.4656900646538658,0.3125,0.4727829167644195,726.3666277240626,0.0,0.0
W4,nuaa,1738.0043999999996,1769.1893999999998,0.20970140649534347,medium_wear,35.43832187499999,169.86622111856738,173.52350772854416,437.82,2.5231163531163436,1.0,0.5489529440469626,987739.4083080301,0.0,0.0,0.8186796875000001,4.5214796845577725,4.594998908443151,11.633,2.531665454506369,0.34375,0.49155209486523815,654.8204229306251,0.0,0.0,1.4171796875,4.6161824557128535,4.828823741978345,12.457,2.579717269799628,0.34375,0.49198355468069976,682.6393354500001,0.0,0.0
W4,nuaa,1753.8443999999995,1785.0293999999997,0.2098629212890708,medium_wear,44.858993749999996,163.97413844150077,169.99955116968692,437.82,2.5754185642701204,1.0,0.5849968444399686,950063.55429129,0.0,0.0,1.064671875,3.955011010433028,4.095807404415215,9.8829,2.412930839801303,0.875,0.5122317627322114,501.1798370896875,0.0,0.0,1.6572984375000002,4.028571113058116,4.356147761945897,10.642,2.4429841643494217,0.875,0.5119734714911437,519.898990953125,0.0,0.0
W4,nuaa,1769.6843999999996,1800.8693999999996,0.20994979137708086,medium_wear,60.559565625000005,162.4148381243789,173.33793765836973,437.82,2.525817521048945,0.53125,0.5736479673997656,865777.4215825526,0.0,0.0,1.3905890625000001,3.898931239099264,4.139493054465577,10.64,2.5703630517079494,0.21875,0.5226334183450813,487.705130255,0.0,0.0,1.9854390625000002,3.9688048505507765,4.437722412753669,11.437,2.577222939211103,0.21875,0.5214795735253988,505.18113994000004,0.0,0.0
W4,nuaa,1785.5243999999998,1816.7094,0.20998708865465,medium_wear,61.45643749999999,177.0948878005301,187.4553093280469,437.82,2.335596690055947,0.53125,0.5510297965504913,1010196.7329603962,0.0,0.0,1.2705859375,3.8516208307699493,4.0557824952274935,10.64,2.623414843503138,0.34375,0.4685405139860067,474.719947005,0.0,0.0,1.87191875,3.9170619139172334,4.3413654354433815,11.437,2.6344246228679764,0.34375,0.4683806271823724,490.98820845656246,0.0,0.0
W4,nuaa,1801.3643999999997,1832.5262999999995,0.20999822389532286,medium_wear,87.474753125,173.25857074362418,194.0885487874108,423.47,2.181839179311065,0.96875,0.5218271781232245,962453.8046907401,0.0,0.0,1.7005656249999999,4.232276031035885,4.561149399856631,7.3609,1.613825673026929,0.46875,0.4931957550537357,574.6217495371875,0.0,0.0,2.3274,4.302454658680322,4.891615975319404,7.9077,1.6165823400484045,0.46875,0.4927883795652648,593.8773986178126,0.0,0.0
W4,nuaa,1817.2044,1848.3663,0.2099999450382682,high_wear,99.362340625,170.75215398005116,197.55802394057707,452.18,2.288846542299947,0.53125,0.5035342113041935,944091.9798972801,0.0,0.0,1.8414875000000004,5.11728490695078,5.438536662702799,12.685,2.332428884224146,0.46875,0.5255221211294441,841.37453381,0.0,0.0,2.4817796875,5.21745219719895,5.7776325469299055,13.554,2.3459435832765565,0.46875,0.5253259850177504,874.73889008125,0.0,0.0
W4,nuaa,1833.0213,1864.2063,0.20999999999999996,high_wear,84.11004687500001,193.7630345323533,211.23118504733299,495.24,2.3445401771003933,0.46875,0.5241272012506727,1236199.8698834123,0.0,0.0,1.6031328125000002,5.703648741706233,5.9246640228186145,14.425999999999998,2.434906003857572,0.4375,0.5236085433063767,1053.481941979375,0.0,0.0,2.2344171875,5.826544027539897,6.240291297099539,14.572,2.3351474003742427,0.4375,0.5235521605234305,1099.143768184375,0.0,0.0
W4,nuaa,1848.8613,1880.0462999999995,0.2099999999999999,high_wear,76.932071875,179.71982613331218,195.49363055702895,495.24,2.533279465877686,0.6875,0.5362982056599371,1035778.6403759774,0.0,0.0,1.7651265625,5.167012431438324,5.460191319750733,14.425999999999998,2.6420319646708954,0.625,0.48656802291865947,863.5060873425,0.0,0.0,2.3865078125,5.285594477779459,5.799390357844198,14.572,2.512677902478156,0.625,0.4858680571949594,903.6196078656251,0.0,0.0
W4,nuaa,1864.7012999999995,1895.8863,0.20999999999999994,high_wear,94.65129687500001,153.72290666011276,180.52589850808974,466.53,2.58428294142568,0.71875,0.5525890020881419,779365.4060403574,0.0,0.0,0.93453125,4.410385161251332,4.508308543989918,11.245,2.4942835855790855,0.1875,0.465798676237401,622.49139566375,0.0,0.0,1.5392718749999998,4.5087053618690245,4.764218922899377,12.025,2.524023390739128,0.1875,0.46509967740977526,650.56263396,0.0,0.0
W4,nuaa,1880.5413,1911.7263,0.20999999999999996,high_wear,100.03506875,168.24763581462378,195.74034315139917,538.3,2.750071811121948,1.0,0.5631216639040323,974149.0562731801,0.0,0.0,1.4418296874999998,4.06831941614408,4.316259459246079,9.6374,2.232812946254942,0.6875,0.479209854518431,531.29667441875,0.0,0.0,2.0582421875,4.158455626860045,4.639947640110688,10.377,2.2364476508947098,0.6875,0.4786347910005069,555.0732297793751,0.0,0.0
W4,nuaa,1896.3813,1927.5662999999995,0.21000000000000002,high_wear,99.36222187499999,171.7856225354043,198.45188647582344,538.3,2.712496260727553,0.25,0.5457246608991303,997069.9862774952,0.0,0.0,2.3957921874999997,3.684932374943632,4.395286886381109,11.18,2.543633735181535,0.5625,0.502403098393969,435.06770937249996,0.0,0.0,3.0274640625,3.7595959958886866,4.827017785551577,11.947,2.475027134923811,0.5625,0.5023340193731582,452.8774864425,0.0,0.0
W4,nuaa,1912.2212999999997,1943.1357,0.21,high_wear,133.005878125,160.10425081512756,208.14402404315052,480.89,2.3103713988939996,0.03125,0.5117941063254534,837346.1266594952,0.0,0.0,2.533665625,3.9474809539684115,4.690636138227949,11.18,2.3834720218191205,0.59375,0.5125753223655385,498.7215291500001,0.0,0.0,3.17449375,4.023307453446845,5.124881797051518,11.947,2.331175717432825,0.59375,0.5129105766549127,518.04541169875,0.0,0.0
W4,nuaa,1928.0613,1958.9756999999995,0.2099999999999999,high_wear,99.58618437500002,176.04545609995625,202.26074936035693,452.18,2.235629015664209,0.03125,0.4107729653620367,992671.4184248899,0.0,0.0,1.9027890625000003,4.338871919675565,4.737764847659575,10.987,2.3190260287881337,0.09375,0.5100821334990211,634.9579988343751,0.0,0.0,2.5280765625,4.428679236089405,5.099448095826768,11.784,2.3108383061382005,0.09375,0.5099394624064885,661.41738244875,0.0,0.0
W4,nuaa,1943.6306999999997,1974.8156999999997,0.20999999999999988,high_wear,52.48450312500001,193.01154987242666,200.02020261072224,523.95,2.6194853977810806,0.09375,0.4654438369543896,1192342.4694242652,0.0,0.0,1.5869906249999999,4.235525576585757,4.52307596152773,12.618,2.7896944706049336,1.0,0.5355913922748521,634.0113302500001,0.0,0.0,2.2029953125,4.314509361062597,4.8443966986193185,13.428,2.771862181275753,1.0,0.5352172586372962,657.0240005231251,0.0,0.0
W4,nuaa,1959.4706999999996,1990.6557,0.2099999999999999,high_wear,69.53070937500001,204.4652374682275,215.96423981559857,523.95,2.426096100203328,0.0625,0.4495490009547741,1338314.6607827777,0.0,0.0,2.3958109375000003,4.146272730044615,4.788683284594655,12.618,2.6349623163829823,1.0,0.5412504961806732,579.4006254618752,0.0,0.0,3.0298078124999996,4.2315592126789054,5.204404745126358,13.428,2.580122157596331,1.0,0.5415160965789562,602.955851019375,0.0,0.0
W4,nuaa,1975.3106999999995,2006.4956999999995,0.2099999999999999,high_wear,94.4276625,192.07645297729064,214.0325845135531,509.6,2.380945878676388,0.0625,0.5024211913190563,1212594.1526083963,0.0,0.0,2.2668125000000003,4.2987515998652155,4.859804957763223,13.06,2.687350647506439,0.3125,0.4954033752669112,592.75652393625,0.0,0.0,2.9052546875000003,4.388879832383547,5.263342187464515,13.892,2.6393875802120568,0.3125,0.4959603612515102,617.9221714006251,0.0,0.0
W4,nuaa,1991.1506999999997,2022.3356999999996,0.2099999999999999,high_wear,124.25913750000001,173.58383122139745,213.47524379595518,509.6,2.387162047169685,0.875,0.5792234172680838,1008564.5680159548,0.0,0.0,1.8456562499999998,4.4573627236950255,4.824368294787412,13.06,2.7070901726368914,0.34375,0.4623591457223062,635.8859502815626,0.0,0.0,2.4837609375,4.550966187752648,5.184627434707218,13.892,2.679459647766281,0.34375,0.4623892970596175,662.930142459375,0.0,0.0
W4,nuaa,2006.9906999999996,2038.1757,0.2099999999999999,high_wear,130.53908437500002,197.7975749898991,236.99015427090663,624.43,2.6348351977787465,0.34375,0.5521650793343088,1280014.0131808154,0.0,0.0,1.91614375,4.425299763182539,4.82233189076483,12.742,2.6422901385949813,0.28125,0.48592615240725257,626.7236345900001,0.0,0.0,2.5564578124999997,4.52202655764691,5.194631915271404,13.62,2.621937458159323,0.28125,0.4857057579985999,654.4632959749999,0.0,0.0
W4,nuaa,2022.8306999999995,2053.7483999999995,0.2100000125014197,high_wear,131.7727875,204.79709456982624,243.52806300252647,624.43,2.5640987420555383,0.21875,0.48997136261967583,1344283.7534036,0.0,0.0,1.9384953125000002,4.259398516531915,4.679769203627327,10.425,2.2276739613396956,0.625,0.49018958447825123,581.652629359375,0.0,0.0,2.5638640625,4.346592618950475,5.0464112323604535,11.248,2.228910701504356,0.625,0.4894518726293223,605.7098256299998,0.0,0.0
W4,nuaa,2038.6706999999997,2069.5884,0.21000091506102084,high_wear,68.97056875,200.07862680107232,211.63269184202437,387.58,1.8313805708681032,0.03125,0.45737659008258036,1291438.8432293336,0.0,0.0,1.2142453125000001,4.222802307744293,4.393910673786935,10.425,2.3726017149581953,0.375,0.5178250840395551,586.77265131625,0.0,0.0,1.8349843750000001,4.309182878393925,4.68361235970031,11.248,2.401565103205878,0.375,0.5173861272635435,610.9333951534375,0.0,0.0
W4,nuaa,2054.2433999999994,2085.4284,0.21000846658943245,high_wear,20.859,181.07710701072898,182.2745636790142,416.29,2.2838622767633523,0.09375,0.476855141219855,1058300.6131805,0.0,0.0,1.3243468749999998,4.048908583609629,4.2599947610003,10.552,2.476998351406953,0.875,0.5434557516533578,536.1472826774999,0.0,0.0,1.9672265625,4.132402847059829,4.576760168349851,11.368,2.4838531148331353,0.4375,0.542247548437466,558.0906888099998,0.0,0.0
W4,nuaa,2070.0833999999995,2101.2683999999995,0.21003719637935292,high_wear,91.287109375,203.99463393295707,223.48858362673556,545.48,2.4407510717014773,0.09375,0.4733005937459599,1331914.01309875,0.0,0.0,1.8671953125,4.051847005202909,4.461376748111927,10.552,2.365189177189676,0.09375,0.47932462306958906,525.3590201306249,0.0,0.0,2.5092749999999997,4.123649832142031,4.8271056507756285,11.368,2.35503442900061,0.09375,0.48014078763930995,544.1485940400001,0.0,0.0
W4,nuaa,2085.923399999999,2117.1084,0.21010924410194404,high_wear,148.034,198.33733036302382,247.49093270568773,545.48,2.2040403421513473,0.90625,0.5130782390906796,1274905.020463125,0.0,0.0,1.8699203125,3.976719096353947,4.394416542205148,10.498,2.3889405792952054,0.40625,0.4923071147901323,525.1884883224999,0.0,0.0,2.51219375,4.046190138763061,4.762643391706175,11.325,2.377881161483081,0.40625,0.49260721652351486,543.8873812015624,0.0,0.0
W4,nuaa,2101.7634,2132.9483999999998,0.21024981901124346,high_wear,168.66946875000002,171.33980853071702,240.43028028047965,588.55,2.447902981743452,0.5625,0.5408687778012425,996333.2757207499,0.0,0.0,1.6646796875,3.976670428070907,4.311040031763652,10.498,2.4351432421529275,0.375,0.537894938453198,506.54638458625004,0.0,0.0,2.31985625,4.063281942741722,4.678888026751121,11.325,2.4204468957688947,0.375,0.5376334022716912,528.7708064415625,0.0,0.0
W4,nuaa,2117.6033999999995,2148.7883999999995,0.21048078406053516,high_wear,181.67859375,176.25283538319664,253.12481784209496,588.55,2.325137475722159,1.0,0.5223482691851368,1039518.3360802187,0.0,0.0,1.5484234375,3.911939959228277,4.207242491990002,11.287,2.682754802341168,0.375,0.5207669106525858,493.712799499375,0.0,0.0,2.1961953125,3.9972404467969245,4.560833809749732,12.095,2.6519273677862194,0.375,0.5207922227571029,515.676115195625,0.0,0.0
W4,nuaa,2133.4434,2164.3478999999998,0.2108102218919658,high_wear,148.482578125,197.93148410180706,247.43473564839402,502.42,2.0305152333742718,1.0,0.5061733598323994,1355081.2704475003,0.0,0.0,1.0165843749999999,4.526487574931125,4.639238467410357,13.876,2.991008135812782,0.40625,0.527704774029387,662.5441498375001,0.0,0.0,1.6324750000000001,4.612760323277159,4.893110710542426,14.798,3.024252030128206,0.40625,0.5275033100861293,688.0942516,0.0,0.0
W4,nuaa,2149.2834,2180.1878999999994,0.21123415347326335,high_wear,51.362865625000005,199.44720604142358,205.95468424617556,459.35,2.2303449988587953,0.0625,0.46046239662251465,1300139.8120171402,0.0,0.0,0.54476875,4.978164851908124,5.00788361323923,13.876,2.77083116774446,0.6875,0.5564059438589186,824.24486049375,0.0,0.0,1.1474515625,5.072078419950007,5.20025235795401,14.798,2.8456311312211264,0.6875,0.5564465693803341,855.8990915531251,0.0,0.0
W4,nuaa,2164.8429,2196.0279,0.2117375254454791,high_wear,-13.233543749999997,180.73631896689812,181.22015250486768,423.47,2.336771016615414,0.25,0.47693514379033314,1046009.74992719,0.0,0.0,0.9843359375000001,4.941495558607713,5.038580712223805,11.061,2.195261053011527,1.0,0.6016703512960881,893.17804385625,0.0,0.0,1.5884,5.035479369217244,5.28006316608168,11.838,2.242018632664379,1.0,0.6015248180305293,927.6432876928127,0.0,0.0
W4,nuaa,2180.6829,2211.8678999999997,0.2122913583456773,high_wear,-16.822328125,181.39919723303066,182.17754933123106,423.47,2.3244905947771675,0.9375,0.5189044836742224,1063543.3270538277,0.0,0.0,1.0543187500000002,4.951503692310139,5.062506972001372,11.061,2.1848858798958317,1.0,0.5612135584784917,840.0408635440624,0.0,0.0,1.6578031250000003,5.052480579965422,5.317506108335702,11.838,2.226231575257205,1.0,0.5615874931916235,874.3622943000001,0.0,0.0
W4,nuaa,2196.5228999999995,2227.7078999999994,0.21286729149338518,high_wear,5.1583937500000046,170.92293971631986,171.0007612478633,423.47,2.476421724147684,0.9375,0.540861275118838,955425.02618831,0.0,0.0,1.33383125,4.6820756581908665,4.8683609431203845,10.509,2.158632057643663,1.0,0.5238441765459015,741.4175385287502,0.0,0.0,1.9549859375,4.780034658996574,5.164368437382373,11.35,2.1977517943613054,1.0,0.5246671094606481,772.784345478125,0.0,0.0
W4,nuaa,2212.3629,2243.5479,0.21344663524671945,high_wear,19.962009374999987,177.25302692866217,178.3735332768307,423.47,2.3740629689875936,0.75,0.5365226730673182,1025231.135336275,0.0,0.0,1.592359375,4.4525814562916315,4.728751421259369,10.509,2.2223625358596726,0.8125,0.527886649614499,650.8968183750001,0.0,0.0,2.21335625,4.548388672371892,5.058338205811767,11.342,2.242238367329538,0.84375,0.5281802228915037,678.8947249787501,0.0,0.0
W4,nuaa,2228.2028999999998,2259.3878999999997,0.21401964575167218,high_wear,19.289384374999997,206.39260602575285,207.29203595813354,466.53,2.250592975478442,0.0625,0.520644713800595,1368548.67879553,0.0,0.0,0.56375,4.9132043366892955,4.94544142787704,11.079,2.240244912728842,0.8125,0.49916515100039155,785.24474114125,0.0,0.0,1.1730765625,5.016732692317723,5.1520593482272945,11.88,2.3058740587077353,0.8125,0.5004496993865731,818.5388696087501,0.0,0.0
W4,nuaa,2244.0428999999995,2274.9638999999997,0.21458336341562084,high_wear,35.663043750000014,207.89611127077228,210.93279918263954,488.06,2.313817490173282,0.71875,0.5367801986382489,1405862.8022934236,0.0,0.0,0.47606250000000006,5.418791909137243,5.439663708211887,11.347,2.085974539725721,0.75,0.5249992800988277,979.9185997962501,0.0,0.0,1.0879,5.53290202772808,5.638841304597737,12.136,2.1522152060042337,0.75,0.5254103391031907,1021.8228411028125,0.0,0.0
W4,nuaa,2259.8829,2290.8038999999994,0.21513907190452586,high_wear,25.793965625000006,179.3657693810526,181.2109485884355,488.06,2.6933251208152824,0.34375,0.5417710204893867,1064293.083336405,0.0,0.0,0.9681546875,4.988317949373369,5.081401328666016,11.347,2.2330454270532587,0.71875,0.507030393129436,797.942368461875,0.0,0.0,1.573525,5.084662476076952,5.322572068206311,12.136,2.280100643914774,0.71875,0.5071732700463828,829.1521966612498,0.0,0.0
W4,nuaa,2275.4589,2306.6439,0.21569746774506565,high_wear,56.29778125,176.41856422258513,185.18355752072387,445.0,2.4030211210852244,0.90625,0.5452748889767812,1011729.80996925,0.0,0.0,1.3919124999999999,4.4056524228647165,4.620302336292507,13.406,2.9015417226478397,1.0,0.5404202688540608,665.0826699953124,0.0,0.0,2.0125328125,4.489883843328197,4.920299304713967,14.289,2.9040916243266355,1.0,0.5403346184331119,691.3893224262499,0.0,0.0
W4,nuaa,2291.2989,2322.4838999999997,0.21626603620701806,high_wear,79.17571874999999,177.84870548310056,194.67654322386596,445.0,2.2858429301792027,0.59375,0.5405343340967697,1029912.7008452502,0.0,0.0,1.9188203124999998,4.620890247228465,5.003448617563065,14.380999999999998,2.8742175845515687,0.28125,0.518467627940803,692.9920689025,0.0,0.0,2.553375,4.71809842166974,5.364715892494914,15.247,2.8420889951190373,0.28125,0.5183938046134463,722.5693583912501,0.0,0.0
W4,nuaa,2307.1388999999995,2338.3238999999994,0.21684253374974977,high_wear,75.58703125,200.69893761326384,214.46086554959453,602.9,2.8112355065571535,0.25,0.46360854840998,1325667.2239870937,0.0,0.0,0.6173124999999999,4.712081887270609,4.752345782347913,14.380999999999998,3.0260845188110483,0.5625,0.4777599246009622,715.6118984962501,0.0,0.0,1.2346578125,4.803373285085853,4.959513567865678,15.247,3.0742934344993698,0.5625,0.4783665764812042,743.633657045625,0.0,0.0
W4,nuaa,2322.9789,2354.1639,0.217421597510827,high_wear,78.951453125,185.74855770940133,201.83126279561318,602.9,2.987148728344101,0.25,0.4854979971693589,1146330.2837645623,0.0,0.0,0.32959531249999996,4.431170596835477,4.443411519123707,10.335,2.3259155618424883,0.53125,0.4833661230948258,629.2622388643748,0.0,0.0,0.9350499999999999,4.5145486491937925,4.610365279285091,11.156,2.419764882866269,0.53125,0.4840730246947194,653.246729595,0.0,0.0
W4,nuaa,2338.8188999999998,2370.0038999999992,0.21798896929422024,high_wear,88.14784374999999,155.35169610779707,178.617445512312,617.26,3.4557654669708766,0.40625,0.5039893557223587,783923.99680425,0.0,0.0,1.575853125,4.869464294841912,5.1181046873146805,11.776,2.3008517252855416,0.53125,0.5028253224089178,761.3233484046876,0.0,0.0,2.1837671875,4.9564304245234885,5.4161833132145505,12.576,2.321930273171651,0.53125,0.5021007664349261,788.716969249375,0.0,0.0
W4,nuaa,2354.6588999999994,2385.6986999999995,0.21852094700372374,high_wear,111.25048437500001,196.2176368850409,225.561590920134,631.61,2.80016645308925,0.78125,0.4916053239917636,1238637.5651073752,0.0,0.0,1.4203734375,4.6332390773505505,4.846066967123313,11.776,2.4300118178082837,0.53125,0.5239318753475591,691.3766330262499,0.0,0.0,2.0310125,4.717270575187653,5.135917975852759,12.576,2.4486372366396494,0.53125,0.5234017554696841,716.5394969962499,0.0,0.0
W4,nuaa,2370.4989,2401.538699999999,0.21898809029621824,high_wear,42.16773437500001,203.37047116970746,207.69609135973016,631.61,3.0410297847447203,0.3125,0.5061727258953662,1331851.37275875,0.0,0.0,1.0571031250000003,4.577800872654657,4.698268600938275,13.732,2.9227788290472856,0.5,0.49763592351579844,670.6686393900001,0.0,0.0,1.6699406250000002,4.669494544404631,4.959120989777321,14.584,2.9408437563962044,0.5,0.4978956124139173,697.8194356071875,0.0,0.0
W4,nuaa,2386.1937,2417.3786999999998,0.2193677898258168,high_wear,12.11221875,186.7365254060742,187.12892818530557,416.29,2.224615958831156,0.1875,0.493404782688999,1115959.9832985937,0.0,0.0,1.645278125,5.277711967897072,5.528217047537796,13.732,2.483983512571395,0.5,0.48233824864289965,894.1281528346874,0.0,0.0,2.246090625,5.380121220367586,5.830148149195053,14.584,2.5014801728517924,0.5,0.48258241234557836,928.8136842575,0.0,0.0
W4,nuaa,2402.033699999999,2433.2186999999994,0.21964839541807332,high_wear,47.326203125,207.73680631624808,213.0594992031642,545.48,2.5602237968270742,0.65625,0.5314074513693927,1384811.8862486875,0.0,0.0,1.7380578124999997,5.310388392481427,5.587581752296225,12.072,2.160505301786232,0.5,0.4909404505578216,902.9024947318751,0.0,0.0,2.3273671875,5.416261892874512,5.8951277270010225,12.872,2.1834980675725344,0.5,0.49267034340693433,939.1188779731249,0.0,0.0
W4,nuaa,2417.873699999999,2449.058699999999,0.21983142191253766,high_wear,67.28804687499999,196.93529090965308,208.11340672316592,545.48,2.6210709275717243,0.28125,0.49343483478869704,1241304.0172465004,0.0,0.0,1.6339953124999997,5.228742403485687,5.478109875064687,11.424,2.0853908118929616,0.5,0.485421744010589,874.9666781574999,0.0,0.0,2.2255328125,5.331925269105859,5.77775245011793,12.2,2.111547717789637,0.5,0.4870447683971196,909.9051082949999,0.0,0.0
W4,nuaa,2433.7137,2464.8986999999997,0.2199342133502672,high_wear,73.79246875000001,180.77340503133757,195.25458358472346,387.58,1.9849982155826016,0.65625,0.5074914159719006,1051719.3211785003,0.0,0.0,1.8039625000000004,5.334887584408996,5.631634419925311,11.669,2.072045010363929,0.5,0.5029179510347274,911.0296038253126,0.0,0.0,2.4005093749999995,5.435708143198742,5.942168651048201,12.454,2.095867810450501,0.5,0.5035070275715415,945.7328385884373,0.0,0.0
W4,nuaa,2449.5536999999995,2480.7386999999994,0.2199812488488681,high_wear,63.699593750000005,177.88289913492937,188.94434113929557,416.29,2.203241428083301,0.09375,0.48407176932391754,1016907.3372612188,0.0,0.0,1.6381109375,5.277883545664788,5.5262520902648165,12.811,2.318207673256198,0.46875,0.4678676060920314,891.5593871868751,0.0,0.0,2.2391296875,5.379174722212266,5.826596128918775,13.630999999999998,2.339444797339929,0.46875,0.46776657815876876,926.0911259143753,0.0,0.0
W4,nuaa,2465.393699999999,2496.578699999999,0.21999687641025634,high_wear,61.905640625,184.14337699571624,194.27066590861867,459.35,2.364484611465067,0.03125,0.513498292223803,1140774.9707948752,0.0,0.0,1.4593828125,4.590982499134672,4.817355965753543,12.811,2.6593426126433384,0.46875,0.5162761238924053,676.1648153950001,0.0,0.0,2.065859375,4.674878555599023,5.110994469462376,13.630999999999998,2.6669956466287936,0.46875,0.5171170723046475,701.0211809599999,0.0,0.0
W4,nuaa,2481.2336999999998,2512.0391999999997,0.21999983573437443,high_wear,78.839921875,218.09428916585486,231.90699051131602,610.08,2.630709831794531,0.21875,0.5067426292810293,1554316.3801988128,0.0,0.0,1.08936875,4.205758484762105,4.344551611573396,10.448,2.404851163965392,0.46875,0.4942216467076656,566.4882789915625,0.0,0.0,1.6982703125,4.282331057915467,4.60678644435644,11.241,2.4400957447834,0.46875,0.4945117055857749,587.3148162075,0.0,0.0
W4,nuaa,2497.0736999999995,2527.8791999999994,0.21999999998334796,high_wear,75.699303125,198.56522589816046,212.50537270760503,610.08,2.870892120169754,0.0625,0.4588963132002739,1267789.6334267,0.0,0.0,1.6010859375,4.501020000402241,4.777306482033704,11.106,2.324740948014741,0.46875,0.4991846404017895,653.737349754375,0.0,0.0,2.2212203125,4.595833855929319,5.104459668561281,11.889,2.329139766393918,0.46875,0.49935336332189345,681.4824939318751,0.0,0.0
W4,nuaa,2512.534199999999,2543.719199999999,0.21999999999999992,high_wear,98.6890625,171.81802261353388,198.14379614803423,366.05,1.847395715213421,0.03125,0.44416250020470033,944692.291659375,0.0,0.0,2.0937828124999998,4.254698302632437,4.74198103247406,11.106,2.3420591360327743,0.6875,0.5318683379554006,594.787265546875,0.0,0.0,2.7216953125,4.336610250797479,5.11994275762984,11.889,2.322096273885636,0.6875,0.5314435903441844,618.047805055,0.0,0.0
W4,nuaa,2528.3741999999997,2559.5591999999992,0.21999999999999995,high_wear,134.57605625000002,169.80131805337035,216.6638006877591,394.76,1.821993331359034,0.53125,0.4911480195548927,925479.3982578301,0.0,0.0,1.1571203125,4.083184441522775,4.24397485867833,10.274,2.420843747222281,0.65625,0.5222737685114038,540.58868924375,0.0,0.0,1.7655359375,4.151148705266983,4.511003515831455,11.03,2.4451322108905473,0.65625,0.5219859545152726,558.9238957631251,0.0,0.0
W4,nuaa,2544.2141999999994,2575.3991999999994,0.21999999999999995,high_wear,159.69694375,166.35319210849798,230.60030001666846,480.89,2.0853832365579743,0.03125,0.48648716698562927,895851.95774048,0.0,0.0,1.0463671875,4.197218751523691,4.325682551831416,10.274,2.3751164993950313,0.15625,0.4928854361803837,570.3292225687501,0.0,0.0,1.65523125,4.2776695632623305,4.586746928209306,11.03,2.404754431111851,0.15625,0.4932465670976337,592.9472477787499,0.0,0.0
W4,nuaa,2560.054199999999,2591.239199999999,0.21999999999999995,high_wear,221.37795937500002,179.04542043764056,284.7199737930773,509.6,1.789828768284294,0.03125,0.47609078491795603,1026542.4849890051,0.0,0.0,2.3029015624999998,4.2305597089249085,4.8167407089590935,10.392,2.1574754855852993,0.71875,0.5069152835176735,573.4506934037499,0.0,0.0,2.9336,4.30740310145655,5.21149982619567,11.146,2.1387317224831306,0.71875,0.5066940195072666,594.6029389112501,0.0,0.0
W4,nuaa,2575.8941999999997,2607.079199999999,0.22000000551159837,high_wear,183.023521875,186.49122924881286,261.2978915840345,509.6,1.9502644928005877,0.03125,0.48815759651403196,1118722.7521613922,0.0,0.0,1.478675,4.650690562096666,4.8801027099846985,11.05,2.264296605354572,0.03125,0.49327985170594724,692.13996804125,0.0,0.0,2.10390625,4.723060532472397,5.17046635248577,11.812,2.2845134645003977,0.03125,0.49430339742617496,713.84650551375,0.0,0.0
W4,nuaa,2591.7341999999994,2622.7772999999997,0.22000101284897672,high_wear,139.061484375,177.7371525143196,225.67364006564185,739.27,3.275836733900193,0.0625,0.5153766558916437,1055257.1473679477,0.0,0.0,0.7405312500000001,4.354700239320261,4.417216397977634,11.05,2.501575427696751,0.71875,0.502105887667137,607.5681256490625,0.0,0.0,1.3588437500000001,4.429570010060055,4.633308408787127,11.812,2.5493662320423987,0.71875,0.5035913242151384,628.7375691315625,0.0,0.0
W4,nuaa,2607.574199999999,2638.6172999999994,0.22001124958407647,high_wear,116.6325625,184.10195385958997,217.93733973377533,739.27,3.3921217947464464,0.03125,0.49466946989811056,1104072.4228224265,0.0,0.0,0.8431625,4.087228392638923,4.1732911394965,9.8148,2.351812915018466,0.25,0.5084150953626443,538.0888445703125,0.0,0.0,1.4487734374999999,4.172057943039104,4.416447888663609,10.611,2.4026095784435544,0.25,0.5079053844275384,560.783698275,0.0,0.0
W4,nuaa,2623.272299999999,2654.457299999999,0.22005131045287357,high_wear,84.33448125000001,174.27351909614208,193.60672556980037,523.95,2.706259291654112,0.59375,0.5695831594715943,994295.7025454701,0.0,0.0,0.024918749999999906,4.087670755105949,4.087746707692394,9.3277,2.281868390340079,0.78125,0.5354768792210036,539.8793459137501,0.0,0.0,0.6043312499999999,4.167632635932051,4.211220493848844,10.09,2.3959799812757483,0.78125,0.5348884957842759,560.9068910440625,0.0,0.0
W4,nuaa,2639.1123,2670.2972999999997,0.22014566668166385,high_wear,71.3249875,174.9457839707629,188.92665553335772,610.08,3.229189646520163,0.625,0.5478092301669439,979553.8923259464,0.0,0.0,0.4651375,4.781912422232997,4.804481169472153,11.108,2.312008229021821,0.59375,0.5363654567681627,735.0887275328125,0.0,0.0,1.0594749999999997,4.881960441961303,4.995600567749587,11.965,2.3951074225676092,0.59375,0.5363876216764475,766.0046985328125,0.0,0.0
W4,nuaa,2654.9522999999995,2686.1372999999994,0.22030920556261416,high_wear,94.65164999999999,196.62197859083238,218.21809574986273,610.08,2.7957351470031964,0.46875,0.5102610995809537,1241479.7076344402,0.0,0.0,0.936728125,5.208996139716748,5.292551403978048,12.844,2.426806849782516,0.90625,0.5165343206863,870.3283872500001,0.0,0.0,1.5396765625,5.322984233953679,5.541188056006694,13.629,2.4595808448020544,0.90625,0.5163866936506274,908.7770436012502,0.0,0.0
W4,nuaa,2670.792299999999,2701.9773,0.22054412874264817,high_wear,156.78128750000002,201.2682237926198,255.1259885209536,581.37,2.2787564817304053,0.875,0.5068903754895747,1296363.6689194,0.0,0.0,0.903365625,4.855085017768058,4.9384126986499925,12.844,2.600835690283873,0.9375,0.5296940934941373,760.06061694,0.0,0.0,1.502940625,4.960451533558927,5.183137075079387,13.629,2.6294886287164716,0.9375,0.5287156638634326,793.2497544384375,0.0,0.0
W4,nuaa,2686.6322999999998,2717.8172999999992,0.22084618256873284,high_wear,153.64110937499998,189.98406958832078,244.33488737247617,667.5,2.7319062258286104,0.53125,0.4690654481409602,1167191.3081581027,0.0,0.0,1.677178125,4.758291588488875,5.045222027231556,12.042,2.3868126982327786,0.71875,0.5285020806529045,738.7587573196874,0.0,0.0,2.2974265625,4.862701120398588,5.378106636764118,12.814,2.3826228941622265,0.71875,0.5287875485195213,771.0748322662499,0.0,0.0
W4,nuaa,2702.4722999999994,2733.3272999999995,0.22120667828540425,high_wear,122.68855312499998,212.8772492354859,245.70145361794897,667.5,2.716711644034156,0.15625,0.47104459379536684,1492906.49032719,0.0,0.0,1.5682046874999997,5.023059448011668,5.262166109137591,12.042,2.2884112265269305,0.15625,0.5006441520655754,807.5956956881249,0.0,0.0,2.1781078125,5.123089445872258,5.566884147643209,12.814,2.301826238906898,0.15625,0.5005074321166681,840.06987066875,0.0,0.0
W4,nuaa,2718.312299999999,2749.167299999999,0.22162963169926925,high_wear,140.18326875,221.80706771888552,262.3923095814452,595.72,2.2703409293902785,0.40625,0.4973317521002735,1597917.7422886398,0.0,0.0,1.7279296875000003,4.6429683508599755,4.954078734944697,11.987,2.4196224245381948,0.71875,0.5198077479215316,715.99045329625,0.0,0.0,2.348775,4.742228525176745,5.292019972149103,12.794,2.4176023649442735,0.71875,0.5196565190191416,745.9872151603125,0.0,0.0
W4,nuaa,2733.8223,2765.0072999999998,0.2221220613014856,high_wear,171.13568750000002,190.65434125076288,256.19621654868365,595.72,2.3252490143108666,0.09375,0.4895127703739646,1164344.1072724264,0.0,0.0,2.4876593750000002,4.192472717663122,4.874964272112669,11.417,2.341965881742186,0.71875,0.5260725977644207,575.5060994884375,0.0,0.0,3.1420921875,4.290636292931413,5.318110859409453,12.296,2.3120992256572483,0.71875,0.5264208268996382,602.0656267868749,0.0,0.0
W4,nuaa,2749.6622999999995,2780.8472999999994,0.22268995390336732,high_wear,142.201890625,178.22353731091093,228.00220821066213,466.53,2.0461643931489935,0.125,0.5007007559512449,1019275.9175157701,0.0,0.0,2.57663125,5.2370667630445515,5.836599770333965,13.524,2.317102513819646,0.21875,0.45719155480412027,878.6864220065626,0.0,0.0,3.2321546875,5.338995715632345,6.241129639373688,14.374,2.3031087047636563,0.21875,0.45887320009282134,913.1813021493751,0.0,0.0
W4,nuaa,2765.502299999999,2796.687299999999,0.22338337343703715,high_wear,122.91258750000001,200.65970695973965,235.31218022685047,538.3,2.2875993902273013,0.125,0.4728729110422597,1288516.128749096,0.0,0.0,2.45458125,4.97274732164836,5.5455554309566235,13.524,2.4387097322128963,0.125,0.4633899669066419,793.3580849787498,0.0,0.0,3.093965625,5.064076410401097,5.934432843925568,14.374,2.4221354218732287,0.125,0.4639568970879283,822.68873168,0.0,0.0
W4,nuaa,2781.3423,2812.5272999999997,0.22436690554437758,high_wear,154.53756875,197.47965248204437,250.75899445401754,538.3,2.1466827188873165,0.09375,0.46605528258138434,1250919.2830652485,0.0,0.0,2.211409375,3.8876135348259746,4.472568660177281,11.034,2.4670387060223784,0.9375,0.5359699840625154,485.86320308843756,0.0,0.0,2.8398234375,3.9676294759805177,4.879209035780671,11.87,2.432771359651494,0.9375,0.5354299490332336,506.00850229625013,0.0,0.0
W4,nuaa,2797.1822999999995,2828.1132,0.22596686470140326,high_wear,195.807453125,177.4289344883686,264.23774426258046,595.72,2.254484883158919,0.71875,0.5122801885699355,1017439.8670596351,0.0,0.0,2.8773921875,4.293921434106907,5.1688632292767,13.118,2.5378887809797313,0.34375,0.5155498708132745,591.4754812962501,0.0,0.0,3.5351,4.38135629928108,5.629672728609541,13.99,2.485046764602133,0.34375,0.51533189863218,615.7096559828125,0.0,0.0
W4,nuaa,2813.022299999999,2843.9531999999995,0.2286026515922132,high_wear,150.500953125,178.4349820209547,233.43003170190394,595.72,2.5520280987698682,0.03125,0.5079562123306871,1018863.8683215725,0.0,0.0,2.2394125000000003,4.071488533444341,4.646717897949584,13.118,2.8230678702893637,0.09375,0.46760185477585076,536.2089592200001,0.0,0.0,2.8737781250000003,4.14917307124522,5.047200995291846,13.99,2.771833341499619,0.09375,0.46665726458762175,556.9519361559376,0.0,0.0
W4,nuaa,2828.608199999999,2859.793199999999,0.23178700978370115,high_wear,107.436296875,159.9580566159923,192.68922586013502,495.24,2.570148890210778,0.9375,0.5013051895233233,820974.5131746875,0.0,0.0,1.8016015625,3.5936378841855796,4.019950426641634,12.244000000000002,3.0458087042205,0.65625,0.5138766120308788,428.1993032531251,0.0,0.0,2.4166765625,3.6605371508044326,4.386326235034992,13.054,2.976066826888872,0.65625,0.513633640948214,443.944219485,0.0,0.0
W4,nuaa,2844.4482,2875.6331999999998,0.23462876777474245,high_wear,118.426528125,196.46267516037992,229.39578308006094,495.24,2.158888857286262,0.9375,0.535943093840504,1248163.267714918,0.0,0.0,1.4364375,4.834612519100549,5.043493918034402,12.32,2.442751037320863,0.1875,0.4676955876323031,748.01829901625,0.0,0.0,2.0491078125,4.933525820860291,5.3421456225325565,13.107,2.4535085574448177,0.1875,0.4678006807597002,778.9466880218752,0.0,0.0
W4,nuaa,2860.288199999999,2891.4731999999995,0.23708827139257532,high_wear,154.08954375000002,218.8775771116027,267.6770092020022,638.79,2.3864208655960355,0.3125,0.4853626835607672,1533038.2042323586,0.0,0.0,1.115090625,5.779717198334588,5.886302574170606,12.32,2.0929946846532803,0.1875,0.5006061099516835,1076.9681890671875,0.0,0.0,1.7095359375,5.9023790600794825,6.144964742817387,13.107,2.132965858806638,0.1875,0.5017774734720015,1123.4992607324998,0.0,0.0
W4,nuaa,2876.128199999999,2907.313199999999,0.23938550929263253,high_wear,180.55617187500002,196.99157190984045,267.21940536881743,638.79,2.390507527394349,0.3125,0.5055608946352844,1259530.3161859475,0.0,0.0,1.3990906250000001,6.090014748230263,6.248658592900159,13.413,2.1465407015899536,0.59375,0.5288824906737981,1201.9595748084375,0.0,0.0,2.0039765625,6.22358762026429,6.538269261062613,14.241,2.178099345771747,0.59375,0.5294475525319288,1255.8867884318754,0.0,0.0
W4,nuaa,2891.9682,2923.1531999999997,0.24162255179672087,high_wear,145.118046875,185.11586778380095,235.21720182453572,595.72,2.532637899690634,0.90625,0.5793244693706064,1097282.2716752402,0.0,0.0,1.16450625,5.837399799725554,5.952420619220806,13.413,2.2533689834835315,0.875,0.5010327131664265,1091.3043272990626,0.0,0.0,1.7653124999999996,5.961212723502135,6.217104258213787,14.241,2.2906162432752137,0.875,0.5003558094898378,1138.1799280662497,0.0,0.0
W4,nuaa,2907.808199999999,2938.956899999999,0.24384200562993916,high_wear,155.659546875,204.48444044189293,256.98984593980435,681.85,2.65321766899581,0.90625,0.536726143093776,1340750.34426784,0.0,0.0,0.7879281250000001,5.236286592867744,5.295236350986847,11.866,2.2408820331104944,0.84375,0.501972261911036,877.8739668559376,0.0,0.0,1.3739375000000003,5.348077972724758,5.521742682908178,12.687,2.2976441910759307,0.84375,0.500969388202918,915.7412855262501,0.0,0.0
W4,nuaa,2923.648199999999,2954.7969,0.24606080135605807,high_wear,80.07265625000001,231.0682810981704,244.5489333622082,681.85,2.7881945368786094,0.09375,0.47790324488389924,1717376.615591219,0.0,0.0,0.9906515625,5.03415636915065,5.130703739970157,11.552,2.251542982301916,0.78125,0.5272701516842795,811.8248154018751,0.0,0.0,1.5932187500000001,5.136441989989125,5.377860383263497,12.35,2.2964523285942087,0.78125,0.5271042584884469,845.1132155415626,0.0,0.0
W4,nuaa,2939.4519,2970.6368999999995,0.24829065501484665,high_wear,30.055625,215.93049307202566,218.0121978983487,545.48,2.5020618353397723,0.4375,0.4741621633738494,1528252.8922427811,0.0,0.0,1.528278125,4.35707098628442,4.617326240030588,11.552,2.501880828746351,0.40625,0.5549527997840111,617.6940656696876,0.0,0.0,2.1589,4.423049832235388,4.921810543736674,12.35,2.509239209891202,0.40625,0.5556789958479497,636.5334454099999,0.0,0.0
W4,nuaa,2955.2918999999997,2986.4769,0.2505383111876004,high_wear,113.7168125,213.5550960789214,241.9448129355897,516.77,2.135900306065144,0.125,0.44370012453140795,1500084.2588210003,0.0,0.0,1.4646906249999998,4.017554204391598,4.2762203418658755,11.483,2.685315321003673,0.34375,0.5025758285000251,517.7924719784376,0.0,0.0,2.084653125,4.084278907399412,4.585532994647405,12.26,2.6736259480219284,0.34375,0.5022680264509385,535.1823207946875,0.0,0.0
W4,nuaa,2971.1318999999994,3002.3169,0.25280348455534846,high_wear,93.3058125,195.29570244942627,216.44025975196942,502.42,2.3212871790846594,0.15625,0.4583721120629026,1239972.2514334065,0.0,0.0,0.7490265625000001,4.683769799605942,4.743283707204457,11.483,2.4208967265775723,0.34375,0.5350603362098708,720.923708755,0.0,0.0,1.3679562500000002,4.785938039646558,4.97760054858262,12.26,2.4630341226338572,0.34375,0.5353228313497651,752.2179712965624,0.0,0.0
W4,nuaa,2986.9719,3018.1568999999995,0.25508678127443996,high_wear,68.40956249999999,167.18742993212317,180.64192472610006,430.64,2.383942712374006,0.34375,0.5215188796951317,900842.3286879061,0.0,0.0,0.5387312500000001,4.593095171384808,4.624581560868507,9.5957,2.074933672095926,0.5625,0.5538042046911352,683.89803736,0.0,0.0,1.16020625,4.703153160575992,4.844143700838674,10.427,2.1524960124933448,0.5625,0.5539047922942089,716.89002621,0.0,0.0
W4,nuaa,3002.8118999999992,3033.9969,0.2573874866619844,high_wear,94.876140625,175.7840554685339,199.7536388075556,516.77,2.5870367272651325,0.9375,0.5084490459195555,1020806.2571513125,0.0,0.0,1.5834796875000001,4.3608616178521595,4.639452766305661,12.201,2.629836020448486,0.3125,0.48644335166689945,608.5635695725,0.0,0.0,2.1966609375,4.464028524971068,4.97522561760708,12.998,2.6125448369619084,0.3125,0.4867370527825438,637.697810248125,0.0,0.0
W4,nuaa,3018.6518999999994,3049.8369,0.25970359870065995,high_wear,124.034,187.99375295197643,225.2245197685384,516.77,2.294465986789896,0.0625,0.48308207528626973,1142022.611359,0.0,0.0,1.6718343750000002,4.504400218578591,4.804648947276221,12.739,2.65139038039851,0.59375,0.4807648670595589,652.91754152,0.0,0.0,2.2845609374999998,4.604069200874686,5.139715155881087,13.59,2.6441154009186145,0.59375,0.48080642390245554,682.083647915625,0.0,0.0
W5,nuaa,0.0033,31.1883,0.14999999999999997,medium_wear,145.3429375,188.50946451412554,238.0344254357576,588.55,2.4725415196670446,0.5625,0.5047655617056525,1137307.1583893748,0.0,0.0,1.8471890625,5.172232715820037,5.492185238975353,12.205,2.222248425524158,1.0,0.5341092665497333,953.9575243162501,0.0,0.0,2.4187281250000003,5.2481433261996555,5.7786896538056105,12.883,2.2293981459128505,1.0,0.5341121418265529,983.7396346525002,0.0,0.0
W5,nuaa,15.8433,47.0283,0.14999999999999997,medium_wear,155.435515625,183.19175257226993,240.24865811926895,531.13,2.2107511615583135,0.71875,0.5307280638872421,1075248.692776375,0.0,0.0,2.1357703125,5.040745290185262,5.4745436255711075,12.205,2.2294095790910364,1.0,0.5208689442854267,899.4550931100001,0.0,0.0,2.7122453125,5.114224792457849,5.78891784904301,12.883,2.225459116185202,1.0,0.5222719873471798,926.8105951975,0.0,0.0
W5,nuaa,31.6833,62.8683,0.14999999999999997,medium_wear,161.939859375,182.48564357897678,243.97854038178878,545.48,2.235770404833179,0.8125,0.537202460902103,1067718.4756448125,0.0,0.0,2.6110406250000002,4.522315185648785,5.221960147660072,11.032,2.1126166588887836,0.25,0.475353665097267,660.3027133784375,0.0,0.0,3.200534375,4.591265992628652,5.596708291542895,11.72,2.0940880584592776,0.25,0.4762782903449779,680.5206983271876,0.0,0.0
W5,nuaa,47.5233,78.70830000000001,0.1500000000000001,medium_wear,148.93140625,187.05179743570687,239.10026911639235,545.48,2.2813859725706296,0.15625,0.47844458933587436,1129931.0834918437,0.0,0.0,1.618271875,4.3858083046867185,4.674838857851145,11.032,2.359867438312304,0.4375,0.4782544287754427,620.6147645859376,0.0,0.0,2.201178125,4.4402717600344,4.955925588720789,11.72,2.3648458376117665,0.4375,0.4776825647121338,636.0195537950001,0.0,0.0
W5,nuaa,63.3633,94.54829999999998,0.14999999999999997,medium_wear,144.893921875,177.0822500983216,228.80640702612138,516.77,2.2585468943664835,0.375,0.4836969645618923,1026641.9696761877,0.0,0.0,1.043915625,4.854376685277766,4.965353243696515,13.153,2.6489555434344276,0.09375,0.5156115931221399,763.0821456934376,0.0,0.0,1.618990625,4.912369675266166,5.172282520349454,13.893,2.6860481702885304,0.09375,0.5152550023899874,781.8235113224999,0.0,0.0
W5,nuaa,79.2033,110.154,0.1517187499999781,medium_wear,146.23954687500003,179.41551219340764,231.46475128154637,516.77,2.2326077605285883,0.25,0.4931595238985532,1031938.6281579375,0.0,0.0,0.8764015625000001,5.149061982976007,5.223113918275309,13.153,2.5182295859905675,0.53125,0.49145136063859596,850.2307320125002,0.0,0.0,1.4593687499999999,5.202438482633498,5.403251179989923,13.893,2.5712297165548224,0.53125,0.49081170053233114,867.92686211875,0.0,0.0
W5,nuaa,95.0433,125.994,0.15671874999997332,medium_wear,63.923765625,200.42128791932743,210.36858240460214,488.06,2.3200232393129583,0.03125,0.45357054175476696,1299321.4847633748,0.0,0.0,-0.1668203125,4.939257238953663,4.942073561696421,10.54,2.1327080360944746,0.4375,0.5244510517007109,783.6253384631251,0.0,0.0,0.42870156249999997,4.9992679171395995,5.017615443318793,11.331,2.25824400614196,0.4375,0.5250650168269516,803.1093516606251,0.0,0.0
W5,nuaa,110.649,141.834,0.15999999999999748,medium_wear,16.149109375000002,190.02357226079522,190.70855184904366,516.77,2.7097368995232682,0.15625,0.47910072812485993,1160535.1861606252,0.0,0.0,0.49443125,5.088091448233408,5.112057985446028,10.604,2.074311369352513,0.03125,0.4898734565116849,838.2265717837499,0.0,0.0,1.128146875,5.178788620993112,5.3002421597979845,11.359000000000002,2.143109627359544,0.03125,0.4903876631285698,868.5913924175002,0.0,0.0
W5,nuaa,126.489,157.674,0.16000000000000053,medium_wear,46.204406250000005,184.7825020554333,190.47157326693466,516.77,2.7131082666901554,0.8125,0.4970355457921874,1095202.271083844,0.0,0.0,1.4557234374999999,4.976625594929453,5.1851647069879805,11.527,2.223073065444808,0.90625,0.5166083946890845,804.51372021625,0.0,0.0,2.1056984375,5.06594837695434,5.486146085154519,12.294,2.240917359686702,0.90625,0.5154215642444989,833.6701974612499,0.0,0.0
W5,nuaa,142.329,173.514,0.15999999999999798,medium_wear,61.00759375,197.248032914995,206.46722011980498,545.48,2.6419690238648004,0.71875,0.4767118131446735,1246105.628795844,0.0,0.0,1.4440203125,5.22667667064179,5.422485009877275,11.575,2.134630151842867,0.84375,0.5293337875998638,874.7005989374999,0.0,0.0,2.0653109375,5.3243465161850265,5.710882164164198,12.324000000000002,2.157985341972758,0.84375,0.528122877849919,907.6028389818749,0.0,0.0
W5,nuaa,158.169,189.354,0.15999999999999495,medium_wear,77.156859375,202.01413570890182,216.24729356648174,545.48,2.522482436675218,0.15625,0.42716225010264086,1307172.8507198126,0.0,0.0,1.5233796875,4.900065013286166,5.131405539101227,11.575,2.255717251696185,0.34375,0.5387151096255967,785.2599326487498,0.0,0.0,2.1474171875000003,4.98318165876339,5.4261865081663245,12.324000000000002,2.271208330464236,0.34375,0.538467088330486,812.0839193562501,0.0,0.0
W5,nuaa,174.009,205.194,0.1599999999999877,medium_wear,99.137390625,188.5644019476185,213.0369824743978,416.29,1.954073866259482,0.0625,0.4704050552061923,1138453.0655496875,0.0,0.0,1.0276234375,4.176616200262413,4.30117807276027,9.8906,2.2995095373144436,0.15625,0.5046432556971148,559.53531376625,0.0,0.0,1.6655171875,4.24106084272978,4.5563740598850915,10.68,2.3439690990316415,0.15625,0.5038341672779717,576.7980086775001,0.0,0.0
W5,nuaa,189.849,220.7205,0.18109374999915462,medium_wear,82.98823437500002,178.30924340618378,196.67545176957296,488.06,2.4815501660665626,0.875,0.5089010460445847,1024858.1420005,0.0,0.0,1.3728859375,3.695313752066054,3.9421009022593205,9.8906,2.508966727445114,0.4375,0.4741996821368658,437.14554371437504,0.0,0.0,2.0147328125,3.742808078045091,4.250618850807933,10.68,2.512575315467301,0.4375,0.4720763943016914,448.4147813656251,0.0,0.0
W5,nuaa,205.689,236.5605,0.20609374999916164,medium_wear,73.34421875,192.9422624806179,206.4124295559439,574.19,2.7817607749458593,0.46875,0.5360439340683651,1215610.2813489689,0.0,0.0,1.553734375,4.154498588925126,4.435532553531481,10.439,2.353494168741627,0.4375,0.5493414418458916,552.4326250134376,0.0,0.0,2.1778999999999997,4.21373232716555,4.743288788910074,10.732,2.262565168937569,0.4375,0.548351700357084,568.23540745125,0.0,0.0
W5,nuaa,221.2155,252.4005,0.20999999999999877,medium_wear,114.16565625000001,191.35589706537488,222.82476614749874,574.19,2.576867957397138,0.375,0.5115821395351684,1207486.5553373438,0.0,0.0,1.2797328124999998,4.5311725780645995,4.708422347622794,10.439,2.217090827731391,0.5625,0.5312165452259823,657.5648225000001,0.0,0.0,1.912959375,4.618200221295587,4.998718521218714,10.802,2.1609538432995055,0.5625,0.53073503366384,683.1213888484376,0.0,0.0
W5,nuaa,237.0555,268.2405,0.20999999999999927,medium_wear,112.59562499999998,161.93376044973027,197.23163423378932,488.06,2.4745523297823313,0.375,0.5178861857349576,885645.9932885313,0.0,0.0,1.0007546875000002,4.457830662789136,4.568781474600886,11.005,2.4087385359049946,0.1875,0.490652044572558,635.9739682362501,0.0,0.0,1.629159375,4.5456013866332485,4.828731949001984,11.719,2.4269311537208265,0.1875,0.4892755597084948,661.2288497300001,0.0,0.0
W5,nuaa,252.8955,284.0805,0.2100000000000002,high_wear,99.8106875,159.97727565656348,188.5600754818441,488.06,2.5883528034914995,1.0,0.5236748237574137,909390.2467329064,0.0,0.0,-0.6014296874999999,5.067964215839029,5.103526130238901,11.249,2.2041623208997705,0.4375,0.4624734634885173,826.7736676175001,0.0,0.0,-0.020753125000000094,5.132942471702048,5.132984425263727,11.999,2.3376264188418037,0.4375,0.4612711232486595,847.2634263309377,0.0,0.0
W5,nuaa,268.7355,299.9205,0.21000000000000008,high_wear,98.46496875,159.38152747044285,187.3441255277304,459.35,2.4519050101307163,0.1875,0.49651963988609815,835675.1707072499,0.0,0.0,-0.85109375,5.200048801960751,5.269237906382905,11.249,2.1348438236909923,0.8125,0.513545765069599,865.6284149965625,0.0,0.0,-0.26679374999999994,5.263023763539923,5.269781593256498,11.999,2.2769444592076793,0.8125,0.5126005232324976,886.5163914290627,0.0,0.0
W5,nuaa,284.5755,315.60209999999995,0.21000000000000008,high_wear,104.74535937499999,187.02075273869735,214.35566767768674,832.58,3.8841053703879607,0.25,0.48427823271201637,1119837.5020059377,0.0,0.0,6.0547640625,7.105216126712983,9.33510921520706,14.741,1.5790923984035072,0.03125,0.41269155801560886,1620.7700132625005,0.0,0.0,1.113134375,4.607909776718817,4.740453633059551,11.067,2.3345866992179003,0.78125,0.5387745572343318,693.5112796834375,0.0,0.0
W5,nuaa,300.4155,331.4421,0.21000000000000008,high_wear,134.35159375,198.57180646279437,239.75219094945203,832.58,3.472668995027188,0.34375,0.4916718924096405,1269011.5097822503,0.0,0.0,11.469535937500002,2.1918979994065064,11.677100301933105,14.741,1.26238531988628,0.03125,0.49716947913220183,154.42046115687498,0.0,0.0,1.4731515625,4.832949280621519,5.052481991571692,12.794,2.5322208018439922,0.03125,0.45447862135653044,748.334107776875,0.0,0.0
W5,nuaa,316.09709999999995,347.2821,0.20999999999999994,high_wear,123.36109375000001,170.12675437281672,210.1453592269527,516.77,2.4591073621659136,0.4375,0.5191633851164043,955955.9592962501,0.0,0.0,10.789603125,1.3462856015451306,10.87327092074586,13.71,1.2608901313993521,0.03125,0.48939349255856296,58.314021274687505,0.0,0.0,1.6337734375,4.674841784496635,4.9521067592648125,12.794,2.5835468865980973,0.5625,0.48709113442044333,709.8905368025,0.0,0.0
W5,nuaa,331.9371,363.1221,0.21000000000000013,high_wear,112.147015625,151.1066727500076,188.17592742742593,488.06,2.5936367455302207,0.875,0.5309769825132492,756220.8305884375,0.0,0.0,17.1152171875,13.497206654903577,21.7969091125432,64.676,2.9672096931753362,0.03125,0.2987468005734469,5842.30896550375,0.0,0.0,1.400296875,3.54553141009782,3.812036767677484,9.4896,2.4893778781104516,0.3125,0.5458776827179106,408.12683536749995,0.0,0.0
W5,nuaa,347.7771,378.9621,0.2099999999999999,high_wear,167.99659375,168.18520714144262,237.716468535128,689.03,2.8985370859915,0.59375,0.5012729188408322,921581.3327032187,0.0,0.0,41.291628125,21.414696938678794,46.51438270243679,65.533,1.4088760549447614,0.03125,0.2694289423333782,14695.979214245941,0.0,0.0,1.9675421875,4.076209390276273,4.526224171753841,11.14,2.461212608407644,0.84375,0.5186724239608467,545.1153467918749,0.0,0.0
W5,nuaa,363.6171,394.8021,0.20999999999998026,high_wear,236.8545,171.4330437299064,292.3856060970683,689.03,2.356579755062398,0.46875,0.4956472138727371,975718.28824,0.0,0.0,53.53471875,6.369315812620571,53.91228334584337,65.533,1.2155485899124432,0.03125,0.12064439017290364,1298.1971979687505,0.0,0.0,2.139234375,4.4561520186359616,4.943036973802138,11.14,2.2536752322593325,0.875,0.5046410665512799,646.2699133734375,0.0,0.0
W5,nuaa,379.4571,410.4506999999999,0.21328125000057285,high_wear,201.86456249999998,191.98492788097934,278.5812522887735,602.9,2.1641800912541025,0.25,0.4978735570978968,1196875.1002619998,0.0,0.0,32.4430921875,22.878806585983572,39.698791184184294,51.595,1.2996617393366643,0.03125,0.2631637759327496,16769.514113631874,0.0,0.0,1.7073234375,4.763149426021289,5.059895826481386,10.573,2.0895687110128485,0.09375,0.5157660390161807,746.4012003075,0.0,0.0
W5,nuaa,395.2971,426.2907,0.21828125000060755,high_wear,120.894515625,211.091051746041,243.25894852081623,602.9,2.478428866300918,0.84375,0.5306602807766996,1425916.3063251248,0.0,0.0,8.222623437500001,18.611776506554108,20.34722980960415,49.867,2.450800451295937,0.03125,0.26820045307194895,11102.625409664379,0.0,0.0,1.7138453124999997,4.375943763275875,4.699590362417904,10.573,2.2497705511848634,0.09375,0.5416196444525545,655.5197517293749,0.0,0.0
W5,nuaa,410.94569999999993,442.13069999999993,0.2200000000000138,high_wear,110.576703125,204.59835194806675,232.5676092964353,602.9,2.592364438985704,0.8125,0.5485294256174764,1340541.58702475,0.0,0.0,-0.25680000000000003,0.0072507758205587886,0.2569023428269972,0.2724,1.060325090859289,0.4375,0.4633355082164498,0.0016824728124999993,0.0,0.0,1.4889812500000001,4.602844958788905,4.837690241995658,11.692,2.4168558578849364,0.875,0.5306289196761278,691.5891933140626,0.0,0.0
W5,nuaa,426.7857,457.9707,0.21999999999999836,high_wear,133.45459375,170.50464859404482,216.52243252179724,445.0,2.055214301895495,0.53125,0.5403696287395757,957088.6588825001,0.0,0.0,-0.25667343750000005,0.007613767180810937,0.25678633719251887,0.2724,1.060804102656658,0.25,0.48779476485085194,0.0018629724999999996,0.0,0.0,2.5173359375000004,5.1637457121553,5.7446714442195255,11.692,2.0352774068158186,0.25,0.5436455042873075,870.6258825806252,0.0,0.0
W5,nuaa,442.6257,473.8107,0.2199999999999998,high_wear,107.21215624999999,168.63002146324462,199.8262509943795,459.35,2.298747025048877,0.96875,0.5245052275820891,912279.5452515001,0.0,0.0,-0.2549359375,0.007057428869361258,0.25503360470975195,0.2724,1.0680945372277992,0.53125,0.5223012688241643,0.0016727418749999993,0.0,0.0,3.298575,4.634251964179333,5.6883115507261905,11.032,1.9394155720235848,0.1875,0.5343779540173924,706.5785236928125,0.0,0.0
W5,nuaa,458.4657,489.6507,0.21999999999999997,high_wear,106.988265625,191.65035227451335,219.49110803946164,488.06,2.2235980507795934,0.90625,0.529141559283369,1188106.9468804374,0.0,0.0,-0.25555937500000003,0.006804289059804482,0.255649941326025,0.2724,1.0655195091659106,1.0,0.5348949339468678,0.001556272499999999,0.0,0.0,2.6617515625,4.769693630818709,5.462133165013808,12.765,2.3369990467758455,0.8125,0.513310605253382,731.4169817018751,0.0,0.0
W5,nuaa,474.3057,505.2167999999999,0.22000000000000006,high_wear,115.0630375,187.10777293469758,219.65614330427627,488.06,2.2219273845845513,0.71875,0.4992556262085837,1121386.4400365548,0.0,0.0,-0.25748125,0.018753331995608143,0.25816328469110394,0.3463,1.341399108763095,0.28125,0.49472041109170156,0.01130653,0.0,0.0,1.783628125,5.42776251830775,5.713312108001584,12.765,2.234255674938958,0.21875,0.506405197080276,990.4018685159375,0.0,0.0
W5,nuaa,490.1457,521.0568,0.22000000000000008,high_wear,97.118996875,167.4036918687372,193.5357734510325,459.35,2.373463013111747,0.34375,0.4797144979601302,899343.3024119475,0.0,0.0,-0.2580078125,0.01885922606351713,0.25869615713950994,0.3463,1.3386360424876622,0.28125,0.4966388717130918,0.011536553125000003,0.0,0.0,1.096865625,5.031882261770277,5.150044009095942,12.47,2.4213385318602416,0.40625,0.46794419292387435,810.4291025271876,0.0,0.0
W5,nuaa,505.7117999999999,536.8968,0.22000000000000008,high_wear,72.22221875,180.2572457683939,194.18734133094256,567.01,2.9199122667510893,0.25,0.4427809502603175,1045953.5085570099,0.0,0.0,-0.2558,0.008438712875788583,0.25593915658804534,0.284,1.1096387273680082,0.09375,0.4538893488241963,0.0022833553125000006,0.0,0.0,1.3433828124999998,4.556889635745071,4.7507810445527,11.104,2.3372998872957895,0.71875,0.5434651852283577,681.724082895,0.0,0.0
W5,nuaa,521.5518,552.7367999999999,0.22000000000000006,high_wear,88.820190625,185.1201496700941,205.32534202221453,567.01,2.761519812486927,0.25,0.4858606896597913,1098709.4186336724,0.0,0.0,-0.2529328125,0.007534691738209584,0.2530450142143686,0.284,1.122329957307152,0.34375,0.4589655858580742,0.0018380600000000005,0.0,0.0,1.3544546875,4.2011506332316895,4.414092675011905,11.005,2.49315109814053,0.28125,0.5165626750929291,565.122576854375,0.0,0.0
W5,nuaa,537.3917999999999,568.5767999999999,0.22000000000000003,high_wear,97.567446875,173.94416784304937,199.43916419880244,423.47,2.1233041248502325,0.25,0.5066500553299498,979841.5394905524,0.0,0.0,-0.25448593750000004,0.006743396473298433,0.25457526545454096,0.2731,1.0727672207760772,0.03125,0.5134676852790238,0.00147684625,0.0,0.0,0.8700671874999999,3.869687718265143,3.966295494243495,7.7541,1.9549980608489599,0.6875,0.5047035996668893,480.65276228375,0.0,0.0
W5,nuaa,553.2317999999999,584.4168,0.22000000000000003,high_wear,68.8573375,197.69923034449604,209.3473635047621,523.95,2.502778115894837,0.3125,0.5404418114087103,1291418.956173315,0.0,0.0,-0.2553515625,0.0079144644517866,0.2554741850339286,0.2731,1.068992547970084,0.90625,0.5339309643137956,0.0020208993750000007,0.0,0.0,1.9402703125,4.73827311223719,5.120144624101818,10.554,2.0612699005257875,0.15625,0.4661120887339489,718.51876313875,0.0,0.0
W5,nuaa,569.0717999999999,599.9895,0.22000000000000003,high_wear,109.23030625000001,188.64348265849912,217.98537417220507,523.95,2.4036016268967093,1.0,0.5467129641637185,1203158.4409875239,0.0,0.0,-0.2558609375,0.007526113231349481,0.2559716033444921,0.2692,1.05167915691689,0.375,0.48578812579450226,0.0018163718749999998,0.0,0.0,2.0654484374999997,4.4708252647019835,4.924871145062452,10.554,2.1430002306925666,0.75,0.4716139851757359,639.7048185481251,0.0,0.0
W5,nuaa,584.9118,615.8295,0.22,high_wear,159.69679687500002,163.63506809906875,228.6471133513867,473.71,2.071795235271563,0.34375,0.5099047980331755,858598.870631,0.0,0.0,-0.2584328125,0.008309126283180665,0.2585663554220657,0.3026,1.1702992042644405,0.53125,0.5040150829992673,0.002215324999999999,0.0,0.0,1.50198125,4.618875892427555,4.8569498849586665,10.583,2.1789395095004287,0.65625,0.4862790032375119,686.8933918090626,0.0,0.0
W5,nuaa,600.4845,631.6695,0.21999999999999997,high_wear,190.873390625,180.5553017175085,262.74106688331835,574.19,2.1853835291572223,0.34375,0.4654323543404289,1045411.0498214377,0.0,0.0,-0.25885468749999996,0.009029637480394419,0.25901213020580716,0.3026,1.1682850519763632,0.78125,0.5039517563514229,0.002610787499999998,0.0,0.0,1.5765875,5.222735366749281,5.455510320423746,11.239,2.060118914618245,0.6875,0.504266729216176,875.6034794750001,0.0,0.0
W5,nuaa,616.3245,647.5095,0.21999999999999986,high_wear,216.66765625,178.51192841561902,280.7336493039822,588.55,2.0964711621110657,0.15625,0.5039699366166985,1046934.1466735003,0.0,0.0,-0.26103125,0.008250546856875608,0.2611616070558611,0.2846,1.0897467020836855,0.78125,0.49374918710036064,0.0022690765624999993,0.0,0.0,1.74968125,5.119423809920989,5.410164934841405,12.179,2.251132848384597,0.53125,0.5264642454565723,843.31106265875,0.0,0.0
W6,nuaa,0.0033,31.1883,0.055444405629926655,low_wear,214.199834375,176.8831528174269,277.7934822793916,567.01,2.0411206027855187,0.375,0.5452292437912529,1010260.1183574776,0.0,0.0,-0.24279375,0.005668191813753308,0.24285990496065835,0.2589,1.0660466989886208,0.75,0.5526973633808405,0.0010635990625000008,0.0,0.0,1.6818171874999999,4.8740687204889035,5.156069718711991,17.385,3.371754252450809,0.75,0.5441624062280631,770.014444344375,0.0,0.0
W6,nuaa,15.8433,47.0283,0.06203369701363511,low_wear,159.023996875,193.5535675927807,250.50272475562642,538.3,2.1488788216780046,0.75,0.5244488856121617,1199525.1427398375,0.0,0.0,-0.24199531249999998,0.0060353497642923574,0.2420705614459346,0.2589,1.0695228633070453,0.3125,0.5232361153064796,0.0011662612500000023,0.0,0.0,0.860584375,3.9992701045088666,4.090814935353651,10.644,2.601926552094155,0.375,0.4832356312530602,514.6854290025,0.0,0.0
W6,nuaa,31.6833,62.8683,0.06874010841680395,low_wear,101.82900624999999,180.89529591512314,207.58673993798953,509.6,2.454877417277366,0.78125,0.5293706323681956,1070319.4211018402,0.0,0.0,-0.2427390625,0.006746425377271563,0.2428327958055707,0.2583,1.0636948734338727,0.03125,0.48586665746253715,0.0014606250000000003,0.0,0.0,1.4345890625,4.325007334643968,4.5567240670210385,11.011,2.4164289603777673,0.71875,0.5269890974891352,637.0390283581249,0.0,0.0
W6,nuaa,47.5233,78.70830000000001,0.07541317789370838,low_wear,80.52132187500001,169.3378436344473,187.50730269315343,409.11,2.1818350225510343,0.96875,0.5332727632469756,917740.1509543798,0.0,0.0,-0.242596875,0.00633354089229516,0.24267953663216024,0.2583,1.064366627630068,0.03125,0.4540068800560309,0.0013180846874999998,0.0,0.0,2.4682843749999996,4.757555644190445,5.359735391177208,13.24,2.4702712043946593,0.5625,0.5616321035342312,726.3141722871875,0.0,0.0
W6,nuaa,63.3633,94.2315,0.0818341679252172,low_wear,111.137653125,188.2957223188841,218.64779208975133,459.35,2.10086731546525,0.96875,0.5027074942690728,1137476.3666903176,0.0,0.0,-0.241925,0.005921676282945567,0.24199746253834978,0.2557,1.0566226493365762,0.75,0.49335733468545917,0.0011356400000000007,0.0,0.0,2.258984375,5.286020113534696,5.7484797161673535,13.24,2.30321765992547,0.75,0.5359876797773995,895.8994181425002,0.0,0.0
W6,nuaa,79.2033,110.0715,0.08813254392678187,low_wear,189.64051875,188.73481892791975,267.5525335845724,617.26,2.3070609413791487,0.03125,0.4462304735184567,1141084.2079022739,0.0,0.0,-0.24410468750000003,0.006026178040627722,0.24417905987461333,0.2596,1.0631542284309938,0.40625,0.4846781413531502,0.0011621231250000003,0.0,0.0,2.2127390625,4.883634773039735,5.36153921510943,12.241,2.28311302200373,0.90625,0.5293283870958452,791.441844936875,0.0,0.0
W6,nuaa,94.7265,125.9115,0.09600866930599206,low_wear,231.47171874999998,175.7640813699635,290.6409621524575,631.61,2.1731623626702867,0.4375,0.5334412010724554,999401.0419789688,0.0,0.0,-0.2455984375,0.005805560163205075,0.24566704506557244,0.2596,1.0567147902589402,0.09375,0.469390619542408,0.0010787031249999998,0.0,0.0,2.8195375,4.472303121906961,5.286897665751154,11.836,2.2387420276118317,1.0,0.5472752375152509,676.2979049,0.0,0.0
W6,nuaa,110.5665,141.7515,0.10467294995068388,low_wear,192.444609375,199.43456033031057,277.14449576284323,631.61,2.278991679995255,0.3125,0.5177201087739662,1309966.46396575,0.0,0.0,-0.24573125,0.005457703128377356,0.24579185045481064,0.2583,1.0508891955613842,0.71875,0.4864078754742588,0.0009716215624999991,0.0,0.0,2.4752375000000004,4.159600976412131,4.840359590399767,11.803,2.4384551972976842,0.71875,0.5138202299121759,553.9788483662501,0.0,0.0
W6,nuaa,126.4065,157.43309999999997,0.10931061887813023,low_wear,162.72553125,207.2838952590873,263.52649156085806,502.42,1.906525590744916,0.28125,0.434960783521728,1380070.474301469,0.0,0.0,-0.24375156250000002,0.0061634505399649105,0.24382947390286924,0.2583,1.059346911041998,0.25,0.4600343945410113,0.0012471218749999999,0.0,0.0,1.4575093749999999,4.220790494782892,4.4653561984529855,11.299,2.5303692466716354,0.78125,0.516603465737447,571.5922478025,0.0,0.0
W6,nuaa,142.2465,173.27309999999997,0.10999765933511582,low_wear,149.71639374999998,179.24114679482418,233.5431164942113,502.42,2.151294405683985,0.3125,0.4770200124599275,1028253.9066283898,0.0,0.0,-0.24001093749999997,0.007148166661535932,0.24011735965200434,0.257,1.0703099533180909,0.78125,0.4831688636985405,0.0016854568750000003,0.0,0.0,2.11163125,4.916129115182843,5.350449701952631,13.754,2.570625043906219,0.03125,0.5033056844368226,774.8088515465626,0.0,0.0
W6,nuaa,157.92809999999997,189.1131,0.11014917822422612,low_wear,180.780503125,172.3267711139508,249.75609372483413,567.01,2.2702549176825957,0.5625,0.5022873507822807,950604.0488225525,0.0,0.0,-0.24080625,0.007100459382145637,0.2409109100113567,0.2596,1.0775767688883924,0.03125,0.5133110092563555,0.0017224790625000005,0.0,0.0,2.9387546875000004,4.872373581669721,5.690017876303751,13.754,2.417215604414696,0.65625,0.5207974726250131,780.1789422450003,0.0,0.0
W6,nuaa,173.76809999999998,204.9531,0.11066839730284196,low_wear,177.640203125,191.72658561919138,261.3716231718439,567.01,2.1693632733313524,0.1875,0.5045828439664676,1176934.7178259376,0.0,0.0,-0.243378125,0.005875943242099519,0.24344904690201602,0.2596,1.066342231787354,0.96875,0.5099104356552026,0.0011056359375000004,0.0,0.0,1.9340390625000001,4.968968340347962,5.3320871582013964,14.417,2.703819268562575,0.84375,0.5294756493509665,793.4114593718749,0.0,0.0
W6,nuaa,189.6081,220.7931,0.11166837927749187,low_wear,166.425571875,185.16958590842432,248.96836449520674,495.24,1.989168386931885,0.28125,0.4774424104858912,1104652.6079135924,0.0,0.0,-0.241921875,0.005591356855395209,0.24198648076907106,0.2538,1.0488189224182431,0.46875,0.4920085388812676,0.0010150046875000002,0.0,0.0,2.3534046875000003,4.654976485655892,5.216063621655342,14.417,2.763961685617764,0.28125,0.5022109772392769,701.705778728125,0.0,0.0
W6,nuaa,205.4481,236.6331,0.11299379120038178,low_wear,190.64933125,186.91325080714654,266.9901324644181,552.66,2.0699641402427233,0.59375,0.5171098973689263,1132806.6080139487,0.0,0.0,-0.24151562499999998,0.005382588211945533,0.24157559763974507,0.2544,1.0530864975003793,0.28125,0.5035348751246047,0.0009339571875000004,0.0,0.0,2.1661828124999998,4.781805374462227,5.249572422246049,11.965,2.2792332475109904,0.09375,0.48458695551653297,739.5304751968752,0.0,0.0
W6,nuaa,221.2881,252.4566,0.1144466964809005,low_wear,161.715753125,198.05761709065476,255.69279320390393,552.66,2.161421888646183,0.25,0.5090121809431115,1271679.412357305,0.0,0.0,-0.2408328125,0.00605769280253165,0.24090898534249403,0.2544,1.0560004627404254,0.96875,0.515980590814334,0.0012503675,0.0,0.0,1.9904093749999998,4.9806897242224,5.363674077445655,12.215,2.277356868375782,0.53125,0.5169026032521947,794.0505101321876,0.0,0.0
W6,nuaa,237.1281,268.2966,0.11592050078476829,low_wear,103.8483,198.0332446735806,223.61045460540578,495.24,2.2147443905246975,0.28125,0.4950517083129437,1285163.9453199413,0.0,0.0,-0.24086093749999998,0.006510895128251853,0.24094892190825423,0.2557,1.0612207681815755,0.96875,0.514336496815618,0.0014051706249999993,0.0,0.0,2.196725,5.024006649546505,5.483269420729981,14.668,2.675046377357702,0.96875,0.5432959654103419,825.3258904203125,0.0,0.0
W6,nuaa,252.9516,284.1366,0.11735400916590538,low_wear,104.969228125,191.7995010617626,218.6448889425485,567.01,2.593291810946418,0.78125,0.4789077280076494,1178834.0735928298,0.0,0.0,-0.2402015625,0.006325036862232008,0.24028482415406513,0.2557,1.0641537637684975,0.5,0.5028222094967686,0.0013323424999999993,0.0,0.0,2.5009421875,4.868190708627176,5.473024081874777,14.668,2.6800539848849882,0.21875,0.5432080754572113,760.45281528875,0.0,0.0
W6,nuaa,268.7916,299.9766,0.11861078346623907,low_wear,141.97715624999998,180.91042941699928,229.96977272824356,595.72,2.590427398056202,0.0625,0.46395868397791795,1047354.9118651401,0.0,0.0,-0.2399703125,0.006225443751440034,0.24005105088553558,0.2551,1.0626906195950805,0.375,0.5299332021314357,0.0012527593750000004,0.0,0.0,2.1622921875,4.855619845257422,5.315312933946716,12.887,2.4245044760574745,0.75,0.5056363242765783,758.302795545,0.0,0.0
W6,nuaa,284.6316,315.8166,0.11948704212466969,low_wear,162.61205625,193.14984542179766,252.48671969891308,724.92,2.8711213043777395,0.0625,0.47856236282705156,1194014.39460686,0.0,0.0,-0.24084375000000002,0.005800292961351177,0.24091358474046248,0.2551,1.0588859083011886,0.84375,0.531598889989603,0.0010771140625,0.0,0.0,1.2904031249999999,4.374351971862831,4.5607121591643995,12.887,2.8256551938066443,0.3125,0.4792385399792776,614.969606505,0.0,0.0
W6,nuaa,300.4716,331.6566,0.11989618890069197,low_wear,176.29437812499998,199.05917780613984,265.9027341479152,724.92,2.726260045136447,0.78125,0.48745666341370636,1268043.74294678,0.0,0.0,-0.2407125,0.005813387029090701,0.2407826885907706,0.2538,1.0540624888168493,0.03125,0.43776749586315594,0.001091135,0.0,0.0,2.0940015625,4.6769371836201525,5.124313023545815,13.792,2.6914827288315224,0.65625,0.5205305018887247,708.419498119375,0.0,0.0
W6,nuaa,316.3116,347.1864,0.11999707313767052,low_wear,157.678128125,186.40511202677746,244.15007245282436,653.14,2.675157920037899,0.53125,0.47778866360748706,1117130.3428259648,0.0,0.0,-0.2418015625,0.0056714882357802475,0.24186806611508266,0.2538,1.0493324070290455,0.03125,0.4577816866479734,0.0010360118750000005,0.0,0.0,2.6375734375,4.297431096860446,5.04229190651124,13.792,2.7352640933362147,0.21875,0.5139066291530173,593.56581277375,0.0,0.0
W6,nuaa,332.1516,363.0264,0.12007498629725709,medium_wear,165.527946875,152.1491776269931,224.83076624257436,509.6,2.2665937074207294,0.53125,0.48304965186417603,741707.4169950149,0.0,0.0,-0.24029687499999997,0.004680209956227927,0.24034244839395308,0.2538,1.055993236716921,0.03125,0.4981057801188172,0.0007036425000000006,0.0,0.0,2.4043312500000003,2.986497129627524,3.834054494265829,10.991,2.8666780861977896,0.90625,0.5619228756085142,287.84065898,0.0,0.0
W6,nuaa,347.68139999999994,378.8664,0.12042203604251302,medium_wear,189.527703125,126.43921036345387,227.8324475775386,409.11,1.7956616994195567,0.46875,0.5400948252292832,516449.8357409375,0.0,0.0,-0.23888749999999997,0.0046458146486918735,0.23893267095564807,0.2506,1.0488310325987928,0.6875,0.5467773637382217,0.0006913078125,0.0,0.0,2.107278125,3.71109230775913,4.267648909272236,10.991,2.575422728922258,0.5,0.5071270870699897,440.7515795796875,0.0,0.0
W6,nuaa,363.5214,394.7064,0.12122825831635223,medium_wear,211.06045312499998,164.69306390769103,267.71313037024004,581.37,2.1716155617618793,0.78125,0.572134197779089,877017.2843220402,0.0,0.0,-0.2385453125,0.00511446874341253,0.23860013391917867,0.2506,1.050292788540035,0.53125,0.5293919010060173,0.0008386468749999998,0.0,0.0,1.5807546875,4.001382193104094,4.302306920402558,10.837,2.5188811957158097,0.34375,0.46857893532852185,513.144162774375,0.0,0.0
W6,nuaa,379.3614,410.5464,0.12244245829277627,medium_wear,242.23734374999998,185.4092074352851,305.0500039482646,624.43,2.046975879095222,0.0625,0.5185724111940915,1118137.8048417836,0.0,0.0,-0.2391140625,0.005080380989265841,0.23916802703591047,0.2538,1.0611786330532074,0.625,0.5015029322843438,0.0008259631250000006,0.0,0.0,1.5529843750000003,3.9405421167421064,4.23552035089108,9.3091,2.197864542910655,0.34375,0.4851744868949495,514.7961871625,0.0,0.0
W6,nuaa,395.2014,426.1356,0.1238688539486531,medium_wear,235.39602187499997,206.80254259475424,313.3346114591087,854.11,2.725871859551859,0.9375,0.5160317432042515,1419845.9097680552,0.0,0.0,-0.24122187499999997,0.005532361293731186,0.2412853082970449,0.2557,1.0597412739494658,0.625,0.4937053356646109,0.0009805875000000002,0.0,0.0,2.200971875,3.964720747593263,4.534676151715522,9.9998,2.205185037572519,0.15625,0.48310841944898036,509.038422505,0.0,0.0
W6,nuaa,411.0414,441.9756,0.12537490270399723,medium_wear,190.761584375,216.20104931536326,288.32772290975487,854.11,2.9622888544343415,0.9375,0.48433735325958344,1497270.2350272299,0.0,0.0,-0.2443109375,0.0059269278822247995,0.24438281988767133,0.2583,1.0569482753277237,0.03125,0.46724908613800853,0.001124139375,0.0,0.0,2.6357640625,3.8497500523316117,4.665600460668889,11.607,2.487782676173679,0.15625,0.4948850649815728,478.1343345162501,0.0,0.0
W6,nuaa,426.6306,457.8156,0.12703944562637434,medium_wear,179.659359375,194.104625177487,264.4883568823553,459.35,1.7367494184415817,0.4375,0.48720775101673147,1244328.1690675004,0.0,0.0,-0.24601875,0.004597549449163111,0.2460617052946273,0.2589,1.0521751025418624,0.125,0.4965921931023395,0.0006807500000000006,0.0,0.0,2.2270109375000002,3.853919783809287,4.4510982258068905,11.607,2.6076710535624934,0.15625,0.5324441825474431,488.07111780437504,0.0,0.0
W6,nuaa,442.4706,473.6556,0.12915108426488892,medium_wear,180.332265625,191.16143785916282,262.79730088002833,588.55,2.239558770311281,0.4375,0.5055430055474628,1181833.1067262501,0.0,0.0,-0.2446375,0.004607890650829293,0.2446808923118027,0.2589,1.0581128651029994,0.59375,0.5204337560572893,0.0006794478125000005,0.0,0.0,2.3014375,3.8700676852325526,4.502670147222368,11.489,2.5515970800320336,0.15625,0.4905122269310885,479.5630112153126,0.0,0.0
W6,nuaa,458.3106,489.4956,0.13190033064435353,medium_wear,175.62184375,170.41091065561378,244.7098495619353,588.55,2.405093219801272,1.0,0.5255206068855837,979710.9116552499,0.0,0.0,-0.24578125,0.0055336153134727395,0.24584353509905443,0.2596,1.0559561791828402,0.03125,0.5216522079046555,0.0009895487500000003,0.0,0.0,2.4412531250000002,3.385615199864381,4.173979767784578,10.841,2.597281396443872,0.40625,0.5204959225621628,375.34994381093753,0.0,0.0
W6,nuaa,474.1506,505.3356,0.13502788875292027,medium_wear,196.25740624999997,140.69482200168196,241.47878260017484,574.19,2.377807250050234,0.78125,0.5095105709956547,633519.9339587502,0.0,0.0,-0.24574218750000001,0.005512990473857519,0.2458040190502385,0.2596,1.0561259372530514,0.03125,0.5018271687837408,0.00098033,0.0,0.0,2.0432421874999998,3.717813792985599,4.242284530308375,11.732,2.76549107354362,0.6875,0.5194698011605512,442.99532603,0.0,0.0
W6,nuaa,489.9906,520.8554999999999,0.1381124953823224,medium_wear,184.59400937499998,155.47056975186024,241.34217691092792,574.19,2.3791531482369788,0.28125,0.4806737975403975,776050.5917772425,0.0,0.0,-0.2436828125,0.005261105952159084,0.24373959945759738,0.2577,1.0572758820210963,0.96875,0.5067157632070242,0.0008873331249999997,0.0,0.0,2.378225,4.166376904757898,4.797358717369903,11.732,2.4455123519368454,0.625,0.5036731556682521,571.6542494078126,0.0,0.0
W6,nuaa,505.8306,536.6955,0.14118231897455483,medium_wear,178.985853125,157.08932262779368,238.14489476481145,437.82,1.8384605743170974,0.28125,0.5027829558394458,792371.4952974049,0.0,0.0,-0.24131093750000002,0.005530458762263194,0.24137430379236727,0.2577,1.0676364300222954,0.03125,0.4870300250892165,0.0009854581249999998,0.0,0.0,1.6614953125,4.638169559428512,4.926782269947471,12.069,2.4496718829283033,0.875,0.5068038558787205,696.3585535706251,0.0,0.0
W6,nuaa,521.3504999999999,552.5355,0.14456576805246438,medium_wear,211.732984375,170.73676880510502,271.99614132254135,523.95,1.926314092002813,0.28125,0.5059362033389209,939021.45995026,0.0,0.0,-0.23984531250000002,0.005604683579591606,0.23991078843238792,0.2544,1.0603941642736732,0.15625,0.46457339524392255,0.0010105212500000009,0.0,0.0,0.6037843749999999,4.783480176810954,4.821435281473505,12.069,2.5031965162688086,0.90625,0.5244541150687324,732.5663073421874,0.0,0.0
W6,nuaa,537.1905,568.3755,0.14820638097353592,medium_wear,221.37770312499998,187.2374848322178,289.9413098666618,538.3,1.8565826313178806,0.53125,0.508033762187276,1126374.3016580725,0.0,0.0,-0.2394953125,0.006467646154308674,0.2395826269917124,0.2544,1.0618466088060725,0.21875,0.4973266287943936,0.0013519000000000011,0.0,0.0,2.1240078125,4.890589068088599,5.331910597569013,12.05,2.259977878378902,0.375,0.44932234902091334,768.7030884318749,0.0,0.0
W6,nuaa,553.0305,584.2155,0.1515385650937166,medium_wear,211.284225,175.0285481295355,274.36475064079156,552.66,2.014325815212184,0.71875,0.5137718567659876,987763.3573158111,0.0,0.0,-0.2377703125,0.005896097217850446,0.23784340535055834,0.2519,1.0591002076711928,1.0,0.5225094614495257,0.001191984375000001,0.0,0.0,2.8436734374999997,4.753291325105761,5.538976172585395,12.05,2.1754922975910715,0.375,0.4846771234197473,727.7145491825001,0.0,0.0
W6,nuaa,568.8705,599.7354,0.15406571122549545,medium_wear,161.939525,188.61055352161995,248.59274055562744,624.43,2.5118593511795315,0.3125,0.46428777948387856,1145378.20699464,0.0,0.0,-0.23755937500000002,0.005951410514270968,0.23763391158986547,0.2538,1.06802938310436,0.71875,0.5111916728651235,0.001142237187500001,0.0,0.0,1.9944671875,4.599453889901452,5.013269935615252,12.494000000000002,2.49218577105537,0.71875,0.5117722856402086,676.9612643718751,0.0,0.0
W6,nuaa,584.7105,615.5754000000001,0.15587952064745159,medium_wear,106.0904875,202.0706863184851,228.22741686136496,624.43,2.735999068767909,0.0625,0.4517025928646337,1307815.7544284363,0.0,0.0,-0.23763593749999998,0.005761248974492751,0.23770576514096162,0.2538,1.0677065398455707,0.65625,0.5181514848607858,0.0010658225000000012,0.0,0.0,2.169278125,4.838734397335628,5.3027462839138835,12.494000000000002,2.356137618332053,0.25,0.47629663740245304,750.7399743546875,0.0,0.0
W6,nuaa,600.2304,631.4154,0.1573655943882039,medium_wear,101.15584375,203.92390616019455,227.63449700870527,495.24,2.1755929198247177,0.03125,0.5102902598634187,1331724.958776719,0.0,0.0,-0.23759375,0.005132734255491902,0.23764918472403812,0.2467,1.038084773093044,0.09375,0.4901938531320648,0.0008435900000000002,0.0,0.0,1.370809375,5.15817780485266,5.337219932611219,11.457,2.146623175484301,0.96875,0.49588999780078835,865.1539435784374,0.0,0.0
W6,nuaa,616.0704000000001,647.2554,0.15862382163427224,medium_wear,106.987646875,206.3178914609799,232.40789341318504,567.01,2.4397192008962643,0.875,0.5635170827018843,1395993.24155754,0.0,0.0,-0.23738906250000003,0.005296228528027632,0.23744813545540847,0.248,1.0444386077168129,0.15625,0.478708401526252,0.0009122487499999999,0.0,0.0,1.526015625,4.670666530533234,4.913639132780052,11.895,2.4208126967740946,0.84375,0.5119109980677977,710.8207622450002,0.0,0.0
W6,nuaa,631.9104,663.0954,0.15949640818425284,medium_wear,100.034828125,182.58230593281715,208.19045433867308,567.01,2.723515839384348,0.84375,0.5307815095033301,1101076.8628475978,0.0,0.0,-0.2379625,0.005746534281634455,0.23803187614792268,0.2519,1.0582616247727221,0.15625,0.513475116263746,0.0010783403125000006,0.0,0.0,2.5754578125,4.31897724933247,5.028573100216278,13.19,2.6230104916706294,0.4375,0.4693365351205466,597.3574510418749,0.0,0.0
W6,nuaa,647.7504,678.9354,0.1599004487564796,medium_wear,94.8761375,147.31342960439346,175.22193929051093,366.05,2.089064882412378,0.8125,0.5044097634844991,708969.2775790363,0.0,0.0,-0.2382578125,0.005704844560971294,0.23832610110676086,0.2519,1.0569551502340844,0.9375,0.5771913845445683,0.0010676387500000006,0.0,0.0,2.7647921875,4.5855853325361,5.354593232172847,13.19,2.4633056943986786,0.21875,0.4520330113383859,679.7733245712501,0.0,0.0
W6,nuaa,663.5904,694.4025,0.1599977255577201,medium_wear,94.31570625,174.83104490493804,198.6488024328079,588.55,2.962766413852781,0.15625,0.5232260283551612,987530.2526679988,0.0,0.0,-0.23993124999999998,0.006362091710868368,0.24001558478044713,0.2557,1.0653474866388368,0.15625,0.5016275778832145,0.00130427,0.0,0.0,2.8977421875,4.672225509587371,5.497872406454723,12.061,2.193757713591152,0.0625,0.4589638608604714,736.9979089106251,0.0,0.0
W6,nuaa,679.4304,710.2425,0.16010398089753647,medium_wear,109.791796875,186.90020360251583,216.76236935340765,588.55,2.715185305252097,0.3125,0.5412409453501493,1135393.5101297502,0.0,0.0,-0.24224218749999998,0.006040017712295531,0.2423174760902523,0.2557,1.0552272338160342,0.15625,0.5076241814118831,0.0011794843749999998,0.0,0.0,1.8803515625,4.766962453701263,5.124417336009407,12.061,2.353633439502879,1.0,0.520231037360532,766.1287229656251,0.0,0.0
W6,nuaa,694.8975,726.0825,0.16070628083617508,medium_wear,134.800171875,160.36378432864706,209.49374611604608,545.48,2.6038008776540713,1.0,0.5602292161782156,866757.5536950624,0.0,0.0,-0.242275,0.006823030851461835,0.24237105721393384,0.2589,1.068196850630876,0.78125,0.5513395504027367,0.0015158203125000005,0.0,0.0,1.996434375,4.288486932372636,4.7304196835812045,11.050999999999998,2.336156353812934,0.625,0.5119151745309064,606.2010340571875,0.0,0.0
W6,nuaa,710.7375,741.9225,0.16230436822538102,medium_wear,123.13709374999999,155.72247977037537,198.5251484397663,473.71,2.386146056169435,0.375,0.49532544637585185,784098.8914878438,0.0,0.0,-0.241834375,0.006639305751309772,0.24192549537512575,0.2589,1.0701641825660164,0.84375,0.5549422499430416,0.0014357771875000006,0.0,0.0,1.9184359374999997,3.89172232458551,4.338882240620129,10.399,2.3967002152410886,0.59375,0.5014173345082859,491.23478284,0.0,0.0
W6,nuaa,726.5775,757.7625,0.16481429124530445,medium_wear,123.36195312500001,178.96292887062094,217.36122328687247,473.71,2.179367565367441,0.375,0.5407983560907516,1073626.7334194377,0.0,0.0,-0.2423671875,0.006364085133767755,0.2424507272751517,0.2615,1.0785696662531754,0.15625,0.49547477698777836,0.001296181875,0.0,0.0,1.3851046875000002,4.716628249025916,4.915800752150534,12.217,2.4852512573165995,0.375,0.5263085739700527,745.870847531875,0.0,0.0
W6,nuaa,742.4175,773.2955999999999,0.16767665652079047,medium_wear,148.48273437499998,182.00487032075904,234.8891126211539,617.26,2.6278782916412196,0.9375,0.5324384205572136,1077436.72620075,0.0,0.0,-0.243871875,0.006508131182173188,0.24395869975776638,0.2615,1.0719027452583199,0.15625,0.5100404054348844,0.0013846459374999996,0.0,0.0,2.716134375,4.835601158924644,5.546208120080782,12.217,2.2027662387508924,0.375,0.5224905793983857,775.8894121821875,0.0,0.0
W6,nuaa,758.2575,789.1356,0.1705805107919265,medium_wear,206.35034375,160.0404360408076,261.13867108085503,674.68,2.5836081542710394,0.21875,0.5101963679151729,829917.0597583437,0.0,0.0,-0.2429015625,0.005593033953820927,0.242965946366461,0.2583,1.0631119457802984,0.28125,0.48733894914896053,0.0010132143749999997,0.0,0.0,2.482809375,4.254029362951037,4.92555663995832,12.202,2.477283460921333,0.90625,0.5155705788986766,579.2055274184374,0.0,0.0
W6,nuaa,773.7905999999999,804.9756,0.17369630294652696,medium_wear,244.92909375,161.7086459401714,293.49607686815847,746.45,2.5433048644643836,0.25,0.5331711331458828,844678.3283128437,0.0,0.0,-0.2439203125,0.006909485773365755,0.2440181547421216,0.2692,1.103196605533267,0.125,0.4626613559171225,0.0015374468750000002,0.0,0.0,1.8911625,3.9431432278664125,4.373199528591738,11.081,2.5338427683331233,0.59375,0.5168781848988246,497.85322968531256,0.0,0.0
W6,nuaa,789.6306,820.8156,0.17724506462539494,medium_wear,262.199484375,201.9463195651409,330.95450683201443,746.45,2.2554459437498533,0.875,0.5435496848929657,1305112.9585218127,0.0,0.0,-0.245846875,0.007268746641228804,0.2459543059696252,0.2692,1.0945122466497723,0.75,0.47827288740046553,0.001698314687500001,0.0,0.0,2.14766875,3.6132689588547704,4.203355044336607,11.081,2.6362274619009387,0.15625,0.4558630056591295,417.79385805375,0.0,0.0
W6,nuaa,805.4706,836.6555999999999,0.18108463555585524,medium_wear,235.73284374999997,203.4010165229499,311.35501785747925,746.45,2.397424024627998,0.78125,0.5458919282338455,1355006.4503003438,0.0,0.0,-0.244425,0.006147840067861233,0.24450230379793972,0.2641,1.0801534214510147,0.6875,0.5024383027136622,0.0012128500000000006,0.0,0.0,2.4207171875,4.250047753649168,4.89109165832703,10.796,2.207278201711867,0.3125,0.4827149980394511,579.835726176875,0.0,0.0
W6,nuaa,821.3106,852.4955999999999,0.18481213566375618,medium_wear,236.8546875,174.72623617058727,294.3287288000655,717.74,2.4385658951000786,0.5625,0.48434158509953384,1025676.439274,0.0,0.0,-0.243215625,0.006211612581236456,0.24329493290037915,0.2641,1.0855137706798843,1.0,0.5117503453086761,0.001306992500000001,0.0,0.0,3.1431515625,4.542946810957075,5.524288865730254,10.795,1.9540976698315742,0.3125,0.5112590480425429,663.055624678125,0.0,0.0
W6,nuaa,837.1505999999999,867.9395999999999,0.1881715125390345,medium_wear,234.38761875,179.79474137266473,295.4043074306107,717.74,2.4296869813538327,0.03125,0.4604417372157099,1049584.0444288738,0.0,0.0,-0.245959375,0.008092371383554701,0.24609246356806622,0.2641,1.0731738638836987,0.09375,0.4229069337809098,0.002110968437500001,0.0,0.0,2.141840625,4.400311571060862,4.893896523764321,13.398,2.7376958084300553,0.03125,0.5187678961839424,619.8407811621876,0.0,0.0
W6,nuaa,852.9905999999999,883.7796,0.19135214638721265,medium_wear,194.014078125,182.7155021316494,266.5078183279327,567.01,2.1275548445723467,0.125,0.44066720396777176,1070290.7143725725,0.0,0.0,-0.25184375,0.007523792988745771,0.25195611100943754,0.2667,1.0585176875904796,0.03125,0.4343149770231033,0.0018220187500000004,0.0,0.0,1.4734953124999999,4.420844315054171,4.6599412972596825,13.398,2.8751435147646185,0.375,0.4983295153349179,628.070355701875,0.0,0.0
W6,nuaa,868.4345999999999,899.6196,0.19480018797936105,medium_wear,177.64013749999998,175.56187190223665,249.7558594244312,595.72,2.385209305490778,0.03125,0.46016762032487474,986309.5183993663,0.0,0.0,-0.2541625,0.005457119776035705,0.2542210781239431,0.2667,1.0490868891287326,0.40625,0.5472148348363798,0.0010332928124999997,0.0,0.0,2.3637703125,4.384219157411318,4.9808420684126045,11.188,2.24620653422276,0.09375,0.5018854243740573,622.2187897531251,0.0,0.0
W6,nuaa,884.2746,915.4596,0.1988859804473293,medium_wear,180.78055,182.89485685838395,257.1616921774144,653.14,2.539802855043442,0.875,0.5508097524732295,1072277.902269561,0.0,0.0,-0.253865625,0.0053850550934391546,0.2539227330803605,0.2667,1.0503195076889622,1.0,0.5374798331257411,0.0009912434374999995,0.0,0.0,2.36303125,4.093030950243161,4.726184406910611,11.188,2.3672372968860347,0.59375,0.5218673152547164,536.29876495375,0.0,0.0
W6,nuaa,900.1146,931.2996,0.20373330667951142,medium_wear,188.406203125,196.10942890798395,271.94816690427314,653.14,2.4017076762643077,0.71875,0.5701361731369694,1230788.0568986374,0.0,0.0,-0.25369375,0.005335754251977874,0.2537498552955253,0.2667,1.0510350821260275,0.21875,0.5255127464245581,0.0009272937499999989,0.0,0.0,1.9182734375,4.487069241137603,4.879914277503371,10.773,2.2076207464676223,0.8125,0.5448096582255503,644.723432808125,0.0,0.0
W6,nuaa,915.9546,947.1396,0.20880072332036767,medium_wear,177.63974374999998,185.96393408320964,257.1739942903831,638.79,2.4838825627085854,0.21875,0.4928398861793709,1117467.35397819,0.0,0.0,-0.253859375,0.006092713854217592,0.25393247810687786,0.2679,1.0550048658495876,0.59375,0.5318565783762901,0.0011948149999999995,0.0,0.0,1.9351812499999999,4.928337677461432,5.2946613426580456,12.688,2.3963761190494433,0.09375,0.5183439785739907,791.18902186375,0.0,0.0
W6,nuaa,931.7946,962.7189,0.21334146195848888,high_wear,167.322778125,177.0546170809029,243.60880425209004,495.24,2.0329314513917085,0.15625,0.5188327950997614,1004408.8026853974,0.0,0.0,-0.2561609375,0.006220395314696147,0.25623645177599147,0.2686,1.0482505441295178,0.75,0.48138851078808553,0.001238317500000001,0.0,0.0,2.4880515625,4.445328664276136,5.094246510632731,12.688,2.4906529304221063,0.09375,0.4860381048661024,632.4006375487501,0.0,0.0
W6,nuaa,947.6346,978.5589,0.2174912509974402,high_wear,174.7247875,182.44301893334693,252.61473932538803,552.66,2.187758329050347,0.875,0.5675122626657487,1119046.1710523362,0.0,0.0,-0.25782499999999997,0.0046481178986768415,0.257866895170745,0.2692,1.0439494368664533,0.09375,0.47065259241263674,0.0006917878125000006,0.0,0.0,2.5352109375,3.8974054538370932,4.649415422310502,11.32,2.4347146838461224,0.6875,0.5470711216663937,487.25224549124994,0.0,0.0
W6,nuaa,963.2139,994.3989,0.22186333025440158,high_wear,221.60199375,164.23663290020352,275.8280537225524,552.66,2.003639559288284,0.96875,0.5586699388131762,891207.17441183,0.0,0.0,-0.2587578125,0.004375992911882256,0.25879481224273027,0.2705,1.0452296074091747,1.0,0.5210018397345918,0.0006577843749999998,0.0,0.0,1.790240625,4.1742553724705935,4.541956561879473,11.518,2.5359115269111743,0.53125,0.509556712865357,558.3436657671874,0.0,0.0
W6,nuaa,979.0539,1010.2389,0.226147344804501,high_wear,239.993821875,159.83789345663672,288.34907095883693,624.43,2.1655349813460645,0.96875,0.498959391548494,819627.1543744298,0.0,0.0,-0.2592546875,0.004950029346109348,0.2593019394089639,0.2705,1.043185410092035,0.0625,0.48181202808624995,0.0008276837499999999,0.0,0.0,1.5322812500000003,4.421975404580055,4.6799308016051375,11.518,2.461147501593297,0.75,0.45821836333445765,626.8641170940624,0.0,0.0
W6,nuaa,994.8939,1026.0789,0.2289368657121762,high_wear,221.15301562500002,153.6393883395763,269.2837127815023,624.43,2.3188554315079,0.09375,0.4858038790533209,758478.7115385626,0.0,0.0,-0.25843906250000004,0.005675595155672552,0.2585013760239005,0.2712,1.0491240092080802,0.8125,0.49848280522549,0.0010311468749999997,0.0,0.0,1.861278125,4.6062359073552654,4.968074626332871,12.703,2.556926164649137,0.78125,0.4835862582065635,680.7429564996876,0.0,0.0
W6,nuaa,1010.7339,1041.9189,0.22987015936765828,high_wear,207.47152812499996,150.52083367442597,256.32197789609626,552.66,2.156116321106216,0.75,0.5085053291837587,727212.581219915,0.0,0.0,-0.258409375,0.005430231312695163,0.25846642431851763,0.2712,1.0492658793692689,0.78125,0.5212873307431878,0.0009702421875000009,0.0,0.0,2.6241765624999998,4.625022758279892,5.3176252355521685,12.703,2.3888482992504363,0.78125,0.5101977488191665,686.962812424375,0.0,0.0
W6,nuaa,1026.5739,1057.5905999999998,0.23000260783166,high_wear,176.407528125,182.60932191144215,253.9011233297903,552.66,2.1766741034940362,0.34375,0.4943588910791189,1067328.8030410027,0.0,0.0,-0.259328125,0.004871520192339865,0.2593738771060031,0.2692,1.03788401131075,0.0625,0.5091944921000569,0.0007789459375000012,0.0,0.0,2.4530578125,4.222752235095195,4.883557010056169,11.738,2.403575913177472,0.78125,0.5149557323694851,592.23450064875,0.0,0.0
W6,nuaa,1042.4139,1073.4306,0.23014894736156805,high_wear,163.39832812500003,169.43923263482017,235.39045687946205,516.77,2.19537362240911,0.375,0.5144433302597047,926710.0862256251,0.0,0.0,-0.2601171875,0.005983664081467454,0.2601860016771656,0.2737,1.0519397593864497,0.09375,0.5277606947124763,0.001147378125,0.0,0.0,1.7375234374999997,3.509415916579913,3.9159912884742543,8.5869,2.192778116047756,0.375,0.4885752482618025,421.0100893150001,0.0,0.0
W6,nuaa,1058.0856,1089.2705999999998,0.23087231600141767,high_wear,197.602921875,181.7481251811233,268.4758755277476,689.03,2.5664503324388535,0.78125,0.5356757900300158,1087251.0038913751,0.0,0.0,-0.2589609375,0.006782390277114238,0.25904974033715994,0.2737,1.0565538480902252,0.65625,0.4957452057119928,0.0014901012499999998,0.0,0.0,1.5427203125,4.064334138160721,4.347274772684463,13.026,2.9963599452804734,0.625,0.5553203593716184,545.3136261506249,0.0,0.0
W6,nuaa,1073.9255999999998,1105.1105999999995,0.23261873855805923,high_wear,233.04121874999998,200.25705420685782,307.2638888579225,689.03,2.242469828007041,1.0,0.5424427031544546,1379923.082419969,0.0,0.0,-0.26075312500000003,0.007392943610928939,0.2608579073221665,0.2795,1.071464548915552,0.03125,0.4275865893704439,0.0017519809375000014,0.0,0.0,2.3840453124999996,4.95556152790509,5.499205588892476,14.343,2.6081949052733338,0.875,0.5330543715906734,787.432047454375,0.0,0.0
W6,nuaa,1089.7656,1120.9506,0.23520895893049512,high_wear,271.17115624999997,173.80395180806616,322.0894435495558,689.03,2.1392504901949314,1.0,0.5165173189376989,1020560.510411719,0.0,0.0,-0.26275625,0.007036664581852686,0.2628504547504151,0.2795,1.0633422729490585,0.46875,0.4432619524257412,0.0015845137500000005,0.0,0.0,3.0292625,4.296879828597287,5.2573384478567196,14.343,2.7281865419654063,0.3125,0.5229709615904434,593.3726726153126,0.0,0.0
W6,nuaa,1105.6056,1136.4804,0.23807137361859715,high_wear,245.601875,185.48942727050678,307.7768812511041,660.32,2.1454502928089285,0.78125,0.4758437200668941,1157295.3588545,0.0,0.0,0.24439687500000004,1.7760064178488304,1.7927433248376634,6.9465,3.874787820297153,0.03125,0.4453056625038329,102.09953893093753,0.0,0.0,2.8444593749999996,3.9890433383879285,4.89932810613481,11.591,2.365834610155228,0.875,0.526114117483188,509.5821644149999,0.0,0.0
W6,nuaa,1121.4455999999998,1152.3203999999998,0.24089388387365035,high_wear,115.06256250000001,210.15382741955915,239.5913697697733,502.42,2.0969870512564053,0.03125,0.48128523393517947,1436838.1478546562,0.0,0.0,0.9486375,3.999567048072985,4.1105291239009,10.143,2.467565535790262,1.0,0.545603757465419,539.82586156625,0.0,0.0,2.386540625,4.8635593355624955,5.417544237503972,11.591,2.139530291189708,0.875,0.5502209700513656,775.8936436684374,0.0,0.0
W6,nuaa,1136.9753999999998,1168.1604,0.2437334620371187,high_wear,12.3360625,179.0556024858161,179.48004685636369,473.71,2.6393463134044417,0.8125,0.5697797667675376,1032338.214850375,0.0,0.0,0.8828796874999998,4.941843495826598,5.020089011147487,10.143,2.0204821025039004,0.84375,0.5646797763253323,784.0958950950003,0.0,0.0,1.4387093750000002,5.0338571264277165,5.235418057328373,10.896,2.0812091566877116,0.84375,0.5646452533903167,813.63520928,0.0,0.0
W6,nuaa,1152.8154,1184.0004,0.24665954579869964,high_wear,23.999500000000005,175.829114313799,177.4594416778803,502.42,2.8311821295593815,0.65625,0.5302366042189884,990481.5492157813,0.0,0.0,1.36801875,4.291255048273866,4.504036544000004,11.066,2.4569072412925763,0.84375,0.5290463491471462,601.6274047340626,0.0,0.0,1.9389109374999998,4.370390698929173,4.781180867196277,11.82,2.4721926085451233,0.84375,0.5297180798819021,623.90690687125,0.0,0.0
W6,nuaa,1168.6554,1199.8403999999998,0.24960148675736127,high_wear,36.7840625,156.1582465254472,160.43212026245322,502.42,3.1316671448216473,0.90625,0.5357990339830122,791157.4933904062,0.0,0.0,1.677453125,3.9274383940891084,4.270669891941719,12.178,2.8515432726323655,0.90625,0.4822790232912246,495.3198189109375,0.0,0.0,2.2532703124999998,4.007393390997745,4.597437209077059,12.922,2.8106963537179244,0.90625,0.48271238816023637,515.7056137775002,0.0,0.0
W6,nuaa,1184.4954,1215.6804,0.2524847115631901,high_wear,30.055249999999997,153.4302104614668,156.34624247103767,459.35,2.9380303148960696,0.6875,0.5456690718725553,777268.5962310312,0.0,0.0,2.111428125,3.9228580276561735,4.45499089024742,12.178,2.7335633899183263,0.875,0.5100616724287024,493.2322335696876,0.0,0.0,2.6808421875,4.008664950329656,4.822479602681721,12.922,2.67953440234651,0.875,0.5102087333786287,514.9968723131251,0.0,0.0
W7,nuaa,0.0033,31.1883,0.06975891479660123,low_wear,14.802968750000003,186.16354970058995,186.75115828539725,617.26,3.3052539307771767,0.03125,0.5169971922393105,1145241.8240230938,0.0,0.0,1.417390625,4.659761921584579,4.870562323765861,12.904000000000002,2.649386075409622,0.15625,0.4574527730383545,695.9207718825,0.0,0.0,2.0276218750000004,4.7414441659249755,5.156795831382361,13.739,2.664251300466368,0.15625,0.45681830943855795,720.5406263025001,0.0,0.0
W7,nuaa,15.8433,47.0283,0.07130251799629359,low_wear,86.80151562500001,164.63958151814074,186.12010884712492,488.06,2.6222851631839634,0.65625,0.5184104018550232,885145.9122324374,0.0,0.0,1.12795625,4.297805254642879,4.443356311252789,10.989,2.473130496460611,0.15625,0.5376698913404283,612.0263483699999,0.0,0.0,1.7325078125,4.3763529590610855,4.70680874294423,11.803,2.5076438505586953,0.15625,0.5376812166064288,634.89423195875,0.0,0.0
W7,nuaa,31.6833,62.8683,0.073049550414854,low_wear,131.4360625,171.06107285830285,215.72512411153576,488.06,2.262416127978027,1.0,0.5516834071392153,1024526.958846,0.0,0.0,0.6544,3.906466905057881,3.9608992716695663,7.4727,1.886617024938927,1.0,0.5293461274440588,513.569596175,0.0,0.0,1.2432750000000001,3.984766104961494,4.174217727535903,8.2714,1.9815449360574486,1.0,0.5290567996713981,534.9648528853126,0.0,0.0
W7,nuaa,47.5233,78.38489999999999,0.07484773348150456,low_wear,117.305421875,186.25913888726416,220.12048705265232,488.06,2.217240232996837,0.1875,0.5434779709384407,1176499.2898716251,0.0,0.0,0.6448750000000001,4.2685668431424375,4.3170043618231375,8.254,1.9119739773703188,0.875,0.5129397571097951,585.31276072125,0.0,0.0,1.2160140625,4.3453682406121805,4.512307098006379,9.0264,2.000395762954173,0.875,0.5124771154548993,606.586170091875,0.0,0.0
W7,nuaa,63.3633,94.2249,0.07746616971718609,low_wear,85.45621874999999,173.47656542378684,193.3827398561755,488.06,2.5238033154509276,0.5,0.4994433504645485,969401.7534535,0.0,0.0,0.653628125,4.2597960460078355,4.309651039164888,9.8218,2.2790244292965403,0.9375,0.5645856435105435,585.7426543675,0.0,0.0,1.2173078125,4.326343031588019,4.494338921058775,10.547,2.346730005291933,0.9375,0.5642759056259793,604.344506319375,0.0,0.0
W7,nuaa,78.87989999999999,110.0649,0.07960059799432259,low_wear,107.66140625,162.6045520371738,195.0159448325636,387.58,1.9874272349000366,0.96875,0.5048240226057757,870840.3709847188,0.0,0.0,1.4593984375,4.417034661522513,4.651885531746106,10.173,2.1868551860478647,0.9375,0.5619155829523383,624.670333405625,0.0,0.0,2.040534375,4.483482723641673,4.92599206949727,10.883,2.209301161361935,0.9375,0.5613274178232344,643.5666948234375,0.0,0.0
W7,nuaa,94.7199,125.9049,0.07999999676443813,low_wear,136.8190625,163.66916255245243,213.323816377825,574.19,2.6916357008306693,0.78125,0.5461048627591112,857434.8892378751,0.0,0.0,1.8579218750000002,4.061331409366759,4.46612656675922,10.173,2.2778127417427605,0.90625,0.5969508881456785,535.8757026146875,0.0,0.0,2.4655265625,4.122141930865637,4.803215103302553,10.883,2.265774021346069,0.90625,0.5963753126496026,552.14453103625,0.0,0.0
W7,nuaa,110.5599,141.7449,0.08000017597065587,low_wear,146.46365624999999,185.88987736058098,236.65723971019776,602.9,2.5475662639279086,0.75,0.5499110266970857,1135101.17304575,0.0,0.0,0.9363546875,3.969572896575654,4.078513096954729,10.024,2.4577584432631934,0.875,0.5888700898104631,535.40135912,0.0,0.0,1.5412671875000004,4.041358006059608,4.325283698950423,10.741,2.483305315349932,0.875,0.5885486481400289,555.3570311112501,0.0,0.0
W7,nuaa,126.3999,157.58489999999998,0.08051691536427227,low_wear,121.342828125,189.38614881271303,224.92486589855815,602.9,2.6804506366668672,0.9375,0.5259968904265248,1162277.0627070002,0.0,0.0,0.3657953125,4.5071182208823055,4.521937733721712,10.024,2.216748790070114,1.0,0.5534196522060787,693.1843283281249,0.0,0.0,0.9626609374999999,4.591337624389038,4.691172269456617,10.741,2.2896196053026507,1.0,0.5539865675324838,718.96501095875,0.0,0.0
W7,nuaa,142.2399,173.1708,0.08257755220863881,low_wear,100.035,192.03682101048355,216.5297712759437,502.42,2.3203275791564026,0.9375,0.530153838299274,1180203.4863260314,0.0,0.0,0.49984687499999997,4.708625481528844,4.73508192365771,9.277,1.9592058066935814,0.0625,0.4878651913406735,717.8406688625001,0.0,0.0,1.1051390624999997,4.800895105134601,4.926451680263265,10.045,2.038992900355252,0.0625,0.4890785072986123,746.42215729625,0.0,0.0
W7,nuaa,158.07989999999995,189.0108,0.08507466740298225,low_wear,75.36271875000001,214.96273122897583,227.79050725351243,502.42,2.2056230791077134,0.375,0.5528221225231269,1541799.6094582498,0.0,0.0,0.5307578125,4.856164799375014,4.8850834603125,10.825,2.2159293874802133,0.03125,0.5290039992001301,762.2119591000001,0.0,0.0,1.1123281250000001,4.956144901044206,5.0794336434107,11.504,2.264819428229676,0.03125,0.5293749503566955,793.5581202650001,0.0,0.0
W7,nuaa,173.6658,204.8508,0.08759111711182677,low_wear,97.343453125,208.3372685263706,229.95687709509392,502.42,2.184844421035665,0.03125,0.4959025970606658,1396385.7530675,0.0,0.0,1.3377296874999998,4.244577365985617,4.450388492329209,10.825,2.4323719195881925,0.03125,0.5384553671616629,596.89948332625,0.0,0.0,1.91760625,4.324062345102801,4.730193325264306,11.504,2.432035904020307,0.03125,0.5381887492978779,619.1757890790625,0.0,0.0
W7,nuaa,189.5058,220.6908,0.08957722404579377,low_wear,180.7805625,211.37877344864208,278.14132674320217,645.97,2.3224524293594127,0.375,0.5579514518660346,1432908.0989188752,0.0,0.0,1.9005125,3.685881786649736,4.147007632958071,10.924,2.6341885443330817,0.4375,0.4840869589433584,436.58053409625006,0.0,0.0,2.5029140625000004,3.754859989270039,4.512599289021932,11.695,2.591632726719414,0.4375,0.48480410681093694,453.158836911875,0.0,0.0
W7,nuaa,205.3458,236.5308,0.08999996152192688,low_wear,194.910984375,205.7143448043072,283.38786757427863,645.97,2.2794553822269235,0.75,0.5589765297811677,1356160.6650201876,0.0,0.0,1.6827609374999999,3.838743138369689,4.1913760574728025,10.924,2.6063039560775283,0.09375,0.48753173365145236,473.3737696681251,0.0,0.0,2.2929546875,3.910344088557365,4.533037843416239,11.695,2.5799475768740288,0.09375,0.48695031693615154,491.1010815812501,0.0,0.0
W7,nuaa,221.1858,252.3708,0.09000000000000002,low_wear,196.92976562500002,186.11955011830955,270.9646093595239,631.61,2.3309686142885218,0.96875,0.5594144249196145,1109274.6062857504,0.0,0.0,1.3262265625,3.609582876188838,3.8455123761543466,8.6132,2.2398055596985276,0.125,0.4645404030888683,418.448703264375,0.0,0.0,1.9305937499999999,3.6743585499238423,4.150675003049203,9.4235,2.270353615514882,0.125,0.46377911130433547,433.48700761,0.0,0.0
W7,nuaa,237.0258,268.2108,0.09000000000000002,low_wear,223.172203125,194.53487581048125,296.05683602015614,645.97,2.1819121243193353,0.96875,0.5471833079457143,1216992.6041178126,0.0,0.0,1.1621281250000002,4.178236016455866,4.336841937184822,11.276,2.6000486444566158,0.09375,0.4971369705250938,558.852640485,0.0,0.0,1.7587578124999999,4.257822995998244,4.606765210891613,12.046,2.6148499974602712,0.09375,0.4969311123299483,580.3282396637502,0.0,0.0
W7,nuaa,252.8658,283.78020000000004,0.09000000000000002,low_wear,175.397984375,200.86236330363545,266.66484941726833,645.97,2.4224040079208473,0.03125,0.5127076324693225,1394923.31414875,0.0,0.0,1.094184375,4.295772369006342,4.4329335312874365,11.276,2.5436880387252643,0.8125,0.5236625361654869,591.0129615975001,0.0,0.0,1.6816375,4.3664786143806715,4.679106770661469,12.046,2.5744229807983414,0.8125,0.5235146356687734,610.6449590003125,0.0,0.0
W7,nuaa,268.7058,299.6202,0.09000000000000002,low_wear,89.045171875,184.95186466226443,205.27112528628297,574.19,2.7972273216664134,0.65625,0.5058000055482251,1131336.188545,0.0,0.0,0.7378,4.123729551442177,4.189211650589822,10.969,2.618392412437699,0.75,0.5382985773094376,551.0300183549999,0.0,0.0,1.31596875,4.188409349841051,4.390278650930087,11.735,2.672951065990748,0.75,0.5382015754782806,568.5668987500002,0.0,0.0
W7,nuaa,284.2752,315.4602,0.09000000000000001,low_wear,27.588312500000004,189.7326569202765,191.72792203699754,674.68,3.5189449342167682,0.3125,0.4971104696357053,1157555.67665,0.0,0.0,1.6588000000000003,4.533387907514644,4.827341230946907,10.969,2.2722653061441807,0.125,0.4915259453687423,669.8628243412501,0.0,0.0,2.2612234375,4.6158194794756575,5.139933939400997,11.735,2.283103272990233,0.9375,0.49168451240162675,694.6479183475002,0.0,0.0
W7,nuaa,300.1152,331.3002,0.09000000000000002,low_wear,-9.644937500000001,181.78992321210998,182.04560143228883,674.68,3.7061043754520187,1.0,0.5182828276700853,1140477.738157656,0.0,0.0,1.3027296874999998,4.889931068586233,5.060487179533088,10.95,2.1638232864785785,0.96875,0.4895153039591272,767.2115125818751,0.0,0.0,1.9005796874999998,4.9787851264195115,5.329212369909248,11.678,2.19131818914525,0.96875,0.4897137960498945,795.2642018018751,0.0,0.0
W7,nuaa,315.9552,347.1402,0.09000000000000014,low_wear,2.0185625000000007,172.92731614312657,172.9390969764537,416.29,2.4071479918544934,0.40625,0.5409627212077662,983712.9410470002,0.0,0.0,0.7067656249999998,4.499132836767643,4.554307184584995,11.144,2.4469144368915647,0.9375,0.5224786168069747,652.8917434971875,0.0,0.0,1.2924406249999998,4.573877781582014,4.7529738827391,11.895,2.5026436697238923,0.9375,0.5227958565043321,674.7549907084375,0.0,0.0
W7,nuaa,331.7952,362.9802,0.0960952051998988,low_wear,24.22409375,167.55610527593797,169.29812501398237,401.93,2.3740959917116893,0.4375,0.5230860819261682,901518.39660725,0.0,0.0,1.5686828125,3.6678643131321444,3.9892348120637435,11.144,2.7935181870717947,0.40625,0.49651074878737045,431.54013382562493,0.0,0.0,2.1549109375000004,3.7205613680564555,4.299560214955856,11.895,2.766562021535062,0.40625,0.4973227275724663,444.0783105224999,0.0,0.0
W7,nuaa,347.6352,378.8103,0.1297813631306012,medium_wear,41.158,179.6463417545185,184.30081136495642,516.77,2.803948589117608,0.90625,0.5110662419689234,1040505.9643711251,0.0,0.0,1.986375,3.663125533995866,4.167034235333026,11.592,2.7818345963441735,0.9375,0.515590306277519,431.22984906999994,0.0,0.0,2.575728125,3.7152476345152943,4.520778733767834,12.281,2.7165673710742366,0.9375,0.5165473795129158,443.7047851559376,0.0,0.0
W7,nuaa,363.4752,394.6503,0.17545655669351673,medium_wear,79.287375,197.74667233793565,213.0498398382817,552.66,2.5940409080781466,0.96875,0.522567903613903,1253960.4843544713,0.0,0.0,1.6583078125000001,4.2827123454106415,4.592560270103295,11.592,2.524082280522641,1.0,0.5700011362882337,635.3434480825,0.0,0.0,2.2283156250000005,4.358592326199579,4.895172886694096,12.281,2.5087980106651244,1.0,0.5696217806151079,658.2573017875001,0.0,0.0
W7,nuaa,379.3053,410.4903,0.2165805498953786,high_wear,86.80135625,180.84581131671763,200.5983123499329,552.66,2.7550580736487675,0.9375,0.5735284130771436,1058752.0783096899,0.0,0.0,1.1985140624999997,4.339961753966963,4.502410907936574,9.755,2.1666169968637212,0.5,0.580224910208733,606.84584303875,0.0,0.0,1.745184375,4.42383281415204,4.755624593080545,10.509,2.2098043683453574,0.5,0.5792442651866254,630.4150047234374,0.0,0.0
W7,nuaa,395.1453,426.3303,0.2398101511325642,high_wear,95.99752187499999,162.52185540466786,188.7561328548476,452.18,2.3955777921543024,0.8125,0.5631710776310699,846315.8298029377,0.0,0.0,1.4772656249999998,4.102387076722022,4.360263002854587,9.417,2.159732106488727,0.5,0.5006341349549227,538.6427472175001,0.0,0.0,2.0356375,4.169471225448588,4.639861024993098,10.051,2.166228674923502,0.5,0.5001560795630076,556.4105155703126,0.0,0.0
W7,nuaa,410.9853,442.1703,0.23999999999999988,high_wear,70.65244687500001,175.43895219376432,189.13115606972488,452.18,2.390827663704968,0.90625,0.5354119574912587,989444.2617432348,0.0,0.0,1.9144734374999999,4.3812243928368,4.781248343610825,11.227,2.3481315324276397,0.28125,0.4800777923112007,614.25128027625,0.0,0.0,2.4774171875000004,4.458644190031129,5.100696416590459,11.938,2.340464717949223,0.28125,0.47974430900646436,636.149335485625,0.0,0.0
W7,nuaa,426.8253,458.0103,0.2400490462139529,high_wear,28.260681249999998,169.7339205109048,172.07053750342112,394.76,2.294175433677316,0.5,0.519132354617559,935532.7432695138,0.0,0.0,1.9798921875000002,4.550485652663374,4.962549017311441,11.983,2.4146864762843245,0.3125,0.5108712514696613,683.8897531281251,0.0,0.0,2.53565,4.644825000706431,5.291873034161675,12.72,2.4036857872224195,0.3125,0.5105777011296398,712.3686759553125,0.0,0.0
W7,nuaa,442.6653,473.8503,0.2413771895894679,high_wear,46.65251875,174.55968457257936,180.68630546833785,380.4,2.1053062046623037,0.28125,0.48731619904891443,976723.04733902,0.0,0.0,1.0588390625000001,4.441693546723521,4.566156121211938,11.983,2.624307991646046,0.34375,0.5023856661924367,643.9654081900001,0.0,0.0,1.5994843749999998,4.524845494503747,4.799226710106535,12.72,2.6504269892508656,0.34375,0.5018561031020421,668.4498993521876,0.0,0.0
W7,nuaa,458.5053,489.6639,0.2438457978640928,high_wear,34.204462500000005,175.50138671991624,178.80347310812365,423.47,2.3683544432267536,0.3125,0.5183093974575527,994085.5984731363,0.0,0.0,0.16311718750000004,4.421451391990625,4.424459247025985,11.972,2.705867391150069,0.8125,0.48546346743605384,625.757958443125,0.0,0.0,0.691746875,4.495113437666533,4.5480279854638646,12.689,2.7900004222832013,0.8125,0.48598365744807615,646.8182360474999,0.0,0.0
W7,nuaa,474.3453,505.5039,0.24626027675402512,high_wear,51.92415625,189.10944085099396,196.10838488256945,531.13,2.7083492647091196,0.59375,0.5171085607307074,1150095.69587675,0.0,0.0,0.056018750000000006,4.195148212067237,4.195522210829362,8.8651,2.1129908398810655,0.9375,0.501369451141984,563.21830984,0.0,0.0,0.5820921874999999,4.268181292545188,4.307691128758102,9.6002,2.2286184670737326,0.9375,0.5024561355066847,583.008308645625,0.0,0.0
W7,nuaa,490.1589,521.3439,0.2487070433325983,high_wear,113.26840625000001,197.33149105057007,227.52900741368396,545.48,2.3974086038543234,0.9375,0.5394294100292061,1292050.0237857187,0.0,0.0,1.4317609375,3.820466693171185,4.079939354424432,10.514,2.576999089115931,0.03125,0.5455977467178169,468.227985881875,0.0,0.0,1.97689375,3.8805778938546562,4.355111214316174,11.197,2.5710020821496102,0.03125,0.5458877655346961,483.0366650465626,0.0,0.0
W7,nuaa,505.9989,537.1839,0.24996442106715097,high_wear,155.21135937500003,195.16238822847689,249.35702087183773,545.48,2.187546186158363,1.0,0.6046493177284105,1361788.6508135,0.0,0.0,2.110346875,3.907765534922449,4.441193016380846,10.514,2.367381908694416,0.875,0.5307503034437555,504.9207434425,0.0,0.0,2.6687578125,3.969626318638376,4.783325346597935,11.197,2.340840145436415,0.875,0.5306790931587616,520.98154901,0.0,0.0
W7,nuaa,521.8389,553.0239,0.2500006131815888,high_wear,155.436140625,196.02943454681963,250.17580422802808,559.84,2.2377863507924287,0.96875,0.5803502070886825,1237345.5734442503,0.0,0.0,1.57455625,4.077991953112272,4.371412329449431,10.392,2.37726373464954,0.5,0.5000363584191692,543.8727828365625,0.0,0.0,2.1379171875000003,4.140087801588373,4.65950822571103,11.057,2.3729972057969118,0.5,0.5002121348339729,560.429955018125,0.0,0.0
W7,nuaa,537.6789,568.8639,0.2506222611239689,high_wear,126.72637499999999,187.79188109817375,226.55102014122835,559.84,2.4711431431692716,0.53125,0.5389331210994408,1167182.057217,0.0,0.0,1.1185921875,4.067245424512788,4.2182619436393765,9.1478,2.168618289291817,0.125,0.4593266787217895,536.0096987212501,0.0,0.0,1.6688703125,4.134489847258958,4.458602294108688,9.7557,2.1880623918600137,0.125,0.45912447303867404,554.1114944825,0.0,0.0
W7,nuaa,553.5189,584.2848,0.252754387889328,high_wear,102.05392187499999,179.00669451904452,206.05436091649003,416.29,2.02029211198648,0.53125,0.4898413372093877,1025583.4314236876,0.0,0.0,1.2189515625,4.186794170774945,4.360629351384528,11.501,2.637463327707125,0.46875,0.511589753958155,567.2325339137501,0.0,0.0,1.7647640624999998,4.267040821275002,4.617578322748706,12.195,2.6409947265909466,0.46875,0.5114625399720167,589.0879522381249,0.0,0.0
W7,nuaa,569.3589,600.1248,0.255216932421899,high_wear,93.75475000000002,184.59972431859157,207.0435011442342,631.61,3.050614950526735,0.15625,0.5070912993313823,1092551.9423720315,0.0,0.0,2.115346875,3.9963246179289835,4.521648245212966,12.091,2.674024900720804,0.21875,0.5523743962091269,521.901379825,0.0,0.0,2.6666359374999997,4.056431730727419,4.8544397832519,12.785,2.6336715606420733,0.21875,0.5528788493771672,537.602066291875,0.0,0.0
W7,nuaa,584.7798,615.9648000000001,0.2577353537278161,high_wear,87.02565625,181.30677446701168,201.11094279868263,631.61,3.1406048383565994,0.375,0.5293800074580371,1147750.7686173439,0.0,0.0,1.9892453125,3.819455060809137,4.306429364896601,12.091,2.8076624450312577,0.96875,0.5168489247556914,467.86591613250005,0.0,0.0,2.5306359374999996,3.867484901084262,4.621856521819046,12.785,2.7662044331415436,0.96875,0.5168386657073865,479.75679024125003,0.0,0.0
W7,nuaa,600.6198,631.8048,0.25965115353881346,high_wear,93.754578125,162.6233065834012,187.71324077836283,545.48,2.905921807849774,0.4375,0.5101278391276918,857107.0635980627,0.0,0.0,1.426503125,4.400321166722121,4.625768858896595,11.143,2.4088968428608406,0.5,0.5333258576987719,625.8823518375,0.0,0.0,1.9712625000000001,4.477412769512517,4.89214686538538,11.85,2.4222494389621136,0.5,0.5328281646594597,647.667743975,0.0,0.0
W7,nuaa,616.4598000000001,647.6448,0.2599999922859485,high_wear,67.96101562499999,192.97775106986848,204.59499518015005,545.48,2.6661453742780648,0.5625,0.49230072067823305,1191733.473489875,0.0,0.0,1.6327734375,4.70746561197086,4.982587840278759,11.394,2.2867634982552647,0.5,0.48084502859119627,710.0103109425,0.0,0.0,2.1814578124999997,4.795580375160703,5.268429492965029,12.136,2.3035327731357675,0.5,0.48040491699223375,736.77020911125,0.0,0.0
W7,nuaa,632.2998,663.4848000000001,0.26016128719717363,high_wear,70.652765625,186.02986277491698,198.9947816765948,545.48,2.741177408795126,0.5625,0.5022712000845447,1107506.3965198123,0.0,0.0,2.0033125,4.513670932445812,4.938267536197538,11.394,2.3072869010198205,0.25,0.5068586032124742,655.31671229,0.0,0.0,2.57068125,4.591164165065973,5.261861883372415,12.136,2.306407934869973,0.25,0.5062909517226041,677.9368770015624,0.0,0.0
W7,nuaa,648.1398,679.3248000000001,0.26579551539188706,high_wear,106.091125,170.95563214613426,201.19929166438436,401.93,1.997671048814872,0.6875,0.4871511279063333,935356.9568657813,0.0,0.0,2.0106765625,5.242290620632304,5.614662161711625,13.204,2.3516998208801887,0.6875,0.5141092396905641,884.7591041193749,0.0,0.0,2.5805890625,5.338753056019881,5.929732211715488,13.94,2.3508650141836873,0.6875,0.5140748634146021,917.4958831281249,0.0,0.0
W7,nuaa,663.9798000000001,695.079,0.27597014383904767,high_wear,94.427875,190.29940326114234,212.43937125345317,416.29,1.959570853292258,0.34375,0.4990986325357354,1159695.2702477812,0.0,0.0,2.470434375,4.788962664235686,5.388618505760544,13.204,2.45034974843453,0.40625,0.4805847909295318,733.9010850934375,0.0,0.0,3.029428125,4.880920408189831,5.744633913107519,13.94,2.4266124196692727,0.40625,0.4813681128306323,762.3556246275001,0.0,0.0
W7,nuaa,679.8198000000001,710.919,0.2861407323225936,high_wear,103.62371875,185.96375916723235,212.88587273745406,473.71,2.225182882775001,0.40625,0.5033680742715513,1112436.3996034686,0.0,0.0,2.8717187500000003,3.812440160672812,4.77299366831892,10.73,2.2480649977017837,0.625,0.518709143105095,476.29377503,0.0,0.0,3.443559375,3.884261892670165,5.190914333718098,11.464,2.2084741267129866,0.625,0.5185427409070325,494.25462656750005,0.0,0.0
W7,nuaa,695.574,726.759,0.2957817960084177,high_wear,156.33265625,191.92176039528604,247.53557627825188,602.9,2.4356094952682157,0.09375,0.483289824091278,1181947.109248344,0.0,0.0,2.1540625,4.623163548152796,5.100355521615626,20.875,4.0928519416990525,0.59375,0.5697072967479837,716.0197493799999,0.0,0.0,2.7277609375000003,4.714613856988223,5.446858135903326,21.992,4.037556964268681,0.59375,0.5700736476195122,744.27597291625,0.0,0.0
W7,nuaa,711.414,742.599,0.29997697933015843,high_wear,196.03282812499998,180.51170723854335,266.48329432228843,602.9,2.2624307521162836,0.1875,0.5054256593180725,1055743.5437311875,0.0,0.0,1.5181046875,4.58941993905649,4.833985645326096,20.875,4.318382703553063,0.8125,0.5424032421861279,692.5294990525001,0.0,0.0,2.086353125,4.6790891965934716,5.123157724672841,21.992,4.2926650284623795,0.8125,0.5423656271861612,719.6756651100001,0.0,0.0
W7,nuaa,727.254,758.439,0.30000000000000016,high_wear,184.369421875,148.75112613699818,236.89445170697198,488.06,2.060242426461337,0.84375,0.5716474824051222,713856.3951071874,0.0,0.0,1.00821875,4.610452601828907,4.719404437168158,11.793,2.498832248222468,0.9375,0.5298522012570976,683.3012902187502,0.0,0.0,1.5627375000000001,4.6806436161500535,4.9346299917331695,11.451,2.3205387271555318,0.9375,0.529485107855056,704.2586011528124,0.0,0.0
W7,nuaa,743.094,774.279,0.30000000000000016,high_wear,174.05196875,135.93294584221582,220.84350475188023,473.71,2.1450030895507552,0.40625,0.5096622045562242,592376.8140125001,0.0,0.0,0.49951249999999997,4.536012788765453,4.563433439582526,11.793,2.584238415248772,0.28125,0.547489575780502,672.9292648462499,0.0,0.0,1.0384859375,4.610117290057108,4.725635880013265,11.451,2.4231659591952854,0.28125,0.5470841864656107,694.7559472150001,0.0,0.0
W8,nuaa,0.0033,31.1883,0.0698741889666725,low_wear,160.81803125000002,163.26913159936348,229.1707845872511,466.53,2.0357306924625913,0.28125,0.48514615591551713,877372.7836969338,0.0,0.0,1.7426140625,3.6553904215156683,4.049516379091613,9.5089,2.3481569426650983,0.5,0.5006050829417134,432.07859491000005,0.0,0.0,2.43696875,3.721488082947927,4.448403111229916,10.279000000000002,2.3107168444448853,0.5,0.5017097181370896,447.82304933656246,0.0,0.0
W8,nuaa,15.8433,47.0283,0.07246365984058473,low_wear,159.696984375,165.38184619278164,229.9005912750158,480.89,2.09173015751291,0.90625,0.4973354239197682,877097.8047450727,0.0,0.0,1.7234921874999998,4.419177388252843,4.743369489004493,10.147,2.1391966245770124,0.34375,0.4999445170030828,636.2333894906251,0.0,0.0,2.4209734375,4.4930096146069705,5.1037484050481225,10.956,2.1466575407916677,0.34375,0.501030056225604,657.3350492806251,0.0,0.0
W8,nuaa,31.6833,62.8683,0.07509425127894293,low_wear,203.65858437499998,180.96902348841812,272.4456027393003,653.14,2.397322597366276,0.1875,0.48814608728030506,1065405.4186757298,0.0,0.0,1.3407328124999998,4.506374661627081,4.701593034862626,10.147,2.1582046605819176,0.75,0.49436816330775246,666.81278352625,0.0,0.0,2.0271734375,4.586866665690827,5.014855726193052,10.956,2.1847089125168258,0.75,0.49404251397120846,690.046239414375,0.0,0.0
W8,nuaa,47.5233,78.70830000000001,0.07776366337071042,low_wear,228.330625,189.28016699884162,296.5836407019106,653.14,2.202211822790509,0.1875,0.5445275629930154,1176240.1964595001,0.0,0.0,0.9300234375,3.738363124615095,3.8523113121580983,9.7203,2.523238443716171,0.71875,0.5369277401734629,449.96272545687503,0.0,0.0,1.5799328125,3.8057550263981246,4.120674582270329,10.491,2.5459423670917185,0.71875,0.5367406274859629,466.14558582374997,0.0,0.0
W8,nuaa,63.3633,94.54829999999998,0.080467934878028,low_wear,182.12627500000002,193.33866570710026,265.6121603066725,638.79,2.404972721363589,0.03125,0.4914767898749319,1220908.5614151114,0.0,0.0,0.8623328125,3.543396399733184,3.6468172322117067,9.2307,2.5311660585748093,0.46875,0.5354639356654156,403.98891963875,0.0,0.0,1.501259375,3.6027721663636476,3.9030432989847808,10.126,2.5943857713886675,0.46875,0.5347187686905437,417.72845427500005,0.0,0.0
W8,nuaa,79.2033,109.9857,0.0831763951648093,low_wear,134.464275,186.25470684581538,229.7203888937511,480.89,2.0933709990470994,0.34375,0.4526425149385649,1112250.6123807111,0.0,0.0,1.2657953125,4.316697700044767,4.498457158484312,10.132,2.2523277743993955,0.375,0.43954864138561295,596.3118268275,0.0,0.0,1.9203312499999998,4.390331829887512,4.7919396580351465,10.959,2.2869653589280694,0.375,0.4373596387525014,616.80908057375,0.0,0.0
W8,nuaa,95.0433,125.8257,0.08589771512274286,low_wear,129.53003125,181.27556953287382,222.79780318731545,617.26,2.770494103485588,0.625,0.5520662502312921,1056154.74750375,0.0,0.0,1.0842874999999998,4.394637215989079,4.5264241563084315,10.132,2.238411525327147,0.21875,0.49692178905532597,621.5434416778124,0.0,0.0,1.7326171875000003,4.466519375292224,4.7907992702973115,10.959,2.2875097414214762,0.21875,0.497060733609585,642.454451184375,0.0,0.0
W8,nuaa,110.4807,141.6657,0.08866011996185078,low_wear,163.286421875,169.4971884401594,235.35452504224213,617.26,2.6226816751843303,0.71875,0.509749787256296,925525.7121707501,0.0,0.0,1.1510859375,3.6238097788647785,3.802235677717289,8.1243,2.136716576411041,0.75,0.5595428815398845,423.3875011662501,0.0,0.0,1.8103953124999999,3.678122342073368,4.0995262105249735,8.8574,2.1605911378880407,0.75,0.5594666701053366,436.25802925874996,0.0,0.0
W8,nuaa,126.3207,157.5057,0.09144185950021796,low_wear,223.62134375,150.998729205561,269.8279481489084,531.13,1.9684024714403876,0.0625,0.4775483571997308,750176.7444722189,0.0,0.0,1.5066359375,3.1674926099641096,3.50755773756381,8.06,2.297895174663072,0.15625,0.523783928162466,326.09340021875,0.0,0.0,2.1794953125,3.208120115008442,3.878431962730718,8.8362,2.278291867669796,0.15625,0.5243088147091439,334.509726293125,0.0,0.0
W8,nuaa,142.1607,173.34570000000002,0.09422693905148244,low_wear,218.238046875,173.95391107914813,279.08387320579254,803.87,2.880388575542083,0.9375,0.5183445881329265,970767.605652375,0.0,0.0,0.8394953124999999,3.8235362864610396,3.914611361756586,8.3279,2.127388706158319,0.15625,0.4808916878216196,480.99707176312495,0.0,0.0,1.4968203125000001,3.873715817176533,4.152847851794747,9.1652,2.2069674418818526,0.15625,0.48055205600369544,493.4283450118751,0.0,0.0
W8,nuaa,158.0007,189.1857,0.09700898491386992,low_wear,192.892921875,162.48316159743143,252.20717101655114,803.87,3.187339982284825,0.75,0.563103608371893,872032.015391,0.0,0.0,-0.023026562500000125,4.219457127264796,4.219519957460356,8.432,1.9983315839262081,0.0625,0.5042825519455634,571.445602520625,0.0,0.0,0.61824375,4.2723774801725956,4.316877884246901,9.1742,2.125193310072166,0.0625,0.50303741906327,585.81755806,0.0,0.0
W8,nuaa,173.8407,204.7881,0.09977353390315974,low_wear,177.86540625,161.28521554693864,240.10211055819562,645.97,2.6903970085820244,0.96875,0.496922818023592,833265.0808962502,0.0,0.0,-0.3055156249999999,3.8703182597744283,3.8823579470551786,8.432,2.1718759874770917,0.78125,0.48950680873694435,479.36610282718755,0.0,0.0,0.3336203125,3.920049562273563,3.934220517916319,9.1742,2.331897756676571,0.78125,0.4878949656217987,491.77230371250005,0.0,0.0
W8,nuaa,189.6807,220.6281,0.10249706339762792,low_wear,96.67103125,200.3785358377963,222.47886620404535,645.97,2.9035117403356057,0.5,0.4508185385719409,1310004.6403859688,0.0,0.0,0.24713750000000004,3.4630705675428053,3.4718776907730344,6.6027,1.9017663028704992,0.34375,0.5154373978551936,393.30057072531247,0.0,0.0,0.8770703125,3.5123243781130755,3.6201760827556786,6.2898,1.7374293007350634,0.34375,0.5142860948008745,404.64625619937505,0.0,0.0
W8,nuaa,205.2831,236.4681,0.1051743860528167,low_wear,95.325625,186.56810397693081,209.51045845777605,588.55,2.8091676393262923,0.09375,0.4453254155042446,1113923.9142895,0.0,0.0,1.156696875,4.97785964572026,5.110482786696869,26.112,5.109497691289034,0.9375,0.5747374094015821,795.419397605,0.0,0.0,1.78488125,5.068538701017379,5.3736287218519765,27.236,5.068455862840732,0.9375,0.5747084711360344,824.6754690290625,0.0,0.0
W8,nuaa,221.1231,252.3081,0.10777946121897138,low_wear,196.930484375,161.44156077926002,254.6468009282968,617.26,2.423984898886703,0.0625,0.5127466011757554,882767.7700163751,0.0,0.0,1.5398203124999998,5.039547064040691,5.2695427890348085,26.112,4.955268615397804,0.90625,0.5622400139683811,813.6675642643751,0.0,0.0,2.170609375,5.128033927915221,5.5685076119807455,27.236,4.891077088841766,0.90625,0.5620653988443315,842.4460365684373,0.0,0.0
W8,nuaa,236.9631,268.1481,0.1102897833015305,low_wear,202.76160937499998,197.45230272473538,283.0188723170959,861.29,3.0432246194345867,1.0,0.5077061008640698,1345019.7319963123,0.0,0.0,1.0018171875,4.292629188488197,4.4079817407778865,8.8458,2.006768748193354,0.6875,0.5163887641004419,590.3200294112502,0.0,0.0,1.64051875,4.372147957164297,4.669794377532859,9.6381,2.0639238520587693,0.6875,0.5161439634158919,612.5338350515624,0.0,0.0
W8,nuaa,252.8031,283.9881,0.11281129467814505,low_wear,193.11706249999997,193.92183132256176,273.67841802401045,861.29,3.147087761682534,0.15625,0.49770200360473077,1229347.8386446561,0.0,0.0,0.8258515625,4.349856214756995,4.4275591348217755,8.8458,1.997895393520492,0.625,0.5146484255388885,609.8577743625001,0.0,0.0,1.47154375,4.442679106437177,4.680046864181757,9.6381,2.0594024546557805,0.625,0.5146863353914266,635.7952745440626,0.0,0.0
W8,nuaa,268.6431,299.82809999999995,0.11558646365035241,low_wear,194.68704687500002,164.0602516748258,254.59538959006235,531.13,2.086172891249919,0.28125,0.4879528460972951,872663.7001261874,0.0,0.0,1.5758109375000002,3.8528219455889237,4.162621416265987,9.2243,2.2159834098663986,1.0,0.5234831052765577,542.2548433899999,0.0,0.0,2.2241875,3.925822349222676,4.51210495808913,10.016,2.219806518916121,1.0,0.5245482629658944,562.9326177428125,0.0,0.0
W8,nuaa,284.4831,315.1896,0.11892200695946954,low_wear,164.18310937500002,207.63186492075926,264.7018789780602,617.26,2.3319063785382554,1.0,0.5205679276234159,1485055.17316825,0.0,0.0,2.0969453125000004,3.920842838198571,4.446367979089085,10.378,2.3340398385394345,0.96875,0.5710908952337327,492.17649377624997,0.0,0.0,2.7500125,3.990025616322062,4.845913037711521,11.277,2.3271156358442524,0.96875,0.5703289209308621,509.69149721625,0.0,0.0
W8,nuaa,300.32309999999995,331.0296,0.1233329613154105,medium_wear,153.86546875000002,212.27281225722894,262.17232748184927,703.39,2.682929990193939,0.25,0.5077700572802898,1462833.5280620002,0.0,0.0,1.4141468750000001,4.959016420715678,5.156709730535548,16.736,3.2454803303931343,0.90625,0.5339992245508834,802.9575110574999,0.0,0.0,2.0440390624999996,5.058868596973326,5.456211796701879,17.732,3.249873843005595,0.90625,0.5341819017210692,835.8833741975001,0.0,0.0
W8,nuaa,315.6846,346.8696,0.12899998852606326,medium_wear,133.679015625,179.43322880126362,223.75514031305656,703.39,3.1435702393959963,0.90625,0.5192581845705261,1042187.4225678125,0.0,0.0,0.8445749999999999,4.588977161532023,4.666049541066565,16.736,3.5867600317365014,0.6875,0.5112213208680401,674.1329846012502,0.0,0.0,1.4640640624999999,4.675739330755858,4.899594051376221,17.732,3.6190753385006156,0.6875,0.5123693828318724,699.9417543506249,0.0,0.0
W8,nuaa,331.5246,362.7096,0.1346352065622923,medium_wear,137.044015625,172.42454616789016,220.25277827947625,531.13,2.4114565280355063,0.90625,0.48044325743721233,956970.7783595,0.0,0.0,0.002196874999999987,4.2693333625538346,4.269333927777845,9.5128,2.2281695835751454,0.34375,0.49652194060041077,583.9676617846875,0.0,0.0,0.6154546875,4.341770205404764,4.385174225604525,9.1009,2.075379342253016,0.34375,0.49585032901290366,603.789815234375,0.0,0.0
W8,nuaa,347.3646,378.5496,0.13830453695770473,medium_wear,156.109109375,184.39938635024635,241.60543809319176,502.42,2.079506173226975,0.625,0.4910746653660823,1094288.3228091253,0.0,0.0,0.5216234375,5.013263368609755,5.0403274311887465,11.148,2.211761071516494,0.65625,0.5201218248201073,807.618898775625,0.0,0.0,1.1538296875,5.105933179084397,5.2346801790588176,11.944,2.2817057759863952,0.65625,0.5190336467875876,837.768469279375,0.0,0.0
W8,nuaa,363.2046,394.3896,0.1396211952517648,medium_wear,127.847890625,187.69149571313804,227.0972934675728,502.42,2.2123557367351037,0.84375,0.5048493703708821,1133094.8500911877,0.0,0.0,1.09670625,4.477544625017536,4.609899181957508,11.148,2.4182741443959754,0.65625,0.5399161198976418,649.0565096865625,0.0,0.0,1.7367875,4.5584641832015365,4.87811710905832,11.944,2.448485703186755,0.65625,0.5402755821063305,672.89534655625,0.0,0.0
W8,nuaa,379.0446,409.9293,0.13972243001827972,medium_wear,99.13820312500002,180.6645924567626,206.07784521006104,502.42,2.4380107404940543,0.75,0.5168616450932678,1045919.1608872501,0.0,0.0,0.154653125,4.22859674895854,4.231423880252958,10.157,2.400374031871467,0.40625,0.5263383543464752,576.0205660096875,0.0,0.0,0.7622671875,4.305339739499903,4.372299342183269,10.925,2.4986852786123968,0.40625,0.5269765105019372,596.9028730893749,0.0,0.0
W8,nuaa,394.8846,425.7693,0.13971970434219722,medium_wear,40.372984375,194.4851339940193,198.63143057435707,559.84,2.8184864720612564,0.65625,0.48847405428065377,1211831.9711614375,0.0,0.0,-0.06534531250000003,4.3662463140526135,4.366735266173547,10.037,2.298513509108409,0.09375,0.5424685484075912,612.5640014231251,0.0,0.0,0.543425,4.4371750994791155,4.470328130469004,10.8,2.4159300357369786,0.09375,0.5424761820939831,632.6512905428125,0.0,0.0
W8,nuaa,410.4243,441.6093,0.14024309533521073,medium_wear,-4.037140624999998,188.62878543773374,188.67198308212224,559.84,2.967266209081618,0.5,0.5182564791208234,1150492.1984900627,0.0,0.0,0.5120984375000001,4.168188072828086,4.199528142560334,10.015,2.384791733743243,0.09375,0.5106233359274774,563.3443654793749,0.0,0.0,1.155884375,4.238596316486256,4.393377678108268,10.8,2.45824529355062,0.09375,0.5108986223315893,582.8026719921876,0.0,0.0
W8,nuaa,426.2643,457.4493,0.14148379742435746,medium_wear,15.252453124999999,170.8103843687981,171.49001351258585,430.64,2.5111666340174077,1.0,0.5609937790531129,1029482.4319995625,0.0,0.0,0.918209375,4.053238301759423,4.155941432117096,11.32,2.7238112434691915,0.34375,0.5008842557448806,527.3075544884375,0.0,0.0,1.5652296875,4.11842752321349,4.405835816118634,10.906,2.475353248548366,0.34375,0.5006179744494689,544.3975405562501,0.0,0.0
W8,nuaa,442.1043,473.2893,0.14324470985696403,medium_wear,30.279859374999994,166.8673751014435,169.5924254116782,445.0,2.6239379436893007,0.875,0.5937279840658621,947327.00449175,0.0,0.0,1.20100625,4.296376228029086,4.461083355566504,11.32,2.5375002208544246,0.875,0.5350138132340829,632.1302563640626,0.0,0.0,1.8423781250000002,4.3634897136448005,4.7364965572205895,11.188,2.3620834228084395,0.875,0.5345732077429455,653.3481619959374,0.0,0.0
W8,nuaa,457.9443,489.1293,0.14523404688818903,medium_wear,42.16723437500001,160.52924246474362,165.97503830739316,445.0,2.6811260568944117,0.46875,0.5297191416688406,832974.354515875,0.0,0.0,1.282403125,3.7187771595213572,3.9336829228075185,10.38,2.6387485223622615,0.4375,0.5270971398922232,443.3115441909375,0.0,0.0,1.9367734375,3.774192396073057,4.242124419531003,11.188,2.63735781734495,0.4375,0.5275644286090945,456.878710940625,0.0,0.0
W8,nuaa,473.7843,504.5172,0.1472724840799996,medium_wear,39.700125,168.95012025849337,173.5518454536713,387.58,2.2332231558059825,0.46875,0.5559972997718355,936982.6390140313,0.0,0.0,1.29166875,3.635898678450891,3.858518803853041,8.7507,2.267890982223988,0.09375,0.48457380636667485,426.6953391765626,0.0,0.0,1.94005625,3.6765716836848754,4.15704192887653,9.4929,2.2835709050847903,0.09375,0.483269138575183,435.7068837890626,0.0,0.0
W8,nuaa,489.6243,520.3572,0.14929033222496763,medium_wear,4.037390624999998,184.18938633387793,184.233630374884,387.58,2.1037418587005035,0.8125,0.5857509317918786,1127873.2995698126,0.0,0.0,1.1595875,4.323709247296382,4.476505872364349,10.514,2.3487068485507954,0.4375,0.52426256987806,614.3209039303125,0.0,0.0,1.798978125,4.387353311061691,4.741855266698099,11.311,2.385353277110079,0.4375,0.5236506883522192,632.2324740459376,0.0,0.0
W8,nuaa,505.0122,536.1972000000001,0.15132801697247028,medium_wear,-1.3455468750000001,150.82641557815413,150.83241737951056,373.22,2.4744017664381683,0.9375,0.5409731880965726,739862.7948469375,0.0,0.0,1.4754171875,4.193789138213597,4.445753390930355,10.514,2.364953490548821,0.96875,0.5435332266392104,597.7393143725,0.0,0.0,2.1195859375,4.267601731207881,4.764983639285265,11.311,2.3737752018171925,0.96875,0.5435754793031938,618.9896600149999,0.0,0.0
W8,nuaa,520.8522,552.0372000000001,0.153429457667573,medium_wear,31.17728125,132.57712027691994,136.19366977603073,416.29,3.0566031496514134,0.15625,0.5318331386378459,568444.231964,0.0,0.0,1.790153125,4.24603218737685,4.607975428231741,11.217,2.4342577721392926,0.9375,0.5457987589205215,592.0814792396875,0.0,0.0,2.4443984375,4.321829476350705,4.965208328348998,12.044,2.4256786832557338,0.9375,0.5452696509073516,613.053853438125,0.0,0.0
W8,nuaa,536.6922000000001,567.8772,0.1555832577231206,medium_wear,33.644328125,146.74746698889885,150.55484011695083,416.29,2.7650389696978617,0.15625,0.49405337735785454,699417.0987129376,0.0,0.0,0.5678765625000002,4.571398526939752,4.606535388157107,14.218,3.086484483881944,0.96875,0.5422725202364966,712.6247051231251,0.0,0.0,1.2035890625,4.64015843190312,4.793714311943427,13.852,2.8896173402507666,0.96875,0.5420003960827803,733.5570669443749,0.0,0.0
W8,nuaa,552.5322000000001,583.7171999999999,0.15777962761939818,medium_wear,50.241671874999994,155.2296059389782,163.15776461071545,387.58,2.375492217147878,0.28125,0.45443638032096423,772167.7049359999,0.0,0.0,0.28806093749999995,4.421458688516197,4.430832431718531,14.218,3.208877839346645,1.0,0.5250538408830868,689.78022282125,0.0,0.0,0.9166515625000001,4.476086822912125,4.56898274600389,13.852,3.0317470583830057,1.0,0.5246078252649552,706.9727023662499,0.0,0.0
W8,nuaa,568.3722,599.5572,0.16000590436513354,medium_wear,67.512234375,165.9488943616888,179.1561813897915,387.58,2.1633638147083474,0.40625,0.5449778830942837,908876.2385805001,0.0,0.0,0.7071843750000001,4.1878860643758395,4.247175464757431,10.946,2.5772422380070323,0.28125,0.5194663978940818,561.2566731471875,0.0,0.0,1.35009375,4.252412628323295,4.461587867039324,11.794,2.6434534859506,0.28125,0.5204900460373263,578.6855943700001,0.0,0.0
W8,nuaa,584.2121999999999,615.0573,0.16224813388955778,medium_wear,67.288078125,186.92026590854726,198.66270728316908,516.77,2.60124311737788,0.84375,0.5444008799113079,1164578.9898049377,0.0,0.0,0.9727328124999999,4.288477695197281,4.397414020389569,10.72,2.4377963844874246,0.78125,0.541509437009677,605.199091480625,0.0,0.0,1.6287890624999997,4.370467745459188,4.664112147474453,11.637,2.495008617299492,0.78125,0.5413252066099256,628.592183208125,0.0,0.0
W8,nuaa,600.0522,630.8973000000001,0.1645416961069452,medium_wear,78.95151562500001,188.3641398388199,204.24101203407488,516.77,2.5301970199490778,0.84375,0.5010730049626894,1156315.3823651252,0.0,0.0,0.7300156250000001,4.798100680940674,4.853317726791385,8.86,1.8255553208665578,0.28125,0.5270569254964076,741.715786275,0.0,0.0,1.3797359375,4.8966338113023875,5.087307140248046,9.7184,1.9103230318282203,0.28125,0.5278929576868799,773.0847022081251,0.0,0.0
W8,nuaa,615.5523000000001,646.7373,0.16693950951038344,medium_wear,105.866515625,187.22393936740502,215.08259483935035,789.51,3.6707293799840075,0.09375,0.502689149197903,1151464.9400508124,0.0,0.0,1.9465140625000001,5.7944573563845045,6.112663335279373,24.472,4.003492202614744,0.03125,0.4871204560481188,1074.7764272625,0.0,0.0,2.6096843750000005,5.911891500537782,6.462268460165516,25.605,3.9622309345136966,0.03125,0.48663651925469303,1118.8840181525,0.0,0.0
W8,nuaa,631.3923000000001,662.5773,0.1694476023287833,medium_wear,114.164828125,174.1246415434712,208.21382944812558,789.51,3.791823060421155,0.90625,0.5043320304567823,970222.1148068126,0.0,0.0,3.3572765625,5.157676017256409,6.154098456808581,24.472,3.976536965040822,0.21875,0.5028995434547898,882.2615836081252,0.0,0.0,4.0421484375,5.261939171719163,6.635282046579199,25.605,3.85891659469104,0.21875,0.5024117900060767,917.8709880381247,0.0,0.0
W8,nuaa,647.2323,678.4173000000001,0.172057144998279,medium_wear,78.50225,168.28572179518085,185.69514645027078,416.29,2.241792572168722,1.0,0.5300748700721005,977236.0521872812,0.0,0.0,2.4039609375,4.2728589630369695,4.902688232697573,9.399,1.9171115016686369,0.28125,0.4499788907550817,584.2900743687501,0.0,0.0,3.0777046875,4.348640074905232,5.327563856448015,10.165,1.9080015320130188,0.28125,0.4513423649089557,605.2361392349999,0.0,0.0
W8,nuaa,663.0723,694.2573000000001,0.17472317032034293,medium_wear,105.8665625,169.55404224675638,199.89072589237662,473.71,2.369844813385943,0.6875,0.49822868605710496,923978.9810834065,0.0,0.0,2.2812453125,4.796680458723827,5.311518012668906,10.611,1.9977339763681299,0.28125,0.45931041396380784,736.762553965,0.0,0.0,2.9654937500000003,4.88105062383714,5.711287803442407,11.509,2.0151322076718134,0.0625,0.4596768829412252,763.05309428375,0.0,0.0
W8,nuaa,678.9123000000001,709.9224,0.17735262030429727,medium_wear,170.23884375,168.742788212028,239.6985450412794,545.48,2.275691744003122,0.6875,0.5363423293929152,917162.121322,0.0,0.0,2.23970625,4.339072127514527,4.883014541659947,11.146,2.2826063500132427,0.09375,0.5086551559620454,634.5875894700001,0.0,0.0,2.9200999999999997,4.422653291365377,5.299702458216404,11.954,2.255598327311205,0.09375,0.508488629621738,658.7137037012499,0.0,0.0
W8,nuaa,694.7523,725.7624000000001,0.17986727895848328,medium_wear,150.50098437500003,196.82296462299345,247.76970295180993,545.48,2.2015605358581447,0.59375,0.5274375632173882,1241860.549481625,0.0,0.0,1.9746343750000002,3.6492563074215356,4.1492472223510015,11.146,2.686270401040258,0.09375,0.5360086811462612,454.54891034,0.0,0.0,2.636553125,3.726184172136119,4.564631514769292,11.954,2.6188313254469096,0.09375,0.5359097844300635,474.26524670000003,0.0,0.0
W8,nuaa,710.4174,741.6024,0.18226043888645213,medium_wear,85.007640625,192.54527870513076,210.4756121650811,445.0,2.1142592028713323,0.5625,0.5222188990507259,1218362.0513783125,0.0,0.0,1.9889859374999999,4.349873310111571,4.783039083427371,10.415,2.1774858658560126,0.53125,0.5323343126447906,606.262655468125,0.0,0.0,2.6423624999999995,4.429057710644416,5.157386138890998,11.232,2.1778474012836346,0.53125,0.5314023251256962,628.5349144862502,0.0,0.0
W8,nuaa,726.2574000000001,757.4424,0.1845600295714297,medium_wear,101.6050625,180.0141832170693,206.70920367738225,545.48,2.63887621013406,0.78125,0.5016904414247055,1038510.5647556565,0.0,0.0,2.104128125,4.216091008989724,4.711982445054311,10.359000000000002,2.1984377320575104,0.90625,0.5547501734586828,582.7213503759375,0.0,0.0,2.7718718750000004,4.2892417864156345,5.106943194686035,11.181,2.1893723062426558,0.90625,0.5543802281535735,602.5415934796875,0.0,0.0
W8,nuaa,742.0974,773.2824,0.1867971514849136,medium_wear,152.968140625,157.53994301861465,219.58616917414935,545.48,2.4841273111668105,0.5,0.5375195843883483,822252.9110150627,0.0,0.0,1.2472421875,3.547897512691702,3.7607432556402665,9.7897,2.6031290451209768,0.90625,0.5262154576642882,418.20821604312493,0.0,0.0,1.9177421875,3.6066535134649356,4.084811460019452,10.575,2.5888587768380478,0.90625,0.5232455493293642,430.9396730125,0.0,0.0
W8,nuaa,757.9374,789.1223999999999,0.18899962435598153,medium_wear,174.5008125,142.0197543115564,224.9892090253997,445.0,1.9778726363261387,0.5,0.5418834500397354,664906.8238361564,0.0,0.0,1.2494078124999999,3.3508114204484434,3.57616513284045,7.8544,2.1963191598374165,0.53125,0.49174829658256397,376.494201818125,0.0,0.0,1.9269296875,3.403962215275737,3.9115235885258,8.6196,2.203642597295089,0.53125,0.490566500788428,387.7642339893749,0.0,0.0
W8,nuaa,773.7774000000001,804.606,0.19117988028655053,medium_wear,148.03396874999999,157.34913242372525,216.03889783641972,401.93,1.8604520020479518,0.53125,0.5118131356309649,806504.5989644688,0.0,0.0,1.9765890625,4.049482221188793,4.506130333414553,10.644,2.362115432186009,0.375,0.48391307050104815,546.3480469737499,0.0,0.0,2.6455578125,4.125632258242543,4.901001700625215,11.428,2.3317682176160326,0.375,0.4840302456352333,566.721108965625,0.0,0.0
W8,nuaa,789.6173999999999,820.446,0.19333694064696919,medium_wear,78.50284375000001,157.33051362102913,175.8282883756017,387.58,2.2043096908960265,0.0625,0.49816961535799514,794417.2470515,0.0,0.0,1.5021796875,4.2770385426929645,4.533166940365064,12.752,2.813044427385033,0.375,0.4741099813603055,591.00366829375,0.0,0.0,2.1312859375,4.354917617650304,4.848472667129954,13.575,2.7998507843575613,0.375,0.4743695701752403,612.557383474375,0.0,0.0
W8,nuaa,805.101,836.286,0.1955096249933542,medium_wear,87.92349999999999,154.74123677227252,177.97581917233168,387.58,2.1777115666747475,0.53125,0.4847557530568898,767323.6259461251,0.0,0.0,1.8556796875000001,3.8097168337267737,4.237627809964113,12.752,3.0092307705777475,0.875,0.5110838345145629,468.81575147437496,0.0,0.0,2.4944015625000002,3.884635330395095,4.61653883392702,13.575,2.940514634088443,0.875,0.510754465533999,487.31215744624996,0.0,0.0
W8,nuaa,820.941,852.126,0.19772097430025473,medium_wear,111.92290625000001,170.1924704787126,203.69637687277051,459.35,2.25507201969975,0.5625,0.5273816818766873,940226.9130052188,0.0,0.0,1.4507124999999998,4.3563968030680185,4.591596657311866,10.435,2.2726299322007812,0.59375,0.5575702511595111,620.4008047878125,0.0,0.0,2.110003125,4.437118944060463,4.913261412875362,11.286,2.2970485491418526,0.59375,0.5582093366809808,643.4966445975,0.0,0.0
W8,nuaa,836.781,867.966,0.199945737348839,medium_wear,132.333375,185.39208904790647,227.77697166403257,617.26,2.7099315417646728,0.59375,0.5214710531156379,1102171.748645625,0.0,0.0,0.15194843749999992,4.672184919218476,4.674655093911341,10.435,2.232250249562029,0.59375,0.4902013664716342,699.153074416875,0.0,0.0,0.7932453125000001,4.768747806353679,4.834272827055404,11.286,2.3345806916061864,0.59375,0.4902125669280098,728.3704368593751,0.0,0.0
W8,nuaa,852.621,883.806,0.20216829815835186,medium_wear,136.81907812500003,166.16881161800723,215.24761112150728,617.26,2.867674102322821,1.0,0.5266295514645957,947979.621832875,0.0,0.0,0.5543171875,4.567765459943006,4.601276870761664,10.645,2.313488255323766,0.25,0.4320511831955944,668.253873534375,0.0,0.0,1.1974578124999997,4.663642714787333,4.8149214514783365,11.453,2.378647318635605,0.25,0.433420409719325,696.687296319375,0.0,0.0
W8,nuaa,868.461,899.2698,0.20437200942880102,medium_wear,121.45517187500002,167.19884900943498,206.65626989100917,502.42,2.431186821793392,0.125,0.4788040361259161,901065.540171375,0.0,0.0,1.7898671875,3.974998778972088,4.359385259611583,10.645,2.4418580524696405,0.4375,0.4852383857445574,532.3230300206251,0.0,0.0,2.466359375,4.059674048404269,4.750145465766022,11.453,2.4110840568022596,0.4375,0.4844036691355554,555.8087686371875,0.0,0.0
W8,nuaa,884.301,915.1098,0.20652745165395048,medium_wear,59.101309375,197.60181015763726,206.25091550685144,502.42,2.435964944763167,0.03125,0.4280039404750178,1249577.7544790977,0.0,0.0,1.5061312500000001,4.329204290155229,4.583714773862462,10.193,2.2237422053665177,0.40625,0.46047968249219334,604.45676314875,0.0,0.0,2.1230859375,4.423649124975442,4.906746934467504,10.87,2.215317020660583,0.40625,0.45885565976649745,630.691679965625,0.0,0.0
W8,nuaa,899.7648,930.9498,0.20866871463283454,medium_wear,24.223190625,175.40360790626724,177.0683162810067,452.18,2.5537036184519435,0.625,0.5287501516588282,985452.87214734,0.0,0.0,1.2905890625000003,4.355736666925484,4.5429133867864735,10.193,2.243714359522543,0.40625,0.46238283537382147,608.0504533650001,0.0,0.0,1.857678125,4.426933160053807,4.800906708079996,10.87,2.2641556399556007,0.40625,0.46325895761633634,628.2838167425001,0.0,0.0
W8,nuaa,915.6048,946.7898,0.2108348500167086,high_wear,17.046015625000003,184.9809790029954,185.76471473774123,437.82,2.356852325901101,0.59375,0.5152748341266981,1096423.461135125,0.0,0.0,1.329721875,3.979864285392969,4.196126784905337,9.7807,2.330887625984983,0.25,0.4630248564750756,508.71561856,0.0,0.0,1.90995625,4.043487496227537,4.471881484237088,10.46,2.339060200246898,0.25,0.464395057115105,525.2035793615626,0.0,0.0
W8,nuaa,931.4448,962.6298,0.21301471925773877,high_wear,4.0369718750000025,167.02825529605713,167.07703375737904,423.47,2.5345793522701756,0.5625,0.5168619070873197,910837.7480979974,0.0,0.0,1.1013703125,3.4240158657123514,3.5967904045004135,9.7807,2.7192855018079705,0.25,0.45634613062011964,380.799998435625,0.0,0.0,1.65289375,3.4829141901428518,3.855223599830171,10.46,2.713201901041688,0.25,0.4576907412605753,394.19164465000006,0.0,0.0
W8,nuaa,947.2848,978.4698,0.21521800269138042,high_wear,39.251096875,172.12126949776933,176.5400238456265,394.76,2.236093501070293,0.46875,0.5268161697787771,976499.5707063925,0.0,0.0,1.3631359375,3.0451712948210723,3.3363464746495155,8.0645,2.4171650220611993,0.3125,0.4446318931708851,296.9680502993751,0.0,0.0,1.914640625,3.0935976691648364,3.638158223821842,8.7392,2.402094538598592,0.3125,0.44559626460477203,306.46130051718757,0.0,0.0
W8,nuaa,963.1248,994.3098,0.21745413779812162,high_wear,34.316734374999996,183.49940647807304,186.68066433342628,394.76,2.1146271436817243,0.1875,0.515774842880054,1087049.5749691252,0.0,0.0,1.5779843750000002,3.6525635480106105,3.978850984895011,8.9409,2.247106019788756,0.375,0.48957889836712143,434.09097044000004,0.0,0.0,2.1558359375,3.7142117153394403,4.294531086833724,9.676,2.2530981390878533,0.375,0.4915076402213156,448.65817125875,0.0,0.0
W8,nuaa,978.9648,1010.1498,0.21974856985629335,high_wear,74.465321875,177.08419841689934,192.10387161872382,437.82,2.279079522504152,0.875,0.5470366819453237,1026663.3938755876,0.0,0.0,1.5105187500000001,3.536594516616365,3.8456686894560352,8.9409,2.3249272680493642,0.375,0.49074346684821823,407.1117833990625,0.0,0.0,2.0920203125,3.5966761409920065,4.160844655967553,9.676,2.3254893657523406,0.375,0.49134938964622965,421.11769623437493,0.0,0.0
W8,nuaa,994.8048,1025.6829,0.2221429715024929,high_wear,78.727071875,178.5441568961981,195.13064292362085,452.18,2.317319275050997,0.4375,0.5655403697016388,1035874.5799558875,0.0,0.0,1.00953125,3.395146656160222,3.5420578992391554,8.6036,2.428983445428173,0.5,0.5120039519163289,375.4153277290624,0.0,0.0,1.59706875,3.447088938141999,3.799085513605544,9.3187,2.4528797697833427,0.5,0.510730297773626,386.2708914065625,0.0,0.0
W8,nuaa,1010.6448,1041.5229,0.22476237819151446,high_wear,73.7928125,186.87728219431153,200.91913243141505,495.24,2.464872279741966,0.21875,0.5125443270005748,1121095.6539911348,0.0,0.0,1.1208328125,3.776626205112453,3.9394379912265087,10.011,2.541225429184421,0.5,0.4798360459627573,459.50888753749996,0.0,0.0,1.7010421875000001,3.8387008583961664,4.1987103739012825,10.727,2.554832090033607,0.5,0.47828482195074884,474.32834761187513,0.0,0.0
W8,nuaa,1026.1779,1057.3629,0.22768919744253902,high_wear,92.408915625,173.52128978148403,196.5936054260619,495.24,2.5191053336994615,0.1875,0.5092570559941323,1007868.2071236549,0.0,0.0,1.49440625,3.7262066444926183,4.014706215590376,10.011,2.49358221060463,0.46875,0.509500909399973,444.56425348375006,0.0,0.0,2.0610093750000003,3.7936418196156985,4.317346163950141,10.727,2.484628193488513,0.46875,0.5105423855722199,460.76882668499996,0.0,0.0
W8,nuaa,1042.0179,1073.2029,0.23080458528835546,high_wear,85.00691562499999,164.0780895627247,184.79122051285168,423.47,2.2916131990726742,0.96875,0.5488879691341543,861957.0175757998,0.0,0.0,1.3714484375,3.487794977354612,3.7477439374617427,8.9833,2.3969887350639474,0.46875,0.4862904617535908,389.2833217550001,0.0,0.0,1.9432015624999999,3.5498452510942373,4.046904201883057,9.6927,2.3950900531546826,0.46875,0.4871791698053652,403.24829773687503,0.0,0.0
W8,nuaa,1057.8579,1089.0429,0.2339042691206863,high_wear,95.99744375,184.23074212351364,207.74136696843746,581.37,2.7985278449059625,0.0625,0.5226840108441243,1105590.611783024,0.0,0.0,1.4558984375,3.6031776698879017,3.8861973162841013,9.1941,2.365834581140415,0.46875,0.4819200064874729,415.4910064968749,0.0,0.0,2.0311000000000003,3.667146033787719,4.192055252871198,9.9465,2.372702505098782,0.46875,0.4817058413944969,430.37638768781244,0.0,0.0
W8,nuaa,1073.6979,1104.8828999999998,0.23685387770259797,high_wear,98.01615312499999,194.0556606544877,217.4046128891315,581.37,2.674138291152441,0.03125,0.48723954432658667,1226334.2355486925,0.0,0.0,1.3090734375,3.6549861282757536,3.8823442483448387,9.1941,2.3681825752365273,0.5,0.5008110819327927,427.58825591749996,0.0,0.0,1.8982375000000002,3.730915203342372,4.186052300310819,9.9465,2.3761050475316474,0.5,0.4998207849839007,445.48691527000005,0.0,0.0
W8,nuaa,1089.5378999999998,1120.7229,0.23965462286145606,high_wear,135.92170937499998,185.53862832582172,229.99846451759058,567.01,2.4652773277824833,0.1875,0.4984178481704469,1125547.1253371425,0.0,0.0,1.1582484374999997,3.8453221575454584,4.0159733488011655,10.047,2.501759630202525,0.5,0.5208675298515392,476.0603629187501,0.0,0.0,1.7559531250000002,3.9237384097857153,4.298731729897203,10.835,2.520510857805751,0.5,0.519433538433405,495.00853843500016,0.0,0.0
W8,nuaa,1105.3779,1136.4705,0.24236478779404658,high_wear,119.99669375,211.0309343716608,242.7617386918859,552.66,2.276553146216497,0.59375,0.5203743194390479,1425361.978154759,0.0,0.0,1.4377578125000001,3.935687671122604,4.190081738108608,10.047,2.3978052524901794,0.5,0.5104015621345748,496.69946417812497,0.0,0.0,2.015559375,3.992103062951232,4.472065122443433,10.835,2.422818027766109,0.5,0.5121392648786619,511.0916220071875,0.0,0.0
W8,nuaa,1121.2179,1152.3105,0.24504593208764952,high_wear,52.260268749999994,220.88604234538346,226.98409502171899,552.66,2.434796147047742,0.40625,0.5386361214385451,1566170.87598774,0.0,0.0,1.6802578125,4.443030691881552,4.750135581798561,11.203,2.358458997028916,0.78125,0.49588387586936294,634.0267691250001,0.0,0.0,2.2293203125,4.5126120442177005,5.033243141091413,11.934,2.371035864047732,0.78125,0.49670013774793126,654.352362175,0.0,0.0
W8,nuaa,1136.9655,1168.1505,0.247727665269653,high_wear,33.419690625,178.3475683891181,181.45173152048417,452.18,2.4920125931614665,0.375,0.5021620003618931,1044641.8472945275,0.0,0.0,1.4567203125,4.7868842135366245,5.0036281379271434,11.203,2.2389753377318473,0.25,0.5094110095697068,735.8261780281249,0.0,0.0,2.0014375,4.859745597106267,5.2557472670401495,11.934,2.2706571289758393,0.25,0.5088646785671325,758.4316799578124,0.0,0.0
W8,nuaa,1152.8055,1183.9905,0.25039673572773946,high_wear,5.158775000000004,165.03805696013154,165.11866401069338,394.76,2.3907654677634422,0.5,0.5164226800692377,872067.0848711712,0.0,0.0,1.9748875000000001,4.56860556873279,4.97718168046059,11.861,2.3830755559042363,0.75,0.4891064491654057,669.6207777528127,0.0,0.0,2.5337921875000005,4.633539641580205,5.281078721201877,12.563,2.378870049704711,0.75,0.48879453520597943,688.827309626875,0.0,0.0
W8,nuaa,1168.6455,1199.8305,0.2530334367162329,high_wear,45.30768125,189.1007953221764,194.45281374084368,480.89,2.473042126512525,0.03125,0.4975424017871346,1177673.052793929,0.0,0.0,1.8475859374999999,4.532472937897258,4.894577073580387,11.861,2.4232941522205245,0.46875,0.4589903547140186,671.51368508375,0.0,0.0,2.4099906250000003,4.608037915144808,5.200198865428129,12.563,2.415869147528399,0.46875,0.4588558148458227,694.1402027900001,0.0,0.0
W8,nuaa,1184.4855,1215.6606000000002,0.2556366101309722,high_wear,102.95091250000002,191.19776294549015,217.15311404615525,696.21,3.2060788216558693,0.5,0.5231126501750414,1179858.04501276,0.0,0.0,1.3639015625000002,4.014281326070871,4.239655886629391,11.244000000000002,2.6521020339080397,0.46875,0.479059632742748,518.690283635,0.0,0.0,1.9242296875,4.0814289823571475,4.512285721037759,11.955,2.6494332892666486,0.46875,0.4804272126206323,536.190411855,0.0,0.0
W8,nuaa,1200.3255,1231.5006,0.25824862562417117,high_wear,66.8392875,184.09723931170814,195.8552625683058,696.21,3.554716839723376,1.0,0.5426731795967378,1186769.3671569598,0.0,0.0,1.5730859375000001,4.244135319210616,4.526288101141072,11.961,2.6425626766852615,0.5,0.5072355191358409,576.4386530525,0.0,0.0,2.1249546875000003,4.316824008310743,4.811486458741856,12.732,2.6461676883383056,0.5,0.5077921574824417,596.3347267343751,0.0,0.0
W8,nuaa,1216.1556,1247.3406,0.26096028296764506,high_wear,26.466493749999994,167.92719559429233,170.00005385758706,366.05,2.1532346119528203,0.4375,0.5032193999551385,927943.5285191002,0.0,0.0,1.5288890624999998,4.741647579959588,4.98204009798885,11.961,2.4008237117217135,0.5,0.5071859531232479,720.4493190668751,0.0,0.0,2.078578125,4.829350477822715,5.257671828801699,12.732,2.4216041652226536,0.5,0.5071048042373358,747.2752329675001,0.0,0.0
W8,nuaa,1231.9956000000002,1263.1806,0.26385617125724997,high_wear,13.233537500000002,145.37149610622552,145.97259467080198,337.34,2.310981734350688,0.4375,0.5099439570609923,676382.2597403148,0.0,0.0,1.45579375,4.439286511326841,4.671894709021973,11.27,2.412297515660256,0.53125,0.48639961644133145,630.6624103937501,0.0,0.0,2.0127578125,4.525026892558371,4.952480428043734,11.96,2.4149514922412902,0.53125,0.48640814064361615,655.236475375625,0.0,0.0
W8,nuaa,1247.8356,1279.0206,0.2668578258317329,high_wear,3.1402875000000012,143.76055446307618,143.79484839560055,423.47,2.9449594663848626,0.40625,0.5100651623159355,661450.1792712,0.0,0.0,1.3595953125000002,4.262650900387197,4.474225308625366,11.27,2.5188718096681026,0.53125,0.48593357633191797,581.7605412937502,0.0,0.0,1.9113546875000003,4.342106431428533,4.744171687795589,11.96,2.520988022159311,0.53125,0.4849836118191409,603.570764958125,0.0,0.0
W8,nuaa,1263.6756,1294.8606000000002,0.2696212303277583,high_wear,19.737946875,173.58899174842296,174.70754020097235,423.47,2.42387935582441,0.40625,0.5061457324339599,980359.6265618299,0.0,0.0,1.62908125,4.1093735937592655,4.4205041626705315,10.869000000000002,2.458769316808828,0.53125,0.520342382710875,541.4512377599999,0.0,0.0,2.173528125,4.180366191812206,4.711654275072875,11.579,2.457523265503369,0.53125,0.5207450725141831,560.32150515,0.0,0.0
W8,nuaa,1279.5156000000002,1310.7006,0.2717747910302971,high_wear,35.438625,196.01917177349165,199.19691725691,409.11,2.0537968440162104,0.78125,0.5398292078985302,1229610.4504836246,0.0,0.0,1.6320578125,3.812829028990674,4.147442333252658,9.9028,2.3876884123506703,0.53125,0.47314331038269775,465.22550462937505,0.0,0.0,2.185571875,3.882066372253826,4.45501557117088,10.59,2.3770960686489153,0.53125,0.47334353242630706,482.2864496825,0.0,0.0
W8,nuaa,1295.3556,1326.5406,0.27326285380192744,high_wear,70.20353125,178.2576236909526,191.58370547600074,409.11,2.1354112500514733,0.75,0.548796962168933,1019531.05041926,0.0,0.0,1.3360640625000002,4.4030047814449675,4.6012518171179515,11.724,2.548002253730913,0.5,0.5222369382016986,620.569168614375,0.0,0.0,1.8920234374999998,4.4872736592550755,4.869843691649019,12.409,2.548131066563675,0.5,0.5231427981579155,644.5402698712501,0.0,0.0
W8,nuaa,1311.1956,1342.143,0.27429763567197185,high_wear,120.89356875000001,156.43375262407497,197.7037529364611,523.95,2.65017730932194,0.65625,0.5222087116206852,794719.4845095103,0.0,0.0,1.309953125,5.043384613065192,5.210729847631711,12.16,2.3336462176266437,0.5,0.5062312495951724,816.8562208725002,0.0,0.0,1.8544828124999997,5.127976127350179,5.453003361866857,12.409,2.2756266916644137,0.5,0.5061082471896785,844.3281729731251,0.0,0.0
W8,nuaa,1327.0356000000002,1357.983,0.27510954118556175,high_wear,137.4915625,158.53936245292869,209.85389966753655,523.95,2.4967370195649154,0.375,0.541952400934051,841016.9794576564,0.0,0.0,1.2971406250000002,4.6826358277723354,4.858976445359918,12.16,2.5025846773989198,0.53125,0.5099003872768654,703.2805259850003,0.0,0.0,1.84035625,4.757453724481819,5.101007456130603,12.866,2.5222468523422967,0.53125,0.510076086944055,725.87719721,0.0,0.0
W8,nuaa,1342.638,1373.823,0.27581868295356365,high_wear,143.772003125,167.19259162820467,220.50793994305653,423.47,1.9204297138205362,0.3125,0.49757906086996917,907259.0962999177,0.0,0.0,1.3391171874999999,4.980230229541184,5.157124002881233,12.11,2.348208030916896,0.5,0.4632938767083599,793.712380921875,0.0,0.0,1.8934953125,5.066439325645455,5.408708897593422,12.866,2.378756232513209,0.5,0.4646948570192684,821.4305631431247,0.0,0.0
W8,nuaa,1358.478,1389.663,0.27645830647059727,high_wear,99.586165625,203.1796361344794,226.27277548045714,437.82,1.9349212430454934,0.34375,0.47278814855250606,1321801.9843336502,0.0,0.0,1.383203125,4.506930682569927,4.714411422701671,10.79,2.2887268489216015,0.5,0.5196305777033173,651.3683691049998,0.0,0.0,1.948096875,4.585886448862993,4.982513016164634,11.501,2.308272946340052,0.5,0.5189021462266777,674.0236824809376,0.0,0.0
W8,nuaa,1374.318,1405.503,0.2770421170952073,high_wear,78.27836875,185.68508860490192,201.51043433125554,480.89,2.3864272914497455,1.0,0.5204418355101696,1201540.05352728,0.0,0.0,1.6814781250000004,4.573203630097176,4.872531182782466,10.68,2.191879251124909,0.5,0.4816028794158289,669.2722379575,0.0,0.0,2.2258250000000004,4.649312076062974,5.154648359611934,11.383,2.2082980653324262,0.5,0.48128404170036204,691.7177477378124,0.0,0.0
W8,nuaa,1390.158,1421.343,0.277578422513135,high_wear,127.62326875000001,173.05245945827463,215.0229114559481,480.89,2.236459346326544,0.28125,0.5078434337300722,967364.37000613,0.0,0.0,1.6017390625,4.638424503657505,4.907193688909044,10.68,2.176396669269102,0.5,0.4799719869101036,691.5637718349998,0.0,0.0,2.1579546874999997,4.713571962294416,5.184064918288663,11.383,2.1957672558926395,0.5,0.4806195319861193,713.7352040743749,0.0,0.0
W8,nuaa,1405.998,1437.183,0.27807164487744584,high_wear,114.614278125,190.11627959673004,221.99241545110698,567.01,2.554186361942991,0.96875,0.5104069558107361,1171761.4984854178,0.0,0.0,1.3741921874999998,3.4891020411017237,3.749964962690485,9.1864,2.449729555182041,0.5,0.48129999870089696,393.58286504875,0.0,0.0,1.9659843750000001,3.547910815678131,4.0562008972374635,9.8726,2.433952422505474,0.5,0.4789810202591831,406.0863102324999,0.0,0.0
W8,nuaa,1421.838,1452.8184,0.2785189084506382,high_wear,56.970675,184.8433996590881,193.4237322757603,567.01,2.9314396601117454,0.96875,0.5417530779903923,1153933.3895059517,0.0,0.0,1.3317718750000003,3.87580522671857,4.098229188625253,9.1864,2.241553504498261,0.5,0.4610893468542467,483.24358265468754,0.0,0.0,1.8832624999999998,3.9419955518469636,4.368753434869894,9.8726,2.2598208269664037,0.5,0.46090170882218173,499.5468815128125,0.0,0.0
W8,nuaa,1437.678,1468.6583999999998,0.27891912658373197,high_wear,46.877259375,163.34956222417495,169.94280486487395,380.4,2.238400150582816,0.96875,0.5347499481987008,904292.0814714724,0.0,0.0,1.4086265625,4.3712717268991845,4.592629454132867,13.64,2.9699761620710516,0.25,0.4288291319285748,612.71662630125,0.0,0.0,1.9216640624999999,4.4349186771844815,4.8333525054917885,14.318,2.962333077037417,0.25,0.4290616988413182,630.7203841750002,0.0,0.0
W8,nuaa,1453.3134,1484.4984,0.2792667558383319,high_wear,100.25886874999999,163.55167925416654,191.83584792704283,423.47,2.2074602040023827,0.96875,0.5013868392941471,855987.3344909,0.0,0.0,1.6050499999999999,4.101753011785022,4.404607050826157,13.64,3.096757518344705,0.1875,0.4283112145350551,541.7783783053126,0.0,0.0,2.125759375,4.1633657513602635,4.6746622658754715,14.318,3.0628950682747393,0.1875,0.42818842202783114,558.1759874050001,0.0,0.0
W8,nuaa,1469.1534,1500.3384,0.2795478020404727,high_wear,102.72591875,171.85028499125235,200.21272395781006,480.89,2.401895296631276,0.65625,0.5319026535146985,962452.7017142001,0.0,0.0,0.6453546874999999,4.17010428414003,4.2197455389254515,11.838,2.805382431428441,0.4375,0.4274948559173407,558.5168484243749,0.0,0.0,1.156753125,4.23539767244355,4.390520611036634,12.469,2.8399821125212705,0.4375,0.42798287987787065,576.0464064446876,0.0,0.0
W8,nuaa,1484.9933999999998,1516.1784,0.27975409692980435,high_wear,73.56785624999999,168.9074719186679,184.23344849178787,480.89,2.6102209123086326,0.84375,0.4989820023779676,913054.5656026802,0.0,0.0,0.6875421875,4.207183832662172,4.262993087187247,11.838,2.7769221666298307,0.125,0.3883681439695887,567.9947081431251,0.0,0.0,1.1960656250000001,4.273799738604204,4.438010498522958,12.469,2.8095922720664777,0.125,0.3876176217599231,586.121885685,0.0,0.0
W8,nuaa,1500.8334,1532.0184,0.2798874473840015,high_wear,65.045140625,176.17462450957458,187.79874504377185,538.3,2.8663663320781714,0.1875,0.46543920559644786,994127.2595368127,0.0,0.0,1.1400609375,4.200601646253233,4.352561674659964,11.342,2.6058217775595502,0.21875,0.41266697360264754,569.478911536875,0.0,0.0,1.6554875,4.27698847359696,4.586204232907372,12.019,2.6206857326065247,0.21875,0.41187994108147746,590.4965804128126,0.0,0.0
W8,nuaa,1516.6734,1547.8583999999998,0.2799604690096436,high_wear,54.727678125,185.58906892672726,193.49010635699986,567.01,2.9304340706383996,0.1875,0.5147591812325504,1120274.42768518,0.0,0.0,0.7066093750000002,4.997974957005048,5.047677731361968,11.342,2.246973876626568,0.15625,0.413323314208017,802.6907100674998,0.0,0.0,1.213165625,5.080554006891705,5.223389689715386,12.019,2.3009962330907183,0.15625,0.41283768525788417,829.306746105,0.0,0.0
W8,nuaa,1532.5133999999998,1563.4377,0.27999589300436384,high_wear,37.00838124999999,188.12935886580715,191.73491061881504,567.01,2.9572600950447834,0.03125,0.5370499992383234,1140229.7365491886,0.0,0.0,1.1959296875,4.938435612357409,5.0811803859776274,11.619000000000002,2.286673394250003,0.5,0.4164460497206067,780.6759277106252,0.0,0.0,1.7022,5.0160880732648625,5.297039210610962,12.244000000000002,2.3114799632732517,0.5,0.4149338447830609,805.3051691912501,0.0,0.0
W8,nuaa,1548.3534,1579.2777,0.28002504754945456,high_wear,26.466812500000003,186.56445661033572,188.43245111768832,567.01,3.0090889156128706,0.96875,0.5119704828604608,1126841.69151616,0.0,0.0,1.4836734374999998,4.371691382392881,4.616597492962891,11.619000000000002,2.51678861276317,0.53125,0.4909277576905351,612.517136991875,0.0,0.0,1.9857624999999999,4.447945741101306,4.871085507583243,12.244000000000002,2.513608102534579,0.53125,0.49057972227268865,633.8995648062498,0.0,0.0
W8,nuaa,1563.9326999999998,1595.1177,0.28007955924142947,high_wear,33.868603125,161.12991177692805,164.6509360643886,452.18,2.746294742127491,0.0625,0.512582766628551,855965.76237219,0.0,0.0,1.5397125,4.676141064338601,4.923109772923005,11.927,2.4226557095269814,0.53125,0.4918084258166928,699.86205716,0.0,0.0,2.0457671875,4.758331764095962,5.179467594517437,12.566,2.4261180846659505,0.53125,0.4923797422582705,724.7003111175,0.0,0.0
W8,nuaa,1579.7727,1610.9577,0.28018363008946956,high_wear,61.232212499999996,172.04702474235015,182.61862602248436,495.24,2.711881097709196,0.6875,0.46822723830012813,948379.24111808,0.0,0.0,1.7911921875,5.355960466104116,5.647537690625114,13.987,2.4766545645579936,0.53125,0.49590361419687734,918.0840863974998,0.0,0.0,2.3109140625,5.449782674934936,5.91949786791762,14.739,2.4899071388946936,0.53125,0.4960367898713889,950.5243649318751,0.0,0.0
W8,nuaa,1595.6127,1626.7976999999998,0.2803535365506893,high_wear,71.32559375,182.10626948229284,195.57615833364633,495.24,2.5322104913991472,0.6875,0.4966783425080355,1077955.117205059,0.0,0.0,1.91015625,5.137682043759952,5.481283944678245,13.987,2.551774391031123,0.53125,0.5049857402185081,845.6661464315625,0.0,0.0,2.4363390625,5.2290199425184225,5.768743154857803,14.739,2.5549759461189447,0.53125,0.5057763006639572,875.9199379306249,0.0,0.0
W8,nuaa,1611.4527,1642.6377,0.2805977212495879,high_wear,56.746881249999994,183.1277113420567,191.71845814365722,552.66,2.8826645350229367,0.1875,0.5387389921193322,1073339.1089901538,0.0,0.0,1.7891890625,4.846026182254809,5.165768796652513,12.463,2.412612815361808,0.53125,0.4770147558484031,751.5066664793749,0.0,0.0,2.323653125,4.93243386581262,5.452363495396973,13.173,2.41601646902687,0.53125,0.476997286770407,778.5510061796876,0.0,0.0
W8,nuaa,1627.2927,1658.4777,0.2809171093754823,high_wear,87.026246875,190.28332358728176,209.23984056716023,552.66,2.641275191674653,0.875,0.5185838343654563,1163000.8559986225,0.0,0.0,1.5294515625,4.399522506725595,4.657791361709833,11.434,2.4548115430835185,0.53125,0.4933886520304053,620.1269570562499,0.0,0.0,2.0611890625,4.4801043668827205,4.9315145228957045,12.113,2.456243400229803,0.53125,0.49178877729693565,642.974256521875,0.0,0.0
W8,nuaa,1643.1327,1673.8689,0.28130159188088827,high_wear,92.85795937500001,166.25114727810217,190.42595566407005,452.18,2.3745712522387947,0.84375,0.4907977186068391,884927.39537078,0.0,0.0,2.0155859375,4.500481831317731,4.9312192595207875,11.662,2.3649323597777534,0.53125,0.47533923896391334,648.76820282375,0.0,0.0,2.5444328125,4.5796686013787715,5.239036441539728,12.347,2.3567310778947883,0.53125,0.47531867016005774,671.720769513125,0.0,0.0
W8,nuaa,1658.9727,1689.7089,0.2817423663115244,high_wear,84.78340625,164.0721159353143,184.68320227579918,430.64,2.3317767652571773,0.71875,0.5301184398610472,868655.9102,0.0,0.0,2.4481671875,4.653795141771884,5.258453365727536,11.662,2.217762370207214,0.5,0.474518115435395,693.8136967412499,0.0,0.0,2.9780078125000005,4.734882050382323,5.593535426038146,12.347,2.207369589995656,0.5,0.47429522021824044,718.198734198125,0.0,0.0
W8,nuaa,1674.3638999999998,1705.5489,0.28223009667705223,high_wear,101.60501562500001,187.18592373664313,212.98391780906107,559.84,2.6285552719613956,1.0,0.5364163153256571,1184986.54585175,0.0,0.0,1.9655109374999997,4.385425600644323,4.805745617926395,11.523,2.3977548784556757,0.53125,0.5038635113801655,616.944569980625,0.0,0.0,2.5038046874999997,4.459540485837278,5.114346415522588,12.236,2.3924855701722576,0.53125,0.5044963368668552,637.8968174268749,0.0,0.0
W8,nuaa,1690.2039,1721.3889,0.2827451955530549,high_wear,121.56734375000002,180.36567852657163,217.50953325493862,559.84,2.573864196305468,0.75,0.5471901249824819,1051841.72799775,0.0,0.0,1.6184203125,4.599522646909259,4.875950459894333,11.43,2.3441583531280794,0.53125,0.48973358432866276,677.131916255,0.0,0.0,2.16206875,4.678912498109036,5.1542956303153105,12.105,2.3485265239354316,0.53125,0.4891566293190383,700.6661053690627,0.0,0.0
W8,nuaa,1706.0439,1737.2288999999998,0.2832731938133647,high_wear,132.55834375,160.5271416085356,208.18423977513285,445.0,2.13752972117707,0.71875,0.5340966563354341,843037.1422145001,0.0,0.0,1.8693484374999998,4.798721204556487,5.14996978436221,11.498,2.2326344583444873,0.53125,0.5119685972564231,737.3719618731251,0.0,0.0,2.420925,4.884360147802115,5.451408250082037,12.222,2.241989489562825,0.53125,0.5115137749683152,763.9389167803124,0.0,0.0
W8,nuaa,1721.8838999999998,1753.0689,0.2838059567178316,high_wear,141.978578125,176.06816648609464,226.1811572527028,430.64,1.9039605475130885,0.875,0.5064122554461511,992130.4054121876,0.0,0.0,1.5331546875000002,4.658269460624893,4.904083774120681,11.498,2.3445765875118294,0.5,0.4726716129952495,695.8257795168751,0.0,0.0,2.0990140625,4.741525738978541,5.185356918088546,12.222,2.3570219356289437,0.5,0.4709447800557329,720.6189207131247,0.0,0.0
W8,nuaa,1737.7239,1768.9089,0.2843388495027869,high_wear,178.76195312500002,221.36664993141397,284.5330026322463,689.03,2.421617153812413,0.53125,0.5216981877183028,1568232.55117225,0.0,0.0,1.19016875,4.5980390404794775,4.749575209558219,11.485,2.418110987459924,0.46875,0.4716398004128178,678.5061363090625,0.0,0.0,1.7447406250000002,4.677881151417499,4.992663809562235,12.226,2.4487929623028224,0.46875,0.4700818600650954,701.9121842621875,0.0,0.0
W8,nuaa,1753.5639,1784.4915,0.2848678056998467,high_wear,168.219609375,227.30911959200358,282.78485254335914,689.03,2.4365873695245104,0.4375,0.4859346217707139,1657446.3221025278,0.0,0.0,1.5722390625,4.762688192135338,5.015489456190318,11.485,2.289906119895188,0.5,0.5129991056290668,726.5574268093749,0.0,0.0,2.108009375,4.85040647757738,5.288680981380187,12.226,2.311729530112323,0.5,0.513240497105238,753.5425824425,0.0,0.0
W8,nuaa,1769.4038999999998,1800.3315,0.2853954409772102,high_wear,151.62225,181.30725362982585,236.35064398865617,588.55,2.49015610902354,0.125,0.47658153565755484,1055320.305508181,0.0,0.0,1.6813046875000002,5.023861086617969,5.297732125149756,11.521,2.1747041427985234,0.5,0.5198285408475941,811.3024466425001,0.0,0.0,2.2029578125000002,5.116669699918489,5.570756855376004,12.236,2.1964699443293365,0.5,0.519674665539268,841.2330349006252,0.0,0.0
W8,nuaa,1784.9865,1816.1715,0.2859271019636705,high_wear,163.95918749999998,158.64172534555212,228.14427931963087,581.37,2.5482558744569648,0.78125,0.534680823995425,808326.8558322962,0.0,0.0,1.6096218749999998,5.692775761504355,5.915959639082234,12.146,2.053090409839959,0.5,0.5338000201641655,1040.4442968424999,0.0,0.0,2.1256781250000003,5.792681484275783,6.170386233403465,12.83,2.07928637117473,0.5,0.5338648127214367,1076.9075427300002,0.0,0.0
W8,nuaa,1800.8265,1832.0115,0.28646077493509103,high_wear,168.89349375,145.38103291870198,222.84671180789272,452.18,2.0291077949124348,0.8125,0.5470605988185695,686387.3824039799,0.0,0.0,1.8197906249999998,5.675555391675304,5.960165008018863,12.146,2.0378630429960674,0.5,0.48836613889526354,1030.9565903225,0.0,0.0,2.3464890625,5.773746098426837,6.232347465404287,12.83,2.058614361798541,0.5,0.48869392860679045,1066.969315169375,0.0,0.0
W8,nuaa,1816.6665,1847.8515,0.28699239240016633,high_wear,196.481325,173.1307410967269,261.87623906429064,595.72,2.274815012345395,0.9375,0.5416021129839415,980838.6263595712,0.0,0.0,1.8874671875,4.864045648880373,5.217420096013091,12.073,2.313978897199714,0.46875,0.49662173400581444,757.868223259375,0.0,0.0,2.4081765625,4.94539269376502,5.500565721061675,12.745,2.317034400879781,0.46875,0.4964380686845801,783.3568146456248,0.0,0.0
W8,nuaa,1832.5065,1863.6915,0.2875153072508668,high_wear,223.39639375,172.34808117146954,282.152104057355,595.72,2.111343461322918,0.625,0.5157742177970509,952848.3972565787,0.0,0.0,1.7648812499999997,3.9970705649135643,4.36936825267681,10.563,2.4175119580568154,0.46875,0.4878832403110484,511.2504858615627,0.0,0.0,2.2767609375,4.0618502552184115,4.656422216932626,11.27,2.4203131664086954,0.46875,0.48825088619070817,527.9565294912501,0.0,0.0
W8,nuaa,1848.3465,1879.5315,0.28801872412919516,high_wear,242.23668750000002,148.64981566418473,284.2100991660373,638.79,2.247597822436334,0.25,0.5012676138618987,707257.568844,0.0,0.0,1.702109375,4.202647337791932,4.534249769290671,10.585,2.3344545489508612,0.46875,0.5025591640705135,565.3228238784376,0.0,0.0,2.2146875,4.272516582527065,4.8124046661336575,11.239,2.335422887250574,0.46875,0.5024605134796911,584.25442729625,0.0,0.0
W8,nuaa,1864.1865,1894.9425,0.2884844696324266,high_wear,185.93898437500002,211.13820820603001,281.3408055630384,638.79,2.2705202635700497,0.03125,0.4700235625374477,1466220.4694033125,0.0,0.0,0.9679156250000001,4.5429484378339975,4.64491562527647,12.464,2.6833641352221833,0.5,0.4324720992348756,660.7079656834376,0.0,0.0,1.4800625000000003,4.60793954450156,4.839802873019468,13.132,2.7133336510888046,0.5,0.4327642741074394,679.7535060428125,0.0,0.0
W8,nuaa,1880.0265,1910.7825,0.2888988967632735,high_wear,53.38170000000001,218.10691574684765,224.54450024770702,624.43,2.780874166640278,0.03125,0.46451739031320505,1616537.857318285,0.0,0.0,1.4543359375,4.420432184518528,4.653527019050308,12.464,2.6783985456570214,0.21875,0.40721550130211337,627.9304238375001,0.0,0.0,1.9870578125,4.481436960876942,4.902211336175874,13.132,2.6787910800769423,0.21875,0.406830537274727,645.4651213674999,0.0,0.0
W8,nuaa,1895.4375,1926.6225,0.28925139023633073,high_wear,-28.933759375,159.3639086272837,161.96918782452306,423.47,2.61450962178551,0.15625,0.5107484929562321,832534.3587133375,0.0,0.0,2.8505249999999998,3.9078271079095224,4.8370037710278355,10.025,2.0725640240445267,0.1875,0.3987760127184821,495.5963876603126,0.0,0.0,3.4032890625,3.983165713079124,5.239082509445834,10.773,2.0562760713496604,0.1875,0.398724307682376,515.3814661800001,0.0,0.0
W8,nuaa,1911.2775,1942.4625,0.2895322870795235,high_wear,-24.223671874999994,152.10436419803332,154.02117999546564,322.98,2.096984323906027,0.25,0.508764079447468,742429.9008433849,0.0,0.0,2.129496875,3.530332766936105,4.12286385731296,9.6413,2.3384958450419537,0.03125,0.41927537422777583,411.31923270093756,0.0,0.0,2.6744515625,3.600251538520963,4.484919430801545,10.342,2.305950008593951,0.03125,0.4192114022339082,428.2284311125,0.0,0.0
W8,nuaa,1927.1175,1958.3025,0.28973895072934924,high_wear,-22.653553125000002,168.23467632392905,169.75302585522405,380.4,2.2409026176913556,0.09375,0.4765138431793966,921471.026939175,0.0,0.0,2.118715625,3.4213428174392813,4.024244348205325,9.4723,2.3538083626120567,0.03125,0.46219898703694223,379.6903770275,0.0,0.0,2.67353125,3.490467547114704,4.396718440176435,10.135,2.3051282764409393,0.03125,0.46129401912344115,395.29796322000004,0.0,0.0
W8,nuaa,1942.9575,1974.1425,0.2898746366284777,high_wear,-38.129903125,170.62748071135843,174.835999400086,409.11,2.3399643174390707,0.09375,0.5039311006192868,978163.4591346725,0.0,0.0,2.6016515625,3.723738903726006,4.542556799400669,8.2026,1.8057231559729152,0.0625,0.4478007893302759,443.950019411875,0.0,0.0,3.183775,3.791505003458389,4.950952781220499,8.9518,1.808096420138594,0.0625,0.4475385969787744,460.26064409531244,0.0,0.0
W8,nuaa,1958.7975,1989.9825,0.2899516572098183,high_wear,5.831396874999999,182.10139460887748,182.19473951794512,495.24,2.7181904445228056,0.71875,0.5056114882316611,1061561.5104662052,0.0,0.0,2.2045359375,3.5857146002996734,4.2091956350983795,6.5545,1.5571858778302674,0.0625,0.4251784986311894,413.1182133450001,0.0,0.0,2.7747921875,3.6391725756990714,4.576357582131367,7.1225,1.5563687653714346,0.0625,0.42360325789514175,425.47539502499995,0.0,0.0
W8,nuaa,1974.6375,2005.344,0.28998673619301724,high_wear,43.28875,183.77832104686613,188.80780482640938,495.24,2.6229847884483672,0.84375,0.5495243743303607,1087584.3887852912,0.0,0.0,2.9757796875,3.401461683929962,4.519425443104605,10.704,2.368442655986581,0.5,0.45255900133897004,370.30589340125,0.0,0.0,3.5250953125000004,3.4628403276532658,4.941412763272387,11.348,2.2965092259333812,0.5,0.4521036782868881,383.78964486812504,0.0,0.0
W8,nuaa,1990.4775,2021.184,0.28999795678315826,high_wear,77.830275,162.96603798733074,180.59756710394453,480.89,2.662771197372883,0.34375,0.5328369988607982,857518.4446746212,0.0,0.0,3.0611328125,4.0126919288620435,5.047002141045588,10.704,2.120862979816857,0.21875,0.42359598763219214,518.355552504375,0.0,0.0,3.601775,4.0889281430162105,5.449047302912226,11.348,2.0825658815505417,0.21875,0.4232516232179927,538.3522231328125,0.0,0.0
W8,nuaa,2005.839,2037.024,0.2899999168967201,high_wear,117.97870312500001,140.0850448813862,183.1469196860184,480.89,2.6257061861833297,0.96875,0.5077665617560735,636777.5475740101,0.0,0.0,1.5184437499999999,4.517026504650038,4.765417071529521,10.295,2.160356553365787,0.09375,0.4080237599750281,653.24689984375,0.0,0.0,2.0347046875,4.589971296459464,5.020742939810427,10.941,2.1791595648617514,0.09375,0.4066797041207333,674.5428613687501,0.0,0.0
W8,nuaa,2021.679,2052.864,0.2899999999999796,high_wear,99.137675,169.61528690417876,196.46278058704274,538.3,2.739959184083249,1.0,0.5231181009190876,1011806.5103453114,0.0,0.0,1.2809234374999998,4.1632688796914055,4.355866459998946,7.1669,1.645344288172171,0.125,0.3930267571705412,554.6621631568751,0.0,0.0,1.8017624999999997,4.226717322007263,4.594723868369295,7.9186,1.7234115099957847,0.125,0.39215684463096095,571.6889969078125,0.0,0.0
W8,nuaa,2037.519,2068.704,0.29000000000000004,high_wear,104.96951250000001,186.29950512666045,213.83662961458742,538.3,2.517342332650002,0.09375,0.48937488104163834,1155001.4224911549,0.0,0.0,1.9033593750000002,4.010120108812155,4.438900787075557,7.8518,1.7688613412720435,0.375,0.4212636627583748,515.1218519384374,0.0,0.0,2.4502531249999997,4.082802366442409,4.76161900407834,8.0555,1.6917565208599097,0.375,0.4212331421822604,533.9107486825,0.0,0.0
W8,nuaa,2053.359,2084.544,0.29000000000000004,high_wear,181.67786875,174.98751651042215,252.2448788935615,638.79,2.5324200943224975,0.03125,0.45798800122981975,994085.21892608,0.0,0.0,1.8023140625,4.7554421148914745,5.085525114279621,11.276,2.217273486338348,0.125,0.39252653848581637,726.56853570625,0.0,0.0,2.352496875,4.840089119303769,5.381515049657253,11.951,2.220750084265054,0.125,0.3926880206498305,752.5819674825001,0.0,0.0
W8,nuaa,2069.199,2100.384,0.29000000000000004,high_wear,218.23735937499998,169.32970643677743,276.2247174112739,638.79,2.3125736392695764,0.375,0.5389541586007496,957203.3596785824,0.0,0.0,1.3915875,4.661015413964939,4.864317059914475,11.276,2.3181054732066038,0.125,0.4139539049089187,695.4524189350001,0.0,0.0,1.924178125,4.733003218936047,5.109185935859792,11.951,2.3391201944951026,0.125,0.4138149137582111,717.0809462799999,0.0,0.0
W8,nuaa,2085.039,2116.1316,0.29000000000000004,high_wear,161.827853125,221.8939693579324,274.6364645935889,710.56,2.587274785420418,0.34375,0.5192897065132145,1581281.0801799379,0.0,0.0,0.8553937500000001,3.9800690802687004,4.070951774616104,9.5558,2.347313485653149,0.125,0.4972007555781703,517.0258360365625,0.0,0.0,1.3818640625,4.039149909029714,4.2689905451808805,10.227,2.395648313521077,0.125,0.4979679069769407,532.7995409074999,0.0,0.0
W8,nuaa,2100.879,2131.9716,0.2899999999999999,high_wear,102.16574374999999,210.6004264432989,234.0734474776881,710.56,3.035628379283518,0.65625,0.5366235606406761,1459215.31839383,0.0,0.0,0.9683062500000001,3.6847911864969958,3.8098954161334926,9.0225,2.368175242237113,0.09375,0.48541896879433005,451.3342417015626,0.0,0.0,1.52675,3.7413019427149288,4.040829839162063,9.6953,2.3993338957352606,0.09375,0.4872203403902249,465.91203736281255,0.0,0.0
W8,nuaa,2116.6266,2147.8115999999995,0.29,high_wear,65.04510937500001,163.31551472543848,175.7919895889475,373.22,2.123077398877482,1.0,0.5346360690261954,988890.7455874374,0.0,0.0,1.2408015625000002,3.654980228293487,3.859853492908604,9.1632,2.3739761151128675,0.09375,0.45016197035238137,429.60327212625003,0.0,0.0,1.8159515625,3.7142562584500087,4.134414061361205,9.8951,2.3933500256967877,0.09375,0.45078567037993117,443.675872610625,0.0,0.0
W8,nuaa,2132.4666,2163.6516,0.29000000000000004,high_wear,79.62445312499999,184.6862581990341,201.119535358989,602.9,2.9977197338083124,0.21875,0.5018294788718972,1117453.6923503752,0.0,0.0,1.74700625,4.586181236908703,4.9076561794111555,11.836,2.411741892118478,0.21875,0.5061157366238073,684.2157186100001,0.0,0.0,2.3388578124999997,4.683455971816001,5.234980010184494,12.6,2.406885981510356,0.21875,0.5067798134429261,713.9323258175,0.0,0.0
W8,nuaa,2148.3065999999994,2179.4916,0.29000000000000004,high_wear,112.37153125,203.41259419749622,232.38770301723153,602.9,2.5943713551628633,0.46875,0.5210929016079304,1324416.07318475,0.0,0.0,2.1390671875000002,5.30526329430426,5.720264596548944,11.877,2.0763025555086103,0.21875,0.5081328210430599,905.0203595131251,0.0,0.0,2.7314078124999996,5.415901785059226,6.065688813613319,12.666,2.0881387735509116,0.21875,0.5087081190695132,943.2709963893751,0.0,0.0
W8,nuaa,2164.1466,2195.3315999999995,0.29000000000000004,high_wear,84.11057812499999,197.01779007163958,214.22091157782512,473.71,2.21131539638652,0.5,0.510422049888815,1245977.6771915,0.0,0.0,0.9369796874999999,5.265444430677828,5.348161926058686,11.877,2.2207629769266775,0.28125,0.481800455200388,892.908189973125,0.0,0.0,1.4945640624999998,5.355415355255113,5.56005353968995,12.666,2.278035617748081,0.28125,0.48220728888621694,923.7474264775,0.0,0.0
W8,nuaa,2179.9866,2211.1716,0.29,high_wear,89.941671875,202.72589292256603,221.78208223596846,473.71,2.1359254779472625,0.65625,0.5043839278528391,1360026.4763560002,0.0,0.0,1.3175656249999999,4.697523632731224,4.878801846380933,11.691,2.396285065086691,1.0,0.485554953645473,737.2081202434375,0.0,0.0,1.8894984375000001,4.779767468078735,5.1396868965160465,12.485,2.429136297867288,1.0,0.48504869290019065,763.4580895375,0.0,0.0
W8,nuaa,2195.8265999999994,2226.8234999999995,0.2899999999999999,high_wear,95.88519375,212.9778471689954,233.5669791841625,502.42,2.151074615748028,0.5625,0.48894014532534225,1453103.4361193238,0.0,0.0,2.1466890625,4.175665275517378,4.695152225883496,11.691,2.4900151129391936,1.0,0.5345342274738787,604.8853578875,0.0,0.0,2.721865625,4.2613222894725835,5.05642365069547,12.485,2.469136461356989,1.0,0.5331133094446375,629.8472557425001,0.0,0.0
W8,nuaa,2211.6666,2242.6635,0.29,high_wear,80.857828125,208.5164104150674,223.64499051281447,681.85,3.0488051551547324,0.34375,0.47134459576126553,1392928.2288533524,0.0,0.0,1.5193875,5.012306002932308,5.237532801060772,12.92,2.4668103266834485,0.8125,0.5054447647018451,805.5810432028125,0.0,0.0,2.0669125,5.114468948040329,5.516332105949115,13.664,2.477008225314062,0.8125,0.5057814024310004,838.6731911128126,0.0,0.0
W8,nuaa,2227.3184999999994,2258.5035,0.29,high_wear,98.464703125,188.38705794615376,212.56759245732138,681.85,3.20768557482204,0.90625,0.4520069708112442,1135864.6453951402,0.0,0.0,1.9074375,5.200756066594429,5.539510942368921,12.92,2.3323358567958494,0.5625,0.4862559809172424,878.7672783803125,0.0,0.0,2.4751593750000005,5.305750503013179,5.854690626487022,13.664,2.333855172156002,0.5625,0.4868816283889115,914.6415061584374,0.0,0.0
W8,nuaa,2243.1584999999995,2274.3434999999995,0.29,high_wear,108.3333875,161.39995067935612,194.3863856511658,409.11,2.1046227009650993,0.3125,0.482236693204462,835145.1084173599,0.0,0.0,2.1746046875,4.120954712177966,4.659525006555792,11.868,2.5470407355475357,0.34375,0.4789271180727578,543.4899815712499,0.0,0.0,2.759921875,4.200049024433701,5.02569204824072,12.597,2.5065204710283973,0.34375,0.4789077046117368,564.5424366025,0.0,0.0
W8,nuaa,2258.9985,2290.1835,0.29000000000000004,high_wear,115.511115625,157.4518376941573,195.27902863902045,437.82,2.2420226229685127,0.40625,0.5035218425017872,809736.3151547424,0.0,0.0,1.5623624999999999,3.4995553372223234,3.832474936602652,10.279000000000002,2.682078857666831,0.84375,0.5014179856365971,395.50783416625006,0.0,0.0,2.135915625,3.5718823760299494,4.16178798899133,11.059,2.657271352902412,0.84375,0.5012695329672356,411.95926591343755,0.0,0.0
W8,nuaa,2274.8384999999994,2306.0235,0.29,high_wear,115.062634375,155.62235125851362,193.53998563744682,437.82,2.262168195156097,0.375,0.549705456292295,794820.9760753674,0.0,0.0,1.514009375,3.3922737533584475,3.7148008836696076,8.3305,2.24251588735783,0.0625,0.5478829608802094,390.00203795749997,0.0,0.0,2.090740625,3.4578363044466998,4.040770751895608,8.9589,2.2171265211710405,0.0625,0.5469428195787168,404.2040343325,0.0,0.0
W8,nuaa,2290.6784999999995,2321.8634999999995,0.29,high_wear,168.220046875,163.50176321767046,234.5864675251204,581.37,2.478275947173912,0.875,0.5465133687477883,870286.7778687525,0.0,0.0,1.8014312499999998,4.2516140189225125,4.617507586823762,12.322,2.6685391996239067,0.78125,0.590386749855674,597.9840989287501,0.0,0.0,2.3924515625,4.324596211533518,4.942262323240112,13.112,2.653036027315496,0.78125,0.59014707050399,617.707228759375,0.0,0.0
W8,nuaa,2306.5185,2337.2447999999995,0.29000000000000004,high_wear,153.080240625,184.20787836245694,239.5122178942144,581.37,2.4273083231886496,0.34375,0.4986313487997505,1086656.2702738554,0.0,0.0,1.8382859374999998,4.627661525539492,4.979412252763247,12.322,2.4745892435722907,0.78125,0.546605322585271,708.22742735125,0.0,0.0,2.4330984375,4.708759408853494,5.300224823253373,13.112,2.473857324405273,0.78125,0.5467688865262946,733.313747470625,0.0,0.0
W8,nuaa,2322.3585,2353.084799999999,0.29000000000000004,high_wear,60.895703125000004,168.5975489370582,179.25797099898202,473.71,2.6426160987992557,0.40625,0.49908464068906594,909942.8217158127,0.0,0.0,1.9020453125,4.370833999111672,4.766756362411839,10.924,2.2917051280701024,0.375,0.49769383261071426,617.01408386125,0.0,0.0,2.5139734375,4.455062374291261,5.115431868697036,11.69,2.2852420479949793,0.375,0.4972692637513714,641.127039545,0.0,0.0
W8,nuaa,2337.7397999999994,2368.9248,0.2899999999999999,high_wear,71.10125000000001,166.02213508925172,180.60658097410584,545.48,3.0202664656954403,0.25,0.46911266368509225,883780.0169052813,0.0,0.0,1.7742203125000002,4.5078375814789124,4.844425391961492,10.707,2.2101692427272104,0.0625,0.4621008794587901,651.000844580625,0.0,0.0,2.3957296875,4.5912740646551375,5.178737131033371,11.505,2.2215840867953616,0.0625,0.46093742636394447,675.2723366643751,0.0,0.0
W8,nuaa,2353.5797999999995,2384.7647999999995,0.29000000000000004,high_wear,89.493125,162.79718442018776,185.77390203525962,545.48,2.936257429186521,0.40625,0.4473793541849874,849846.4562145,0.0,0.0,1.8729609374999998,4.38557301688649,4.768776924940371,11.057,2.3186238681395768,0.0625,0.45155597452768664,615.4979227912501,0.0,0.0,2.490778125,4.462600850137337,5.110653775753646,11.815,2.311837294878715,0.0625,0.45090383737030326,637.2978493696876,0.0,0.0
W8,nuaa,2369.419799999999,2400.604799999999,0.2899999999999999,high_wear,101.156703125,157.46294336165252,187.15570287660051,430.64,2.300971829236423,0.46875,0.4786782788388222,793466.7625411875,0.0,0.0,1.52481875,4.5802483078115905,4.827395444912557,11.569,2.3965304131428082,0.28125,0.4754936107569743,676.9796190915627,0.0,0.0,2.132325,4.666517060265611,5.130613158227289,12.379,2.4127720446335785,0.28125,0.47565025887138435,702.8598868553125,0.0,0.0
W8,nuaa,2385.2598,2416.4447999999998,0.2900000190348484,high_wear,141.978140625,152.59631018698764,208.4308669511683,459.35,2.203848243396779,0.5,0.5240118498585249,754685.1196703124,0.0,0.0,1.0540890625000001,4.192001260105265,4.322496768813859,11.569,2.6764623824518585,0.3125,0.5095254729627208,565.4433447406251,0.0,0.0,1.6544171875,4.266119998405851,4.575683126167474,12.379,2.70538838872098,0.3125,0.509864092167179,585.8285945168749,0.0,0.0
W8,nuaa,2401.0997999999995,2431.9383,0.29000105329271086,high_wear,163.0611875,152.5802494688118,223.315210849765,545.48,2.4426459707976225,0.625,0.5457640286999792,778830.6473660001,0.0,0.0,0.6572250000000002,3.8509520896623735,3.9066323985627314,10.435,2.6710985153963005,0.09375,0.4801570162787628,474.65879720125,0.0,0.0,1.2546140625,3.9231339868810235,4.1188635234544675,10.079,2.4470342225728325,0.09375,0.4802577414072893,492.69423776937504,0.0,0.0
W8,nuaa,2416.939799999999,2447.7782999999995,0.2900085771272407,high_wear,113.043953125,183.04991042296956,215.14229022668783,559.84,2.602184811782548,1.0,0.5034570902888966,1144585.709140875,0.0,0.0,0.7111562499999999,4.004077723937928,4.06674091026832,10.435,2.565936761216369,0.1875,0.45887356363087195,519.4267900190624,0.0,0.0,1.306271875,4.083210178602919,4.287067946051532,10.717,2.4998437474895994,0.1875,0.45881389055747196,540.4985774799999,0.0,0.0
W8,nuaa,2432.4332999999992,2463.618299999999,0.2900355119749216,high_wear,76.708671875,189.28866083982146,204.241076826772,559.84,2.7410744630710644,0.90625,0.5121367749071957,1172124.3976204377,0.0,0.0,1.8423031250000002,3.904151245227986,4.316998697011617,10.835,2.509845557169239,0.21875,0.41536502793362545,492.34079146468747,0.0,0.0,2.4659765625,3.981977821178432,4.683715168021669,11.616,2.4800824950477134,0.21875,0.41444224630031523,512.134411885,0.0,0.0
W8,nuaa,2448.2732999999994,2479.4583,0.2900999177874344,high_wear,90.83889062499999,169.39446055288724,192.21391030824066,401.93,2.091055737617801,0.3125,0.5614997136914311,927768.5762693125,0.0,0.0,2.224621875,3.912342425479777,4.500596153948663,10.835,2.4074588408679496,0.34375,0.42836271470723253,490.06244525468753,0.0,0.0,2.8548625000000003,3.9905413743195606,4.906593559085825,11.616,2.3674265781582777,0.34375,0.4272812381078356,509.79836463625,0.0,0.0
W8,nuaa,2464.1132999999995,2495.2982999999995,0.29021902686757484,high_wear,57.643593749999994,161.32235081000465,171.31165976453923,430.64,2.513781026883382,1.0,0.5048143390577652,884379.05859775,0.0,0.0,2.2509234375,3.9864140776729946,4.578007592846069,11.307,2.469851735866308,0.28125,0.44036938420692334,509.934515104375,0.0,0.0,2.8841796875,4.073875293991416,4.991487992651215,12.145,2.4331421848315853,0.28125,0.4399955513870108,532.66747027875,0.0,0.0
W8,nuaa,2479.953299999999,2511.138299999999,0.29040626463916575,high_wear,71.774109375,179.50682288818416,193.32413775828505,459.35,2.3760612892236437,0.03125,0.4814842136278753,1060902.3438613126,0.0,0.0,2.2031703124999997,4.569116661233592,5.072552265856286,11.307,2.229055396059343,0.25,0.4284857795512947,674.3926408187501,0.0,0.0,2.8482046875,4.6748103921920485,5.474132090554972,12.145,2.2186165403196783,0.25,0.4283644911461233,705.7022820575,0.0,0.0
W8,nuaa,2495.7933,2526.9782999999998,0.2906686440552518,high_wear,72.67121875,190.41929357920154,203.81514517280726,617.26,3.0285286183058098,0.03125,0.5092771217976634,1173930.0214905937,0.0,0.0,2.1173703125000003,4.693385250797116,5.148895236131364,10.48,2.035388082177057,0.25,0.42150403705368095,705.0486446381251,0.0,0.0,2.7650078125,4.781928533986859,5.523776670661455,11.216,2.0304948350956624,0.25,0.42156291696548226,731.9398345099999,0.0,0.0
W8,nuaa,2511.6332999999995,2542.5938999999994,0.2910055541371963,high_wear,55.17675,190.5224112634128,198.3513623199687,617.26,3.111952410008017,0.9375,0.49672589770006564,1161575.7465780315,0.0,0.0,2.07078125,4.3314289671854755,4.800980304388365,11.07,2.3057790905497777,0.1875,0.40241438410282954,608.01038570875,0.0,0.0,2.725696875,4.4048131709446805,5.179942328377074,11.84,2.2857397340386196,0.1875,0.40157004527051166,628.7486422696875,0.0,0.0
W8,nuaa,2527.473299999999,2558.4338999999995,0.2914063598412781,high_wear,78.278603125,162.56796731040103,180.43249070673738,416.29,2.3071787036216738,0.90625,0.5126251277805751,847155.9809195052,0.0,0.0,1.3255375,3.8570135375175636,4.078431450018499,11.07,2.7142787945963365,0.46875,0.41497219906507765,482.25027887781255,0.0,0.0,1.9754562500000001,3.9332184426320564,4.401435528679819,11.84,2.6900314506143244,0.46875,0.4134188721661038,500.5947477637499,0.0,0.0
W8,nuaa,2543.0888999999997,2574.2738999999992,0.29186121985940106,high_wear,103.399165625,149.3667322751562,181.66399798117507,480.89,2.6471398039463616,0.875,0.5549155829155638,714063.8711616275,0.0,0.0,1.0623796875,4.022296215401242,4.160230455737248,10.57,2.5407246335171725,0.5,0.5342648786715769,526.2665984781248,0.0,0.0,1.701975,4.101729367634157,4.440822300648552,11.345,2.554707041158377,0.5,0.5330292298575828,545.4900428353127,0.0,0.0
W8,nuaa,2558.9288999999994,2590.1138999999994,0.2923584577625665,high_wear,116.85678125,189.0527953077219,222.25315911764616,581.37,2.6158008385935294,0.375,0.5163745635065337,1151825.8391790339,0.0,0.0,1.3253125,4.124875696214221,4.332557297010046,10.57,2.43966767786187,0.5,0.48880676586173905,545.0958972062498,0.0,0.0,1.9537859375,4.203221833786673,4.63512171076378,11.345,2.447616418281832,0.5,0.48823130227428213,565.93680595,0.0,0.0
W8,nuaa,2574.7689,2605.9538999999995,0.2928782488161157,high_wear,105.64260937499999,191.2449689881881,218.48340687304352,581.37,2.660934339685681,0.40625,0.5180469893562522,1176378.1408818224,0.0,0.0,1.211259375,4.165042502623725,4.337594762329406,8.5438,1.969709128708867,0.5,0.49694491694770104,558.8040706821874,0.0,0.0,1.8435859374999999,4.244854276020085,4.627914966115275,9.2416,1.9969251958312242,0.5,0.49529729015339713,579.5032423643751,0.0,0.0
W8,nuaa,2590.6088999999997,2621.7939,0.2934079239534382,high_wear,115.960415625,163.25170812320505,200.2446958025777,610.08,3.0466724601858175,0.65625,0.5442238756630238,891510.8174446274,0.0,0.0,1.152571875,4.284121979234366,4.436453883452414,9.7801,2.204485892771008,0.5,0.4682695023932246,589.8388977746876,0.0,0.0,1.78058125,4.363987266103207,4.713263672505762,10.522,2.2324233760523056,0.5,0.46575954200147335,611.2476617165623,0.0,0.0
W8,nuaa,2606.4488999999994,2637.6339,0.29394078247942823,high_wear,149.8282125,181.21748230403597,235.13457668654084,624.43,2.6556281462272175,0.5625,0.4397162433805296,1051188.309388186,0.0,0.0,1.5029359375,4.600090600988446,4.839385288394721,11.919,2.4629161122142578,0.53125,0.5010873716600935,678.25521508125,0.0,0.0,2.127571875,4.683226739601819,5.143848245993704,12.749,2.4784945803814455,0.53125,0.5012844168679194,702.7918084296878,0.0,0.0
W8,nuaa,2622.2889,2653.4738999999995,0.29447325796128976,high_wear,183.248053125,182.3223938217932,258.4981707150205,624.43,2.415607036107031,0.125,0.4773435315088649,1065698.51593518,0.0,0.0,1.7715828125,4.868908515377019,5.181194436870348,11.919,2.3004348022884775,0.53125,0.48345588838366677,758.7114057900001,0.0,0.0,2.4005765625,4.965258312003459,5.515120845216699,12.749,2.3116447232624635,0.53125,0.48350460354120484,789.0037978106251,0.0,0.0
W8,nuaa,2638.1288999999992,2669.0169,0.29500003478201936,high_wear,135.697840625,204.10566509784272,245.097993617493,437.82,1.7863059323254784,0.78125,0.49425211137517056,1344723.015928185,0.0,0.0,1.4337874999999998,4.179751374951176,4.418831084298483,10.488,2.3734783701660858,0.5,0.5025334991527591,559.3915723703126,0.0,0.0,2.0873171875,4.267852916153899,4.750943227944979,11.253,2.368582291998359,0.5,0.5050311422837369,583.47453830875,0.0,0.0
W8,nuaa,2653.6719,2684.8568999999998,0.2955268676532102,high_wear,101.156209375,214.7218172912613,237.35635132850484,552.66,2.3283977736711585,0.5625,0.5379731195009583,1484918.7163496674,0.0,0.0,1.6092640624999999,4.402340897691789,4.687252521717147,12.663,2.7015826310465103,0.5,0.48142605987310766,620.25194788125,0.0,0.0,2.2628343749999997,4.489182404306029,5.027243585486236,13.518,2.6889486793571664,0.5,0.4788467851938081,644.8962434674999,0.0,0.0
W8,nuaa,2669.5118999999995,2700.6968999999995,0.29605978356166984,high_wear,101.82919687500001,183.66878036082878,210.00810988017076,552.66,2.6316126568414147,0.59375,0.5498103857612758,1089797.7198319877,0.0,0.0,1.6435109375,4.283705136696692,4.588164981759456,12.663,2.75992690985232,0.5,0.49440521933650367,588.0050378412499,0.0,0.0,2.2897140625,4.364115707350803,4.928315776729028,13.518,2.7429248880176322,0.5,0.4922155718345433,609.95797812625,0.0,0.0
W8,nuaa,2685.3519,2716.5369,0.2965932239641205,high_wear,92.40885,179.91684623719925,202.26088875079756,667.5,3.300193152134401,0.5,0.4958709738319817,1044657.7068157413,0.0,0.0,1.4890343750000001,2.758693469075236,3.134902395011685,8.4899,2.708186389952455,0.5,0.5127717534651749,244.1235252834375,0.0,0.0,2.1435062499999997,2.8113126569759967,3.535264898004462,9.3624,2.6482881113901136,0.5,0.5095179481669473,253.24034608875002,0.0,0.0
W8,nuaa,2701.1919,2732.3768999999998,0.2971232750328174,high_wear,127.6231375,186.6576716383594,226.11667697628474,667.5,2.9520157863898198,0.5,0.47824335531204226,1118779.9472096402,0.0,0.0,1.8866343749999999,1.760658082953178,2.580563145904397,4.4432,1.721794720292657,0.5,0.5163628681340303,99.50329785343749,0.0,0.0,2.526565625,1.7946142615840486,3.099060213244089,5.0947,1.643949987879351,0.5,0.5150552216672706,103.293377195,0.0,0.0
W8,nuaa,2717.0318999999995,2748.2168999999994,0.2976427384994785,high_wear,141.97797500000001,179.60734927495486,228.94659922933175,667.5,2.91552703664044,0.78125,0.5222893184570407,1034729.93151764,0.0,0.0,1.7762015625,1.9335398492380003,2.6255415325640445,4.4624,1.69961127815111,0.5,0.5300535936330707,120.25877643812503,0.0,0.0,2.4097,1.96715356178032,3.1106827587565085,5.1789,1.6648756564524305,0.5,0.5290668178150971,124.32422319031248,0.0,0.0
W8,nuaa,2732.8719,2764.0569,0.2981397819955123,high_wear,159.24828125,182.9303524371732,242.5356240305071,667.5,2.7521730165133973,0.59375,0.5162533437608859,1070993.4006512288,0.0,0.0,1.6561875000000001,1.9353954479236923,2.5472951487803686,4.4624,1.7518189842023502,0.5,0.5056043760145065,120.26098413624999,0.0,0.0,2.291671875,1.963091980259454,3.017530464738509,5.1789,1.7162709906389593,0.5,0.5040796121875629,123.60063268500002,0.0,0.0
W8,nuaa,2748.7119,2779.477799999999,0.2985929620027968,high_wear,135.80943125000002,161.10366868189726,210.70973797908582,523.95,2.486596039771096,0.59375,0.5158135256480878,833448.362686574,0.0,0.0,1.5774921874999999,3.4211074072086243,3.7672878166236847,11.654000000000002,3.093472165459484,0.53125,0.49036274072480207,376.13754554562496,0.0,0.0,2.20110625,3.4766182872546474,4.1148199765071745,12.44,3.0232185298564564,0.53125,0.4906187117182982,388.14875873999995,0.0,0.0
W8,nuaa,2764.5518999999995,2795.3178,0.2989919039430407,high_wear,87.137953125,177.83492879629182,198.03606937827482,430.64,2.174553359658039,0.9375,0.5047297612577458,1012221.2695152502,0.0,0.0,1.6073093749999998,4.280013992446416,4.571866490012585,11.654000000000002,2.549068312790543,0.53125,0.48388961356112264,586.1936588621876,0.0,0.0,2.2276140625,4.354284490765503,4.891018077861577,12.44,2.543437746899301,0.53125,0.4844831868473388,606.713389851875,0.0,0.0
W8,nuaa,2779.9728,2811.1577999999995,0.29932933254684047,high_wear,100.03493750000001,196.9211176442133,220.8730750790485,473.71,2.1447159180921593,0.34375,0.5055889425671147,1256355.3935136565,0.0,0.0,1.65664375,4.769417107037131,5.048941280636218,13.078,2.5902460086349106,0.53125,0.4898825999208505,727.9476973400001,0.0,0.0,2.280203125,4.862554223989717,5.3706386838531595,13.894,2.5870293679916228,0.53125,0.49027725922166343,756.6471983509373,0.0,0.0
W8,nuaa,2795.8127999999992,2826.997799999999,0.2995925829543208,high_wear,131.436328125,187.2197204295543,228.75037064167378,574.19,2.510116151459446,0.09375,0.4633371076401221,1130455.0704814375,0.0,0.0,1.5647718750000004,4.930362899056872,5.172715856993065,13.078,2.5282656850984138,0.53125,0.49556948744922025,779.0825744259377,0.0,0.0,2.1889203125,5.026244723019478,5.482199207449165,13.894,2.534384372811727,0.53125,0.49539602040814995,809.4685778056252,0.0,0.0
W8,nuaa,2811.6527999999994,2842.8378,0.29978060538845114,high_wear,133.4550625,194.9775340950268,236.27630543212803,574.19,2.430163274094956,0.0625,0.4704950471822125,1242485.0294721564,0.0,0.0,1.7525187500000001,5.2168793509289095,5.50337643008817,13.777,2.5033722797296054,0.5,0.4942607824192569,871.1922198000001,0.0,0.0,2.371215625,5.3172627639022,5.822022573008885,14.654000000000002,2.516994706948835,0.5,0.49451245449020326,905.0756314171873,0.0,0.0
W8,nuaa,2827.4927999999995,2858.6777999999995,0.2999000205766329,high_wear,121.791484375,173.3755456470318,211.87790232742978,516.77,2.4389990382357056,0.875,0.5421958793339067,1008963.8378076251,0.0,0.0,2.059003125,5.666184891225553,6.0286934812040744,13.806,2.2900484231025477,0.5,0.4884147925549584,1027.7626460009374,0.0,0.0,2.651703125,5.778721346267073,6.358077528698238,14.704,2.312648742270137,0.5,0.4881774358987228,1068.9054978809377,0.0,0.0
W8,nuaa,2843.332799999999,2874.517799999999,0.29996498561852225,high_wear,157.90284375,177.59552079727922,237.6414885317666,689.03,2.8994516246177033,0.59375,0.533346031294424,1059151.491440219,0.0,0.0,1.9489343749999999,5.113723161632663,5.472523163210458,13.806,2.5227851190858557,0.46875,0.48032996837169234,836.8584125125,0.0,0.0,2.5576703125000004,5.213056507692958,5.8066888654244035,14.704,2.532252087339159,0.46875,0.4805770574274308,869.7042017956251,0.0,0.0
W8,nuaa,2859.1728,2890.0014,0.2999966146253006,high_wear,167.09853125,168.96181922534015,237.63420524378168,689.03,2.899540490364782,0.75,0.5395025720879578,933374.0253544687,0.0,0.0,1.7160546875000002,4.666617740228519,4.972138858067647,15.193,3.0556266495551068,0.46875,0.5048376347326741,698.354314888125,0.0,0.0,2.3322218749999997,4.7493659559549615,5.291099683223942,14.798,2.79677210522395,0.46875,0.5046740439885065,723.2728210759376,0.0,0.0
W8,nuaa,2875.0127999999995,2905.8414,0.3000237862427444,high_wear,98.91354687500001,152.91147612190218,182.1148244519701,459.35,2.5223097646350383,1.0,0.5185937039721695,818541.0032560625,0.0,0.0,1.5909406249999998,4.401804026643464,4.6804883037189615,15.193,3.2460288359076004,0.46875,0.508488979493703,620.6022277484376,0.0,0.0,2.198665625,4.473374498079538,4.984496958633339,14.798,2.9688051016601182,0.46875,0.5086511556003571,640.953314405,0.0,0.0
W8,nuaa,2890.4963999999995,2921.6813999999995,0.3000769976402906,high_wear,89.26946874999999,197.9887838305153,217.18332480555165,531.13,2.445537660294734,1.0,0.5089765546836248,1368291.0119147503,0.0,0.0,1.7231296875,4.725074080890151,5.029463290436043,11.31,2.248748891657473,0.5,0.4934030186774721,714.5446390043749,0.0,0.0,2.3333390625,4.807815593405478,5.344114703183424,12.075,2.2594949155576827,0.5,0.4937508226630492,739.77313779625,0.0,0.0
W8,nuaa,2906.3363999999992,2937.5214,0.30017965223990367,high_wear,86.5778125,211.67242257834062,228.69397040033382,531.13,2.322448637671755,0.0625,0.5003882052671362,1449227.5074560002,0.0,0.0,1.9832578125,5.1993422967418645,5.56475263327412,12.707,2.28347975865436,0.5,0.48780057442367225,866.711670291875,0.0,0.0,2.5873421875,5.295695462850132,5.893957077419953,13.526,2.294892857604747,0.5,0.4887192260659829,898.8105427812498,0.0,0.0
W8,nuaa,2922.1763999999994,2953.3614,0.30034763545865134,high_wear,47.10193750000001,218.12240498949745,223.15012004176975,531.13,2.3801466022092295,0.5625,0.5434103679905044,1522791.8061893748,0.0,0.0,1.8855999999999997,5.081473105372594,5.420042092145134,12.707,2.3444467374921896,0.53125,0.47400828684345897,826.4269179600001,0.0,0.0,2.5023,5.1769875994032475,5.750017903830822,13.526,2.3523405015814998,0.53125,0.4750482308056252,857.7505915012498,0.0,0.0
W8,nuaa,2938.0163999999995,2969.2013999999995,0.30059024982310195,high_wear,92.409203125,227.53468077238932,245.58398110705556,588.55,2.396532531751075,0.5625,0.5406813951826147,1656762.9721763749,0.0,0.0,1.7383000000000002,4.833559150550969,5.136631284399826,11.248,2.1897620010532326,0.53125,0.5127494695417313,748.19844863125,0.0,0.0,2.348003125,4.922920826665328,5.454197295718684,12.019,2.203623988709468,0.53125,0.5148274958488389,776.1977279074999,0.0,0.0
W8,nuaa,2953.8564,2985.0414,0.30090877222881673,high_wear,114.390109375,178.15614222335952,211.7184643216892,588.55,2.77987090963283,0.75,0.522023545999447,1019692.3579361874,0.0,0.0,1.7759437500000002,4.201481318084247,4.561405646220801,11.248,2.465906536797303,0.53125,0.4853219062977051,565.5078027237499,0.0,0.0,2.3815,4.280443050265065,4.898340020513327,12.019,2.4536883821185724,0.53125,0.4854502459713065,586.9169003503125,0.0,0.0
W8,nuaa,2969.6964,3000.4688999999994,0.3012922811042957,high_wear,63.026625,206.50816586150867,215.9119682332941,545.48,2.526400016003772,0.4375,0.5202164614902636,1365125.2149246254,0.0,0.0,1.452684375,3.461522435297561,3.7539884740682807,11.130999999999998,2.965112992991448,0.53125,0.4942625498767783,383.7771608824999,0.0,0.0,2.0808171875,3.52595226661158,4.09415919991135,11.963,2.9219674702095197,0.53125,0.4934870446558366,398.08324069562497,0.0,0.0
W8,nuaa,2985.5363999999995,3016.3088999999995,0.3017316688914904,high_wear,39.92390625,216.65559797469453,220.30335091421387,545.48,2.476040413077557,0.625,0.5099697117226634,1502995.9082027192,0.0,0.0,1.2318453125,4.472435521751882,4.638978591258668,11.543,2.488263261604771,0.5,0.470020644344108,643.8683346231248,0.0,0.0,1.8765515625,4.55809730644241,4.929269400399896,12.384,2.512339860952888,0.5,0.46745225662356615,667.5091522418751,0.0,0.0
W8,nuaa,3000.9638999999997,3032.1488999999992,0.3022183086311529,high_wear,61.68059375,186.6239406911261,196.55276870203966,430.64,2.1909637948312004,0.3125,0.4812962631412201,1124056.45855775,0.0,0.0,1.6482296874999998,4.74683069540482,5.024844550191951,11.953,2.3787800559011103,0.5,0.5217360683832364,724.377997639375,0.0,0.0,2.28595625,4.833403633532838,5.346717372515823,12.765,2.3874461862557004,0.5,0.5200834154578259,750.52805115375,0.0,0.0
W8,nuaa,3016.8038999999994,3047.9888999999994,0.30273284992285576,high_wear,70.428125,187.6060847330368,200.39002924266217,430.64,2.1490091180061497,0.21875,0.48174939464275507,1147195.0577696252,0.0,0.0,1.8097609374999999,3.8889742511529146,4.289446977995095,11.953,2.7866063064350737,0.5,0.47761433983884033,484.01679950874995,0.0,0.0,2.4287640625,3.958143379412846,4.643898565136975,12.765,2.7487680492916815,0.5,0.47891133201275354,501.43390226874993,0.0,0.0
W8,nuaa,3032.6439,3063.8288999999995,0.30326062647219926,high_wear,71.325140625,190.0488967467375,202.99226300484492,430.64,2.121460166142991,0.21875,0.5358867987964875,1163238.5368170624,0.0,0.0,1.68666875,3.1938533794851067,3.6118625225602097,10.52,2.912624701048441,0.5,0.49813794552089374,326.65468742906245,0.0,0.0,2.3175765625,3.250069114733475,3.9917552998140744,11.314,2.834342075158509,0.5,0.4983814332777713,338.22820949312506,0.0,0.0
W8,nuaa,3048.4838999999997,3079.6689,0.3037950944052963,high_wear,101.15595312500001,199.55908302676224,223.73277469139242,459.35,2.0531189524360394,0.125,0.49150407914514826,1274492.905135375,0.0,0.0,1.888415625,3.7626278707182643,4.209926610553918,11.273,2.67771888748359,0.53125,0.4641879712777346,453.0785260534375,0.0,0.0,2.5272765625,3.8262849168507347,4.5855842690197335,12.07,2.632161855915521,0.53125,0.46504225827151663,468.5407970781251,0.0,0.0
W8,nuaa,3064.3238999999994,3095.5089,0.3043401335756232,high_wear,86.57715625,190.67340755097598,209.40857750206294,459.35,2.1935586664088524,0.09375,0.4816849406012514,1175870.3784783436,0.0,0.0,1.57303125,5.4234518312796824,5.646968839978444,12.82,2.270244508742311,0.53125,0.47865597036209395,942.3296645065624,0.0,0.0,2.1885625,5.525196444796669,5.942861395826089,13.601,2.2886281698497175,0.53125,0.4772357352834346,977.84311366625,0.0,0.0
W8,nuaa,3080.1639,3111.0947999999994,0.30488017845637305,high_wear,83.10068125000001,205.91938846837226,222.05521333984146,624.43,2.81204836674719,0.15625,0.49250799792341715,1365119.9603202739,0.0,0.0,1.565471875,5.316809589948797,5.542487384486094,12.82,2.3130408985475186,0.53125,0.5123567329434046,904.964816045,0.0,0.0,2.1856546875,5.417884047356775,5.842136078832276,13.601,2.3280868190113373,0.53125,0.5121631144248582,939.6576666731249,0.0,0.0
W8,nuaa,3096.0038999999992,3126.9347999999995,0.3054063510330217,high_wear,76.820121875,202.2588553614267,216.35613163717912,624.43,2.8861211155648916,0.15625,0.49426220726676734,1332066.1973251028,0.0,0.0,2.0859796875,4.759035467605925,5.196126426348165,11.639,2.239937800778239,0.46875,0.5082253086239186,725.6575254206251,0.0,0.0,2.7226218749999997,4.848613029757478,5.560730004825131,12.455,2.239813835448332,0.46875,0.5078532225447849,753.1053894400001,0.0,0.0
W8,nuaa,3111.5897999999997,3142.7747999999992,0.3059361835778175,high_wear,35.88679375000001,164.21954424467103,168.09497517053418,452.18,2.6900268704716392,0.15625,0.5102896354695514,868026.416006499,0.0,0.0,1.8716015625000002,4.789522138268734,5.142218851985858,12.496,2.430079380066488,0.46875,0.4787658792642863,734.242836436875,0.0,0.0,2.4970796875000003,4.8792413229792855,5.481095041466965,13.299,2.4263399739262037,0.46875,0.4783683437150676,761.977374890625,0.0,0.0
W8,nuaa,3127.4297999999994,3158.6147999999994,0.30647443196068824,high_wear,82.54001875,185.74735260880476,203.2607529663068,552.66,2.7189705436721017,0.4375,0.4990859625812319,1108419.6494890302,0.0,0.0,1.9265609375,5.877379596108743,6.185081079715629,29.325,4.741247466613368,0.46875,0.4971880292597874,1109.081709744375,0.0,0.0,2.5616624999999997,5.9941389580129645,6.518574737768603,30.627,4.698419705545025,0.46875,0.4977348514395397,1153.5919660503123,0.0,0.0
W8,nuaa,3143.269799999999,3174.4547999999995,0.3070205308822709,high_wear,104.5206875,181.44130727260978,209.3932236254704,552.66,2.6393404257843183,0.4375,0.5168301269391224,1053496.0930487749,0.0,0.0,1.8142953125,5.3335931014663345,5.633727261145036,29.325,5.205257308469667,0.5,0.4994265774705876,915.1052415624999,0.0,0.0,2.4627265625,5.443077586377553,5.974287885009288,30.627,5.1264687255613195,0.5,0.49949571530684,952.723927921875,0.0,0.0
W8,nuaa,3159.1097999999997,3190.294799999999,0.3075732000403011,high_wear,98.465178125,167.46920607841653,194.2712698463752,552.66,2.8447850288775562,0.40625,0.5420646135135418,923435.0851347126,0.0,0.0,1.60436875,3.271605972028254,3.6438173283230735,9.471,2.5991972556864322,0.5,0.4905569652263194,343.0202936400001,0.0,0.0,2.2301921875,3.330818163018692,4.008504313117457,10.191,2.542344775993106,0.5,0.48914492462501447,355.435117325,0.0,0.0
W8,nuaa,3174.9497999999994,3206.1348,0.30813054131065915,high_wear,93.306484375,176.57748113540626,199.71406277612718,552.66,2.7672563079321733,0.4375,0.49806652161859116,1049907.760469875,0.0,0.0,1.8128359375,4.142635683896152,4.521924871753317,10.725,2.371777573527338,0.53125,0.48238312950584056,549.3103942462499,0.0,0.0,2.431628125,4.21867105857508,4.869291615702432,11.523,2.36646331939553,0.53125,0.48200201181409924,569.6348360346875,0.0,0.0
W8,nuaa,3190.7898,3221.7701999999995,0.3086880889159358,high_wear,48.671156249999996,179.83113311262133,186.30114837885796,466.53,2.5041713594339994,0.5,0.5034805327972998,1065960.79652525,0.0,0.0,1.8256593749999999,4.58611189338661,4.936137604664958,11.74,2.378377780413773,0.53125,0.482956499316234,673.0422447699999,0.0,0.0,2.4652531250000003,4.675683323355286,5.285781636676358,12.543,2.372969763443898,0.53125,0.48405891354286223,699.5901018550001,0.0,0.0
W8,nuaa,3206.6297999999992,3237.610199999999,0.3092448860774937,high_wear,46.87718125000001,206.77390985133292,212.0210364967413,567.01,2.6743101032274916,0.46875,0.5048014347955526,1385923.09589513,0.0,0.0,1.6240890625,4.304110751766748,4.6003298410446885,11.74,2.551990923619069,0.53125,0.4943188286697647,593.2571634593751,0.0,0.0,2.259484375,4.389465837064444,4.936869450940039,12.543,2.5406788906706175,0.53125,0.49504309662632306,617.0089746574998,0.0,0.0
W8,nuaa,3222.2652,3253.4501999999998,0.30980256645357007,high_wear,93.75515,197.71934400408006,218.8217702718956,567.01,2.591195562011336,0.34375,0.4944886355771217,1257567.919427125,0.0,0.0,1.5103015625,4.361794156669227,4.615870348573901,10.818,2.343653348786601,0.53125,0.48190050047691635,608.8246684037498,0.0,0.0,2.137034375,4.4396543399099055,4.927214890565714,11.569,2.347979590285683,0.53125,0.48099252495319644,630.7570110634376,0.0,0.0
W8,nuaa,3238.105199999999,3269.2901999999995,0.31035817733660764,high_wear,138.613521875,149.50756289158343,203.87795321802668,523.95,2.5699198551384757,0.34375,0.5427229527082038,718397.0668075875,0.0,0.0,1.6225671874999998,4.233485997638895,4.533776347610924,10.818,2.3860903517440932,0.53125,0.49089302927629586,573.5674761756251,0.0,0.0,2.2511109375,4.306247620649459,4.859142828038835,11.569,2.380872596138378,0.53125,0.4903034817599576,593.4240872418751,0.0,0.0
W8,nuaa,3253.945199999999,3285.130199999999,0.3109088944032764,high_wear,120.67035000000001,161.6050312017969,201.68668641944677,523.95,2.59784128194929,0.9375,0.5138095063801912,851178.9776695913,0.0,0.0,1.6193593750000002,3.9540942442106273,4.272842856635381,10.369000000000002,2.4267215874550074,0.53125,0.4708533058959865,500.34822702718753,0.0,0.0,2.238034375,4.021120504179259,4.601978701907746,11.09,2.409832969327444,0.53125,0.47183445530797374,517.4802484999999,0.0,0.0
W8,nuaa,3269.7852,3300.9701999999997,0.3114534468439848,high_wear,120.221228125,185.63423812465493,221.1633198701909,567.01,2.5637614787696243,0.9375,0.5289784038689624,1103501.461507915,0.0,0.0,1.77200625,3.9346236936838617,4.315236929872739,10.369000000000002,2.4028808078229424,0.5,0.5077810211850264,496.1332419940624,0.0,0.0,2.3789015625,3.9958425969801796,4.650368878261836,11.09,2.384757056981058,0.5,0.5093491833717991,511.8729448687499,0.0,0.0
W8,nuaa,3285.625199999999,3316.8101999999994,0.3119909308472729,high_wear,112.81890625000001,182.62497261605535,214.6624937674517,567.01,2.6414022778206125,0.875,0.5674080660537326,1084339.4885466038,0.0,0.0,2.1042140624999996,3.450318408806062,4.0413381376678625,9.4164,2.3300203247615223,0.5,0.510695943054607,385.37320355125007,0.0,0.0,2.69924375,3.50052203271504,4.4203587324376175,10.164,2.2993608924574858,0.5,0.5111449089942139,396.4535301740624,0.0,0.0
W9,nuaa,0.0033,31.1883,0.07,low_wear,333.97321875,206.99305200186285,392.917592402378,911.53,2.319901214976709,0.09375,0.5031447028661503,1437416.5337870002,0.0,0.0,3.198153125,4.039925103032881,5.152589470262743,11.796,2.2893343372450925,0.84375,0.5053921562772196,524.0062879446874,0.0,0.0,3.5350203125000004,4.103513485690482,5.416197147171736,12.132,2.2399480060165766,0.84375,0.5055375189369775,540.6787000175,0.0,0.0
W9,nuaa,15.8433,47.0283,0.07,low_wear,403.0558125,183.3015486887211,442.7792291218263,911.53,2.0586557364216413,0.71875,0.5095312932991224,1095738.963757,0.0,0.0,3.7948484375,4.125067403729308,5.605091948300782,12.723,2.2699003187373323,0.8125,0.5180476744136924,552.1100763018751,0.0,0.0,4.1564671875,4.176059432873543,5.8920023648719155,13.104,2.2240316938984908,0.8125,0.5193658441212338,566.405860840625,0.0,0.0
W9,nuaa,31.6833,62.8683,0.07000000000033627,low_wear,471.91350000000006,214.20505051680328,518.2529837339639,882.82,1.7034537720156768,0.6875,0.49195571572304614,1471398.446231031,0.0,0.0,3.91414375,4.122842602003918,5.684923255116335,12.723,2.2380249352617936,0.90625,0.48964955085768913,547.5082077465626,0.0,0.0,4.27194375,4.171577813417657,5.9708931372586544,13.104,2.1946465459631863,0.21875,0.491006502498479,560.4698406715625,0.0,0.0
W9,nuaa,47.5233,78.70830000000001,0.07109730704882808,low_wear,467.20305625000003,214.17380800918582,513.9543907843344,882.82,1.7177010564162087,0.15625,0.4918875280518219,1478943.2232273798,0.0,0.0,3.7207578125,3.9306130091963984,5.412370767726815,12.047,2.225826817304262,0.15625,0.529014980433122,495.715720089375,0.0,0.0,4.0714500000000005,3.9843110282707603,5.696616493366918,12.44,2.183752410660786,0.15625,0.5302759194945283,509.59704224125005,0.0,0.0
W9,nuaa,63.3633,94.4757,0.07410772666961693,low_wear,287.992503125,231.79555895839817,369.68752076454973,796.69,2.1550362272233796,0.03125,0.42046037227796007,1729636.7715670976,0.0,0.0,2.6810640625,4.444157485303288,5.190244720762813,11.642,2.24305415762534,0.03125,0.5068887346856935,650.557768666875,0.0,0.0,2.9806578124999996,4.510712980152246,5.406556444219485,11.931,2.2067650866303703,0.03125,0.5061830091675574,670.0318696799999,0.0,0.0
W9,nuaa,79.2033,110.3157,0.07796504000807591,low_wear,170.01421875,204.2753359760599,265.7691619908243,796.69,2.9976766078959374,0.0625,0.4197550916112517,1335624.7045484087,0.0,0.0,1.3806859374999998,4.384355045388204,4.596614278143343,11.642,2.532733724332079,0.71875,0.5203066693449844,619.876006656875,0.0,0.0,1.6578265625,4.436440641551871,4.736073740699542,11.931,2.5191753028401394,0.71875,0.522383541533617,635.1354111725,0.0,0.0
W9,nuaa,94.9707,126.15569999999998,0.07995462038695074,low_wear,192.4434125,189.34756549706046,269.9758647996312,681.85,2.5255961324766965,0.34375,0.4855246800954783,1156095.441445955,0.0,0.0,1.3284125,4.1124194292449365,4.321651690290126,10.807,2.500664277105241,0.25,0.49296665844452087,541.73999003,0.0,0.0,1.65363125,4.157475502816997,4.4742707637669845,11.06,2.471911197141844,0.25,0.49438448111699707,553.9217207465624,0.0,0.0
W9,nuaa,110.8107,141.99569999999997,0.0799999999999999,low_wear,211.507853125,188.3250890457517,283.19941931020423,681.85,2.4076673662001102,0.71875,0.4852556409653658,1163399.4482905178,0.0,0.0,1.422496875,3.6772020412931123,3.9427543940594374,8.9975,2.282034106298015,0.25,0.46343052633417964,432.7736968846876,0.0,0.0,1.748915625,3.7166671764338624,4.107593062092446,9.4016,2.2888343265461493,0.25,0.4636751592288885,442.13599521500004,0.0,0.0
W9,nuaa,126.6507,157.8357,0.08023959212273214,low_wear,218.68564375,201.80216569688514,297.56936143075114,595.72,2.0019534172997613,0.4375,0.49852328655739625,1303250.5700682788,0.0,0.0,1.7517515625,3.8964590508559893,4.2721220338045995,10.665,2.496417451470161,0.3125,0.4951568235532466,487.815162966875,0.0,0.0,2.07310625,3.9393557746982486,4.451549555316384,11.094,2.492165899119485,0.3125,0.49621801037126356,498.3462212565625,0.0,0.0
W9,nuaa,142.49069999999998,173.58989999999997,0.08256468883308163,low_wear,212.405975,200.15935657864117,291.85624242369096,581.37,1.9919738401758038,0.25,0.506285565136417,1300471.751240465,0.0,0.0,1.6526484375,4.230956947790896,4.542272949970229,10.665,2.3479434453779136,0.59375,0.5066659909457152,585.4491051975,0.0,0.0,1.9972218749999997,4.2949490945931466,4.736610913208409,11.094,2.3421809819893618,0.59375,0.5075060225407033,603.1973094159376,0.0,0.0
W9,nuaa,158.3307,189.4299,0.08663598986378582,low_wear,160.59429375,192.1689559916578,250.4384851255593,552.66,2.2067694576690937,0.03125,0.5158897152087442,1212383.6816718401,0.0,0.0,1.6585171875,3.536702312516681,3.9062696410506215,8.7706,2.245262310576461,0.84375,0.5113419988603877,402.8445355906249,0.0,0.0,2.0154296875,3.603336809979037,4.128679327751945,9.2603,2.2429206205855206,0.84375,0.5119839658548572,418.00874889687503,0.0,0.0
W9,nuaa,174.08489999999998,205.2699,0.08931089315343632,low_wear,104.2968125,175.05174989926147,203.76687719169115,509.6,2.500897138059392,0.6875,0.5484745444570835,984766.8984902,0.0,0.0,1.8920937500000001,3.369407618506321,3.864314487517482,8.8426,2.2882713165720303,0.46875,0.5421594654999797,365.9959170140625,0.0,0.0,2.2506749999999998,3.421054632118216,4.095015598451671,9.2943,2.2696616841982684,0.46875,0.5432465507168114,377.01608050125003,0.0,0.0
W9,nuaa,189.92489999999995,221.10989999999995,0.08999999999999991,low_wear,95.997721875,202.54480173847838,224.14272086433985,610.08,2.7218372189264395,0.65625,0.5559356179505305,1360407.311283445,0.0,0.0,1.284059375,3.693899445061358,3.9107162500940924,8.8426,2.2611203254102734,0.46875,0.5542758170007243,444.71858862843754,0.0,0.0,1.6307171875,3.732589022864805,4.073261513728126,9.2943,2.281783275803773,0.46875,0.5533005537498255,453.681818691875,0.0,0.0
W9,nuaa,205.76489999999995,236.9499,0.09026085848182147,low_wear,139.959128125,210.77295214457774,253.00947591197178,610.08,2.411293086161966,1.0,0.5407064896763405,1549630.8957885574,0.0,0.0,0.55164375,3.967503568991581,4.005670405422169,9.072,2.264789431431984,0.4375,0.5365683282300178,504.66576807906245,0.0,0.0,0.8787109375,4.0184191502659505,4.113371534265565,9.4742,2.3032687227684625,0.4375,0.5355238854703156,517.7769921175,0.0,0.0
W9,nuaa,221.6049,252.48299999999995,0.09662102540962388,low_wear,186.83656875,165.22601982548488,249.4143962357526,495.24,1.985611125397457,0.03125,0.49403787690907514,874762.0592988401,0.0,0.0,0.7030937500000001,4.476544235752444,4.531422416409389,10.630999999999998,2.3460624552464027,0.71875,0.5314556822352827,648.5900944599999,0.0,0.0,1.032134375,4.534716560506385,4.650694104344802,11.028,2.3712589459920297,0.1875,0.5299226618052763,665.3614324721874,0.0,0.0
W9,nuaa,237.4449,268.3229999999999,0.10848708773207359,low_wear,186.83680312500002,156.83855340189197,243.93917855721358,502.42,2.059611756387719,1.0,0.5453655172730878,886957.527616755,0.0,0.0,1.6941921875,4.656208564154715,4.954852708314723,13.118,2.6475055409793966,0.1875,0.48848357245940954,694.23783776875,0.0,0.0,2.0395531250000003,4.707277016657585,5.130130004322503,13.559,2.643012942864132,0.1875,0.4891694509886773,709.7768872946875,0.0,0.0
W9,nuaa,252.97799999999995,284.16299999999995,0.11712692080427131,low_wear,173.6035,181.81811972811937,251.38815380546225,502.42,1.998582639613161,0.8125,0.565948742884179,1060174.9949572815,0.0,0.0,2.431828125,4.54517111419735,5.154839326969852,13.118,2.5447931871256015,0.90625,0.49320829583348424,663.1945210396876,0.0,0.0,2.769771875,4.597090485380017,5.3670175302781065,13.559,2.52635657020062,0.90625,0.4954106553416819,678.6124669799999,0.0,0.0
W9,nuaa,268.8179999999999,300.003,0.12000000000000008,low_wear,220.48151562500004,209.7679703880421,304.32663395275745,689.03,2.2641133674384952,0.6875,0.5504081930744927,1465587.6960993125,0.0,0.0,1.9785078125,4.05176394338413,4.509022534544627,12.316,2.731412386086869,0.9375,0.5533338725380955,540.8765808981251,0.0,0.0,2.2965156249999996,4.112964437536916,4.710675161833227,12.77,2.7108640611572907,0.9375,0.5525618273224999,556.9212650575,0.0,0.0
W9,nuaa,284.658,315.843,0.12007684648868769,low_wear,256.368421875,193.23836208196056,321.0386772879506,689.03,2.1462523015006862,0.6875,0.5101986076946193,1217710.7162110624,0.0,0.0,1.133796875,3.8970055242763304,4.0585893374422595,12.316,3.034551903632999,0.125,0.5196592401469284,505.3877272109375,0.0,0.0,1.459346875,3.972942756083359,4.232489509105427,12.77,3.017136834604712,0.125,0.5185478533652882,524.9598892125,0.0,0.0
W9,nuaa,300.49799999999993,331.2077999999999,0.12215137877769762,medium_wear,264.106015625,162.1141270590965,309.89188063169,602.9,1.945517251923594,0.09375,0.43866844966615476,842692.0072186276,0.0,0.0,1.3289921875,4.561294618831666,4.750960832738863,12.753,2.684299123688644,0.375,0.5047654784640021,666.04966652125,0.0,0.0,1.65655,4.641563966353368,4.928313500199637,13.194,2.6771835840933282,0.375,0.5049184278067999,689.7037145400001,0.0,0.0
W9,nuaa,316.338,347.04779999999994,0.12601638422539876,medium_wear,166.986696875,223.48981568477006,278.984326886002,602.9,2.161053299049146,0.03125,0.4216295250407142,1605023.902646815,0.0,0.0,1.4921687499999998,4.689172657565612,4.920864536942416,12.753,2.5916177745311577,0.21875,0.5200014096299911,703.6276580615626,0.0,0.0,1.8176906249999998,4.7571799033710205,5.0926181715547845,13.194,2.590808805124271,0.59375,0.5190840482848755,724.1849457771875,0.0,0.0
W9,nuaa,331.7027999999999,362.8877999999999,0.12894185193638888,medium_wear,96.89473749999999,213.3547745696674,234.32637492793572,480.89,2.052223101850536,0.75,0.5132178134151818,1476841.67974368,0.0,0.0,1.58065625,4.225521143409229,4.5114856881145595,12.050999999999998,2.671182141117764,0.59375,0.47800268123603795,577.4805895315626,0.0,0.0,1.9260796875,4.280996487792725,4.6943278423107335,12.533,2.6698177930902163,0.59375,0.477936251510701,592.9605682968751,0.0,0.0
W9,nuaa,347.54279999999994,378.7278,0.13000000000000006,medium_wear,128.74463125,190.18387500080422,229.66298436191232,581.37,2.5314048827470317,0.75,0.49734285936621314,1165782.0364397902,0.0,0.0,2.4104546874999997,3.3474876541001652,4.125041259774713,10.185,2.4690662125780163,0.625,0.49747169652521817,358.58373054500004,0.0,0.0,2.7662343750000002,3.410288919955076,4.391141438737768,10.613,2.416911445022983,0.625,0.49835904074330833,372.18298813250004,0.0,0.0
W9,nuaa,363.3827999999999,394.5677999999999,0.1300000000000001,medium_wear,173.379146875,181.73193116096937,251.17090471350005,581.37,2.3146391126119643,0.4375,0.446565166206759,1057210.0510717777,0.0,0.0,2.4822421875,4.099393762299063,4.792343424232163,15.67,3.2697990550438636,1.0,0.5508224962215733,594.0516269587499,0.0,0.0,2.8270437499999996,4.1400589534931065,5.013209002506528,15.822,3.1560623129993663,1.0,0.5522714395241489,607.5479554290625,0.0,0.0
W9,nuaa,379.2228,410.4078,0.13223959537756227,medium_wear,255.6948125,168.7050465498731,306.3351593774456,610.08,1.9915441676360122,0.28125,0.49240982634508407,918653.302479915,0.0,0.0,1.9333203125,4.6007925622650765,4.990492924723845,15.67,3.139970386966758,0.28125,0.530250760489388,712.1016539387499,0.0,0.0,2.281278125,4.642598970016308,5.172809205837772,15.822,3.0586861742637033,0.28125,0.5312956641821511,723.9973712925,0.0,0.0
W9,nuaa,395.0627999999999,426.0035999999999,0.14039311199853882,medium_wear,237.30306875000002,185.39980559704688,301.1408878807227,610.08,2.025895600871189,0.84375,0.4540385405653634,1100350.8319468303,0.0,0.0,1.0824140625,4.398078237028191,4.529316988434211,11.923,2.6324057314702967,0.5,0.5039272635476169,619.524479023125,0.0,0.0,1.432765625,4.49118086765673,4.714183165956484,12.586,2.669815651392146,0.5,0.504831253049018,645.9166356034375,0.0,0.0
W9,nuaa,410.9028,441.8435999999999,0.15257491389630914,medium_wear,226.760921875,184.61134523737502,292.4070185203377,653.14,2.2336673151864592,0.0625,0.5121617588619372,1154354.0373950626,0.0,0.0,0.5334984375,4.100627292199183,4.135186183516257,11.923,2.883304274793635,0.5,0.5182660144950261,538.0971930275,0.0,0.0,0.86273125,4.22689501968773,4.314040648532128,12.586,2.917450489086709,0.5,0.5184009682524872,571.7329393665626,0.0,0.0
W9,nuaa,426.4985999999999,457.6835999999999,0.15942139727533247,medium_wear,245.15232187499998,188.05260522605974,308.9715897182326,696.21,2.2533139717956283,0.78125,0.5007761471862467,1152197.1120917427,0.0,0.0,0.6794921875,3.8851275403093544,3.9441001048837174,11.757,2.980908112712983,0.40625,0.5229805517462602,489.59669370625005,0.0,0.0,1.00930625,3.9928465519161187,4.118436923571551,11.470999999999998,2.7852800013390104,0.40625,0.5239114162247746,517.9620289790626,0.0,0.0
W9,nuaa,442.33859999999993,473.52359999999993,0.16000071504579225,medium_wear,247.17172812500002,195.2873232787249,315.0095265506555,710.56,2.2556778132414275,0.6875,0.5122496593286624,1228734.0876712052,0.0,0.0,0.920190625,4.363874721675063,4.459837819115455,11.757,2.636194515775426,0.1875,0.5244376199581418,626.5501868184374,0.0,0.0,1.2469812500000002,4.475292761997357,4.645773083506931,11.470999999999998,2.46912619144561,0.1875,0.5237121410911662,659.40711922375,0.0,0.0
W9,nuaa,458.1785999999999,489.3635999999999,0.16272100852986518,medium_wear,244.92909375,198.19086799619444,315.0712318227122,710.56,2.255236048970113,0.6875,0.5401213766875036,1258396.746765,0.0,0.0,1.6173515625,4.352232548395141,4.643032870014087,10.668,2.297636113863573,0.8125,0.5288328435963653,608.1877884612501,0.0,0.0,1.9435156250000003,4.514010775256398,4.914625750120756,11.311,2.301497728432746,0.8125,0.5283414545624179,653.9259989834376,0.0,0.0
W9,nuaa,474.0186,505.1903999999999,0.16911586686123087,medium_wear,137.604390625,220.17794195921238,259.64070259624526,509.6,1.962712297818938,0.03125,0.4712921732218101,1586807.468042375,0.0,0.0,1.777446875,4.534048714930756,4.870001554703294,11.505,2.3624222437647546,0.78125,0.5546717909420328,667.7429317825001,0.0,0.0,2.11115625,4.678998990932616,5.133226302147851,12.116,2.3603089532465007,0.78125,0.5555461727766435,712.23638888,0.0,0.0
W9,nuaa,489.8585999999999,521.0303999999999,0.17635438860437225,medium_wear,57.30695312499999,197.05845242468902,205.2221249000321,466.53,2.2732929026402795,0.1875,0.49244378578257997,1261576.7131685,0.0,0.0,1.3507046875,4.548357810567103,4.744677220399851,11.505,2.4248224832943293,0.875,0.5694535538255947,662.8091723287502,0.0,0.0,1.684353125,4.667158788645158,4.961795703989131,12.116,2.4418578923471412,0.875,0.5679326791142847,697.6216178309377,0.0,0.0
W9,nuaa,505.6853999999999,536.8703999999999,0.17995881522721413,medium_wear,24.6721875,203.56958481030472,205.05924191773215,459.35,2.240084356618693,0.28125,0.5028496658888063,1380602.230799375,0.0,0.0,1.6461437499999998,4.3569255236948266,4.657530382583404,11.473,2.463322631861447,0.875,0.5787940998146045,633.7792666365625,0.0,0.0,2.02558125,4.496437791250529,4.931625716833902,12.075,2.4484826491966905,0.875,0.5764273672000699,673.6581939837502,0.0,0.0
W9,nuaa,521.5253999999999,552.7103999999999,0.17999999999999966,medium_wear,-6.280109375000006,187.88289756164585,187.98782665354125,459.35,2.4435092855590868,0.28125,0.4834743851387964,1142066.2001953125,0.0,0.0,1.5776078125000002,4.213672439560023,4.499320152864069,10.753,2.3899166173260897,0.875,0.5509532356987112,584.383982499375,0.0,0.0,1.9428203124999999,4.354181858648206,4.767960824591971,11.327,2.3756487137180566,0.875,0.5503849045582688,624.805666318125,0.0,0.0
c1,phm2010,2e-05,28.00016,0.05346819154109374,low_wear,1.02159375,2.8935621090121666,3.068608066982488,7.387,2.407280382099757,0.9375,0.5747900426581193,270.81546075000006,0.0,0.0,-0.008953125,0.09509886790984619,0.09551938612135233,0.273,2.858058568897919,0.21875,0.468723806078564,0.30469206249999997,0.0,0.0,-0.025187499999999988,0.08560827847673377,0.08923669368594961,0.193,2.162787436737899,0.21875,0.45497037482317804,0.23533090624999992,0.0,0.0
c1,phm2010,14.50008,42.50022,0.06256709652609371,low_wear,1.554609375,3.6352959457294682,3.9537560523981496,10.65,2.6936411500502784,0.90625,0.5833375189025316,427.45564975,0.0,0.0,0.006031250000000001,0.07753043127338774,0.07776466903420859,0.181,2.327535142217069,0.46875,0.4469218618998102,0.19390499999999997,0.0,0.0,-0.0033437499999999956,0.0673798047335958,0.06746272118733426,0.176,2.608848218726211,0.3125,0.46257457590991213,0.14570899999999995,0.0,0.0
c1,phm2010,28.50016,56.5003,0.07238187973687496,low_wear,1.460578125,3.852106857798273,4.119710633421358,10.65,2.5851330221111515,0.875,0.5650998272013507,475.31421874999995,0.0,0.0,0.016234374999999995,0.06946531107941124,0.07133711779291338,0.2239999999999999,3.1400203278503076,0.0625,0.4166149329359041,0.15463162499999997,0.0,0.0,0.006562499999999992,0.07043988460914738,0.07074492031234467,0.222,3.1380344909549924,0.0625,0.4404749085870963,0.15938065625,0.0,0.0
c1,phm2010,42.50024,70.50038,0.07920265443281249,low_wear,0.4468750000000001,3.266014522223531,3.296444770506553,9.082,2.7550893863768273,0.90625,0.5772617268723553,344.32885128125,0.0,0.0,0.0008593749999999938,0.08247857054780576,0.08248304750068342,0.2239999999999999,2.7157095522948995,0.21875,0.3945011481869523,0.21768693749999996,0.0,0.0,-0.007187500000000013,0.08079910948611996,0.08111816226961752,0.222,2.7367483901092915,0.21875,0.3930446558974157,0.20910690625,0.0,0.0
c1,phm2010,57.0003,85.00044000000003,0.08353704988046876,low_wear,0.21693749999999998,3.891400177293997,3.8974423945390133,11.671,2.9945279027993017,0.90625,0.5963751447504181,550.69222615625,0.0,0.0,-0.01848437499999999,0.08178172018158687,0.08384462937481445,0.181,2.1587548463106385,0.21875,0.46554597023987,0.21405499999999994,0.0,0.0,-0.023859375000000002,0.06736488031318229,0.07146535436839307,0.196,2.742587673876907,0.21875,0.4738504166121641,0.1452264375,0.0,0.0
c1,phm2010,71.00038,99.00052000000004,0.08603878757968751,low_wear,0.651015625,4.545283147437666,4.591668567566152,11.671,2.541777532124079,0.90625,0.569281217070105,661.112277625,0.0,0.0,-0.0025312499999999914,0.06834173522407445,0.06838859554048467,0.173,2.5296615412665915,0.90625,0.48064800927484475,0.14945946874999996,0.0,0.0,-0.014765624999999998,0.06677310980746197,0.06838619652385998,0.181,2.6467329549004672,0.875,0.5629151756005804,0.148308,0.0,0.0
c1,phm2010,85.50044000000003,113.50058000000008,0.087123158453125,low_wear,0.9828124999999999,4.324821130242701,4.435087171493927,10.929,2.4642131208254576,1.0,0.6029278579108764,684.9424344062501,0.0,0.0,0.002859375,0.07289994581348723,0.07295600129530126,0.248,3.3993091122987913,0.125,0.4711181035120084,0.1703828125,0.0,0.0,-0.014328125,0.0751764704477696,0.07652971236715841,0.2,2.6133640623197616,0.375,0.5474142945575208,0.18738887499999995,0.0,0.0
c1,phm2010,99.50052000000004,127.5006600000001,0.087383315410625,low_wear,0.708109375,4.464840209616925,4.520643425926779,15.063,3.332047803994169,0.875,0.5984587056279986,650.3704513124999,0.0,0.0,0.008640625,0.08278782503852468,0.08323751783300605,0.248,2.9794257019718686,0.03125,0.4540641998226063,0.21941181250000005,0.0,0.0,0.005031250000000001,0.07818027419648449,0.07834199863419365,0.221,2.8209645382156605,0.03125,0.4925007505029194,0.19754209374999998,0.0,0.0
c1,phm2010,114.00058000000008,142.00072000000011,0.08739090058,low_wear,1.5396562499999997,5.167157228044831,5.391665344538735,15.587,2.890943521891285,1.0,0.6232961515339872,979.500868,0.0,0.0,0.021406249999999995,0.07224669515581664,0.07535126077246485,0.215,2.8533032864470154,0.59375,0.5197194021362124,0.16869425,0.0,0.0,0.011953125000000002,0.07147845603910576,0.07247100713388768,0.221,3.0494953601474055,0.125,0.44822676114642807,0.16373268749999997,0.0,0.0
c1,phm2010,128.0006600000001,156.00080000000014,0.08739090058,low_wear,2.6513125000000004,5.429463054353879,6.042228647713523,16.305999999999997,2.698673113962751,1.0,0.6604291216442071,1223.5948600000002,0.0,0.0,0.003718749999999999,0.0679210177223332,0.06802274435804541,0.213,3.1313055950646507,0.21875,0.4614717875646251,0.15559399999999998,0.0,0.0,-0.018968749999999993,0.0769055769982743,0.07921036074908382,0.193,2.436549943401594,0.3125,0.45782620720327233,0.18927546874999995,0.0,0.0
c1,phm2010,142.50072000000011,170.50086000000016,0.08739090058,low_wear,3.111125,5.39930813710192,6.231502798282289,16.305999999999997,2.6167042730839722,0.90625,0.6080162906054492,988.042663625,0.0,0.0,-0.004843750000000004,0.06598584572419679,0.0661633867784895,0.218,3.2948736546671817,0.1875,0.49342921388887795,0.14251224999999998,0.0,0.0,-0.007249999999999998,0.08068979954120593,0.0810148520334389,0.193,2.3822792383838363,0.28125,0.44483493123965007,0.20911728124999995,0.0,0.0
c1,phm2010,156.50080000000014,184.50094000000016,0.08754777390296875,low_wear,3.38784375,5.86519900082989,6.773333344354905,17.312,2.555905507652053,0.90625,0.6633210214259607,1140.2628602187501,0.0,0.0,-0.00010937500000000053,0.06850413244549101,0.06850421976053737,0.218,3.1822857155666977,0.1875,0.5213049049077784,0.1502164375,0.0,0.0,0.0017656249999999972,0.07867987794448701,0.0786996863081423,0.203,2.579425783289273,0.1875,0.4439386454312734,0.19824768749999996,0.0,0.0
c1,phm2010,170.50088000000017,198.5010200000002,0.08848871424140622,low_wear,3.033234375,5.167245865612876,5.991739364272699,17.312,2.889311257967477,0.9375,0.6464318221116955,894.1311969374999,0.0,0.0,3.124999999999829e-05,0.07388355888448728,0.07388356549328139,0.175,2.3685917000840147,0.28125,0.4874614046501816,0.17548096874999997,0.0,0.0,0.002078125000000002,0.08269849316332416,0.08272459957594233,0.203,2.4539254470931975,0.28125,0.47304157817591547,0.22042431249999994,0.0,0.0
c1,phm2010,185.00094000000016,213.00108000000023,0.09001136705171872,low_wear,3.866890625,5.2639779519544065,6.531638920238549,18.657,2.8564040706828613,1.0,0.6648282979250523,1028.0812623125,0.0,0.0,0.006749999999999999,0.08166260619157338,0.08194109927258725,0.191,2.3309426123832533,0.3125,0.4800970768072795,0.218203,0.0,0.0,0.010515625000000004,0.08650017922443498,0.0871370149534628,0.212,2.432949993905835,0.34375,0.4974746352965331,0.25583612499999997,0.0,0.0
c1,phm2010,199.0010200000002,227.00116000000023,0.09133868672359373,low_wear,4.9846562500000005,6.4137205154719625,8.122967978593168,18.657,2.296820577056028,1.0,0.6919605506914414,1651.718573,0.0,0.0,0.003328125000000002,0.08815541225009599,0.08821821311384628,0.192,2.1764213218898747,0.8125,0.47977604081598824,0.25519631249999997,0.0,0.0,0.0011093750000000027,0.08527146305833724,0.085278679193571,0.212,2.4859672078033577,0.34375,0.4974818343297392,0.24038262499999996,0.0,0.0
c1,phm2010,213.50108000000023,241.50122000000027,0.09239490500999999,low_wear,5.31228125,6.599977844349058,8.47231017049069,19.702,2.325457827148805,0.96875,0.6491118424341308,1426.0568080000003,0.0,0.0,-0.0017968750000000033,0.0797310282464385,0.07975127350080373,0.195,2.445102020822712,0.03125,0.4528446175148929,0.20344881249999996,0.0,0.0,-0.014984375,0.08237784368906105,0.08372956840328272,0.237,2.830541283319312,0.28125,0.5056713131627328,0.2187165,0.0,0.0
c1,phm2010,227.50116000000023,255.5013000000003,0.09321311684843747,low_wear,5.0439218750000006,6.231756773035312,8.017227722808864,19.702,2.4574579494540463,1.0,0.6236574477267408,1553.0265733750002,0.0,0.0,0.012421874999999995,0.07580831185618352,0.07681928875614509,0.248,3.228355846762008,0.28125,0.47854927932934566,0.184535375,0.0,0.0,-0.008781250000000004,0.0825214874953033,0.08298738608969437,0.237,2.8558557049121394,0.28125,0.479993540772029,0.21791375,0.0,0.0
c1,phm2010,242.00122000000027,270.0013600000003,0.09380959173968748,low_wear,3.236703125,6.255854322352003,7.043575826373633,21.015,2.9835697830230528,0.96875,0.5687002327043911,1253.0192555625003,0.0,0.0,-0.00029687500000000287,0.0944882068844275,0.09448867326298956,0.314,3.323149634306393,0.125,0.4798958340307518,0.28695293749999995,0.0,0.0,0.0003124999999999977,0.08803175474651177,0.08803230940967072,0.297,3.373761315494619,0.125,0.46710508105904314,0.262352,0.0,0.0
c1,phm2010,256.0013000000003,284.00144000000034,0.09421361724359373,low_wear,2.4278281249999996,6.9576588657632525,7.369081781122734,21.015,2.8517799943316966,0.9375,0.6312335719475259,1596.3678440625001,0.0,0.0,-0.022546875,0.08977209506708848,0.0925602000051858,0.314,3.3923867924054587,0.15625,0.46394655972872867,0.25804868749999993,0.0,0.0,-0.011687499999999995,0.09302198580846356,0.09375333327407617,0.297,3.1678873660071107,0.09375,0.47070298833084256,0.28421937499999994,0.0,0.0
c1,phm2010,270.5013600000003,298.5015000000004,0.0944506568959375,low_wear,3.335921875,7.117349799312345,7.860346234223719,20.213,2.571515223081801,0.96875,0.6824161316738813,1793.5821010625,0.0,0.0,-0.011812499999999995,0.07452052464757611,0.07545093604455812,0.211,2.796519315219527,0.375,0.5015779262481019,0.17775840624999992,0.0,0.0,-0.012218749999999995,0.08172256205257822,0.0826309566687933,0.2189999999999999,2.650338430399756,0.40625,0.48207628503312594,0.21421849999999995,0.0,0.0
c1,phm2010,284.50144000000034,312.5015800000004,0.09454902103328125,low_wear,3.69078125,6.769872380325824,7.710579633286333,20.213,2.6214631015210723,0.96875,0.6175023174147233,1467.2247054687498,0.0,0.0,-0.010453124999999997,0.06624644558566424,0.06706608215036866,0.1639999999999999,2.445349344133388,0.3125,0.534856364345018,0.142704625,0.0,0.0,-0.00846875,0.07405191775664893,0.07453459767114864,0.207,2.777233747383961,0.40625,0.4695859378607358,0.17559424999999992,0.0,0.0
c1,phm2010,298.5015200000004,326.5016600000004,0.09456862355999998,low_wear,3.354,6.949246679047305,7.716303869486349,21.317,2.7625920856093775,0.96875,0.6668910650532202,1709.3219361250003,0.0,0.0,-0.024687499999999998,0.07842928243806645,0.08222301989102564,0.254,3.0891592200899356,0.96875,0.4993467839064938,0.19735690625,0.0,0.0,-0.006125000000000004,0.08266300185088851,0.08288961032602336,0.222,2.678260871619789,0.75,0.49623842710762067,0.22238103124999994,0.0,0.0
c1,phm2010,313.0015800000004,341.00172000000043,0.09456862355999998,low_wear,4.460046875000001,8.577608822228823,9.667853496737266,21.317,2.2049361843551023,0.96875,0.6379092928069184,2367.9260900625,0.0,0.0,-0.017140624999999996,0.09356529591472136,0.09512237184280047,0.264,2.7753723428625943,0.40625,0.4959942645562613,0.28156731249999994,0.0,0.0,0.003140625,0.08860178948311019,0.08865743412145426,0.222,2.5040201332228507,0.21875,0.5001051878628414,0.259416875,0.0,0.0
c1,phm2010,327.0016600000004,355.00180000000046,0.09456862355999998,low_wear,4.769828125,8.048719322729797,9.35591487125257,22.018,2.353377548106338,0.9375,0.6120992276477102,2074.1897415,0.0,0.0,0.005515625000000003,0.08527657067365792,0.0854547577669026,0.271,3.171268716707553,0.03125,0.4695571247535998,0.23298018750000002,0.0,0.0,0.010031250000000004,0.07279078941347936,0.07347873842139642,0.172,2.340813188892679,0.28125,0.504003498409453,0.16995099999999994,0.0,0.0
c1,phm2010,341.50172000000043,369.5018600000005,0.09456862355999998,low_wear,3.9816093749999997,7.064154413784223,8.108975940084852,22.018,2.7152627116772043,0.9375,0.6128789327611899,1596.9993242500002,0.0,0.0,0.00709375,0.07605543183058985,0.07638553527992063,0.271,3.5477921180613556,0.1875,0.4485589737160755,0.18516784375,0.0,0.0,0.00971875,0.06380327890036294,0.06453923225449772,0.172,2.6650456473010395,0.84375,0.5028960819652893,0.13173899999999997,0.0,0.0
c1,phm2010,355.50180000000046,383.5019400000005,0.09456862355999998,low_wear,5.18584375,9.240732435491028,10.596419741768916,24.436,2.3060619148256554,0.90625,0.6440494413888662,2881.2070514999996,0.0,0.0,0.0037968749999999973,0.0790022111414255,0.07909339811261114,0.2,2.528656054393379,0.375,0.5480234244458271,0.20971662500000002,0.0,0.0,0.002062499999999996,0.07657632528236125,0.07660409584349911,0.253,3.302695465747351,0.0625,0.5163095359922218,0.19094665624999993,0.0,0.0
c1,phm2010,370.0018600000005,398.0020000000005,0.09456862355999998,low_wear,4.186375,9.437102672927482,10.323983848301973,24.436,2.3669157525870292,0.875,0.6599725456579919,2895.5173122812503,0.0,0.0,-0.004734375000000004,0.09349419136159942,0.09361398466575387,0.221,2.3607583929802196,1.0,0.5597874017724174,0.29202212499999997,0.0,0.0,-0.010859375000000004,0.08280396034978867,0.0835130042268867,0.253,3.029468312655283,0.96875,0.5092317597682722,0.21941537499999994,0.0,0.0
c1,phm2010,384.0019400000005,412.00208000000055,0.09456862355999998,low_wear,1.81415625,8.164701319205493,8.363821526745415,22.068,2.638506803311386,0.875,0.6388259459736363,2196.81150425,0.0,0.0,-0.019109374999999998,0.09888315661481166,0.1007126947062782,0.241,2.3929456033607313,0.40625,0.4883079226959164,0.3182611874999999,0.0,0.0,-0.009031250000000003,0.0806185014338365,0.0811227850236911,0.231,2.847535374094205,0.4375,0.5310874802298894,0.20979399999999995,0.0,0.0
c1,phm2010,398.5020000000005,426.50214000000057,0.09456862355999998,low_wear,2.213875,9.195578021017766,9.45832425201473,22.35,2.362997863521035,0.96875,0.6449367392435222,2749.242949,0.0,0.0,-0.003828124999999993,0.09321238428440919,0.09329095950305152,0.241,2.5833156962236727,0.0625,0.47077284536764685,0.2785739374999999,0.0,0.0,0.004359374999999999,0.07851778603991183,0.07863871104615079,0.1989999999999999,2.5305602972461303,0.875,0.5310728350779884,0.19782999999999995,0.0,0.0
c1,phm2010,412.50208000000055,440.5022200000006,0.09456862355999998,low_wear,3.4092499999999997,10.058799738910205,10.620849200982,22.438,2.1126370947744357,1.0,0.6773539281407642,3704.44718403125,0.0,0.0,0.012359374999999997,0.08895423106637128,0.08980873774305036,0.243,2.7057500874273672,0.6875,0.4990639352838988,0.25326518750000004,0.0,0.0,0.018890624999999998,0.08210780207817875,0.08425287458004029,0.28,3.3233287457035052,0.8125,0.5338517102183664,0.21923068750000002,0.0,0.0
c1,phm2010,426.5021600000006,454.5023000000006,0.09456862355999998,low_wear,4.083484374999999,10.008501893690477,10.809484483400446,23.955,2.2161093840123853,0.9375,0.65757556797491,3209.1580408125,0.0,0.0,0.015703125,0.08985660098309069,0.09121840206339946,0.243,2.6639361631341436,0.53125,0.5395900637369514,0.26172643749999996,0.0,0.0,0.008531249999999997,0.08268652564618675,0.08312546992348374,0.28,3.368402010331341,0.6875,0.5249885531293856,0.22200600000000004,0.0,0.0
c1,phm2010,441.0022200000006,469.00236000000064,0.09456862355999998,low_wear,5.1570937500000005,10.434945561248076,11.63974676754181,29.671,2.5491104396480093,0.875,0.6780905499110605,3741.2756224999994,0.0,0.0,-0.0013437499999999986,0.09154903377937693,0.0915588949802257,0.268,2.92707770291331,0.40625,0.5102155160756917,0.2683703437499999,0.0,0.0,-0.007421875000000007,0.07897543223360272,0.07932340843029881,0.239,3.0129819775710778,0.40625,0.523569718724374,0.20202906249999997,0.0,0.0
c1,phm2010,455.0023000000006,483.0024400000007,0.09463505893499999,low_wear,5.018140625,10.76261599802063,11.875000566447355,29.671,2.4986104071299993,1.0,0.6731479217648013,4289.5443208125,0.0,0.0,-0.004828124999999999,0.083359828958464,0.08349953218431824,0.268,3.2095988203671895,0.90625,0.5103695377637263,0.22240749999999998,0.0,0.0,0.00740625,0.07924639557063462,0.07959173166855964,0.209,2.6259009022486097,0.4375,0.49616151204811776,0.20144799999999996,0.0,0.0
c1,phm2010,469.50236000000064,497.5025000000007,0.09516402700421873,low_wear,3.9755312500000004,10.54614589549298,11.270583035883725,27.329,2.4248080079787226,0.84375,0.6784386332769189,3818.2747880000006,0.0,0.0,0.0074843749999999945,0.07383194434565146,0.07421032188988268,0.156,2.1021334502696445,0.6875,0.5693029564826485,0.18012143750000004,0.0,0.0,0.0061562500000000055,0.082594494888809,0.08282360774561803,0.226,2.7286906010437226,0.09375,0.4801417899624895,0.22122534374999994,0.0,0.0
c1,phm2010,483.5024400000007,511.5025800000007,0.09611712030234375,low_wear,5.089609375,10.752702988111274,11.896417323741842,27.505,2.3120406128581164,0.875,0.6546816367125237,3776.8965193125005,0.0,0.0,0.014281249999999995,0.09141414495819286,0.09252297012093806,0.2269999999999999,2.453444800823893,0.875,0.5375665470275507,0.27286959375,0.0,0.0,0.007625000000000004,0.0942276996164079,0.09453570753953237,0.226,2.390631073507253,0.875,0.49501872003808955,0.29003678124999993,0.0,0.0
c1,phm2010,498.0025000000007,526.0026400000005,0.09705120944328122,low_wear,4.463109375,10.365856617275396,11.285846388424973,27.505,2.4371233714654994,0.9375,0.6824771978065173,3590.2489597500003,0.0,0.0,0.0035781249999999997,0.09010736732634225,0.09017838224874074,0.2269999999999999,2.5172330035136525,0.84375,0.5008022219175703,0.26009199999999993,0.0,0.0,0.0026718750000000006,0.09254847626506,0.09258703675461269,0.23,2.4841490565205007,0.40625,0.4997212084789536,0.281093375,0.0,0.0
c1,phm2010,512.0025800000006,540.0027200000003,0.09790335599859372,low_wear,2.8789375,9.919844816507654,10.329162711105871,29.299,2.836531945469098,0.84375,0.6716049509897221,3160.335258375,0.0,0.0,-0.006078125000000002,0.08897371534045531,0.08918108333609767,0.193,2.1641360788659507,0.90625,0.4956730607467766,0.2614663749999999,0.0,0.0,-0.0044531250000000005,0.09446509436153849,0.09456999722427827,0.271,2.8656022835372164,0.25,0.510859345476213,0.29087431249999995,0.0,0.0
c1,phm2010,526.5026400000005,554.5027800000001,0.09867126383625,low_wear,3.660734375,10.320930530120254,10.950917001414767,29.299,2.67548370572207,0.78125,0.6667138238908255,3636.5306236875,0.0,0.0,-0.0021093750000000053,0.0969025149937264,0.09692547072364414,0.26,2.682473430965502,0.21875,0.4810186902216039,0.3040849999999999,0.0,0.0,-0.0012343750000000002,0.09688826396091207,0.09689612672857466,0.271,2.7968094200413702,0.25,0.47640304223394003,0.30185949999999995,0.0,0.0
c1,phm2010,540.5027200000003,568.5028599999999,0.09936595101624998,low_wear,4.59446875,10.67981937752336,11.626163814055348,28.795,2.476741293219053,0.78125,0.6532257763408468,4156.8377844999995,0.0,0.0,-0.010156249999999993,0.0761567501009431,0.07683098333354843,0.26,3.3840514427786896,0.375,0.4783903385018866,0.18561971874999994,0.0,0.0,-0.020249999999999997,0.08134667325711605,0.0838292535455255,0.245,2.922607438785636,0.375,0.4950827293802496,0.21275428124999998,0.0,0.0
c1,phm2010,554.5028000000001,582.5029399999997,0.09999424245374997,low_wear,4.402640625,11.904789829580134,12.692803683953164,28.795,2.268608316727059,0.8125,0.6544481588421988,4642.0353859375,0.0,0.0,-0.01437499999999999,0.07603853874845307,0.07738539913963097,0.183,2.3647871825252524,0.1875,0.46901814845449274,0.18510399999999996,0.0,0.0,-0.034078125,0.07770845045092827,0.08485235338515956,0.1889999999999999,2.227398445180372,0.15625,0.4859587930982685,0.19328912499999995,0.0,0.0
c1,phm2010,569.0028599999999,597.0029999999996,0.10057236435124997,low_wear,3.90515625,12.733058108250585,13.318446385558639,28.756,2.1591106926090493,0.875,0.6557719037413576,5216.06637934375,0.0,0.0,-0.008453124999999997,0.09047270473869107,0.09086674653029016,0.1969999999999999,2.168009833325886,0.46875,0.4803550065319344,0.2641828124999999,0.0,0.0,-0.009374999999999998,0.10333433299247641,0.10375873457208312,0.295,2.843134134361074,0.3125,0.46562289464517986,0.34511928124999997,0.0,0.0
c1,phm2010,583.0029399999997,611.0030799999994,0.10142801840156249,low_wear,5.1218125,12.895314050648155,13.87523288993738,30.047,2.1655132017128693,0.875,0.6527297016595432,5370.30401915625,0.0,0.0,0.0004218749999999969,0.09031901874181524,0.09032000401350743,0.2019999999999999,2.236492371831501,0.28125,0.47004829006352405,0.26556518749999997,0.0,0.0,-0.0027812500000000007,0.10083905319090167,0.10087740083884,0.295,2.924341800511761,0.34375,0.5021092830005207,0.3446004687499999,0.0,0.0
c1,phm2010,597.5029999999996,625.5031399999992,0.10277628381874998,low_wear,6.098078125000001,13.098184168407524,14.448148162589039,35.18,2.434914122149749,0.875,0.6601458073817107,5584.5581833125,0.0,0.0,-0.008656250000000008,0.07964123043962529,0.08011027555813298,0.2019999999999999,2.5215242188677305,0.28125,0.482304259765039,0.20516174999999992,0.0,0.0,-0.019171874999999998,0.0848593606149868,0.08699811420369984,0.1989999999999999,2.2874059032366576,0.28125,0.5342045604188952,0.23049199999999995,0.0,0.0
c1,phm2010,611.5030799999994,639.503219999999,0.10436344214999997,low_wear,6.007328125,13.23471535283094,14.534293297985801,35.18,2.420482322651032,0.90625,0.6779910389609388,5781.40203275,0.0,0.0,-0.0033281250000000073,0.08309276718815167,0.08315939138185176,0.221,2.657547107159683,0.21875,0.49263985134457655,0.22095418749999998,0.0,0.0,-0.008140624999999999,0.09501642410451665,0.09536451449569697,0.207,2.170618715930654,1.0,0.525108562722728,0.3042780625,0.0,0.0
c1,phm2010,626.0031399999992,654.0032799999989,0.10599858500468748,low_wear,4.6553281250000005,13.353148372966542,14.141380817369816,32.661,2.309604728265474,0.84375,0.656310955092366,5862.904746500001,0.0,0.0,-0.003968750000000002,0.10630586307178687,0.10637992056774624,0.295,2.7730797167886045,0.25,0.5018242579273787,0.36862149999999994,0.0,0.0,0.010984374999999994,0.09366437626365412,0.09430626636125511,0.207,2.194976092119411,0.25,0.4678635619882626,0.28077368749999987,0.0,0.0
c1,phm2010,640.003219999999,668.0033599999987,0.10768170474218747,low_wear,4.242265625,13.471507574138403,14.123679901255374,32.024,2.267397747888181,0.84375,0.6275361694369678,5807.645968875001,0.0,0.0,-0.022203125,0.11649814640256888,0.11859509633623136,0.366,3.08613097258546,0.8125,0.4894939087041889,0.43460756249999993,0.0,0.0,0.015343749999999996,0.08391275579992293,0.08530405177950223,0.175,2.0514852032157616,0.46875,0.5174152914233519,0.23706599999999994,0.0,0.0
c1,phm2010,654.5032799999989,682.5034199999985,0.10938306690312495,low_wear,5.583765625,14.935561970242144,15.945201470093597,37.162,2.3306071152315053,0.8125,0.6426057787580287,7182.804387187501,0.0,0.0,-0.0032500000000000046,0.1016090854697551,0.10166104834202724,0.366,3.600198954949135,0.84375,0.48035074740777556,0.330773,0.0,0.0,-0.005625000000000004,0.09043151759757213,0.09060629117230215,0.192,2.1190581527598535,0.5,0.5165586648642562,0.26975599999999994,0.0,0.0
c1,phm2010,668.5033599999987,696.5034999999983,0.11110356891562496,low_wear,5.5833125,16.05075392103417,16.994118979995697,37.162,2.1867564916865967,0.8125,0.6436432237523741,8249.732895875002,0.0,0.0,-0.011031250000000003,0.09144721304357777,0.09211015823458345,0.2739999999999999,2.9746990478746627,0.03125,0.4435755817219178,0.26978096875,0.0,0.0,-0.009015625000000001,0.0977635048515517,0.09817832945716685,0.1989999999999999,2.0269238751594303,0.375,0.4891912536238948,0.3092806249999999,0.0,0.0
c1,phm2010,682.5034399999985,710.5035799999981,0.11282164131562497,low_wear,5.06275,15.47391169436481,16.28107430999257,37.127,2.280377774408484,0.75,0.670715343416772,7945.4811925,0.0,0.0,-0.029999999999999992,0.10587728746053139,0.11004544515789828,0.294,2.6716235240645827,0.25,0.47168079251677414,0.35881112499999995,0.0,0.0,-0.013234375000000001,0.10721061954563724,0.10802437514283524,0.256,2.3698355085276264,0.34375,0.49911326444972215,0.37773462499999994,0.0,0.0
c1,phm2010,697.0034999999983,725.003639999998,0.11451628014999998,low_wear,6.39246875,16.062349481754637,17.287646675986586,42.23,2.442784769465447,1.0,0.6765415769959616,9548.678972468751,0.0,0.0,-0.008375,0.11271888428741653,0.1130295868345983,0.294,2.6010888673796932,0.5,0.4854044801637345,0.4075787812499999,0.0,0.0,-0.008296875000000009,0.1091084150752561,0.10942341785468045,0.322,2.9426973340170335,0.0625,0.48952916807152735,0.3893176249999999,0.0,0.0
c1,phm2010,711.0035799999981,739.0037199999978,0.1161903927125,low_wear,7.173375,16.53724163016236,18.026027560863206,42.23,2.342723589954266,0.75,0.6371368257292991,8783.181825531248,0.0,0.0,-0.0010468750000000053,0.11254643898291218,0.11255130774451268,0.303,2.6921055478786515,0.5,0.4798523036736855,0.41062606249999994,0.0,0.0,-0.006500000000000006,0.10088049861098031,0.10108968790138784,0.322,3.185290277224996,0.96875,0.4770844128048198,0.32588578125,0.0,0.0
c1,phm2010,725.503639999998,753.5037799999976,0.11781747174999999,low_wear,6.121671874999999,16.542520239573808,17.638873048521976,41.846,2.372373784021674,0.78125,0.6624341545483007,9140.5453678125,0.0,0.0,-0.0020937500000000036,0.10533810426876639,0.10535891039679558,0.303,2.875883955698307,0.34375,0.5062006046761468,0.35654725,0.0,0.0,-0.020531249999999997,0.1045517169798636,0.10654855113984422,0.292,2.740534684669264,1.0,0.5328756752799986,0.3822427499999999,0.0,0.0
c1,phm2010,739.5037199999978,767.5038599999974,0.11940181939843747,low_wear,6.3265,17.780046872301828,18.872060540154326,40.742,2.158852760847853,0.9375,0.6989650797868376,10331.96764328125,0.0,0.0,-0.0008125000000000022,0.11126964363091128,0.11127261006195549,0.372,3.343140776448706,0.375,0.5248759448323431,0.40028499999999995,0.0,0.0,1.5625000000003917e-05,0.11330896535958385,0.11330896643690648,0.276,2.4358178234172168,0.28125,0.502453978467069,0.41088268749999995,0.0,0.0
c1,phm2010,754.0037799999976,782.0039199999973,0.12090143464843747,medium_wear,6.845515625000001,19.83022028920773,20.978529998325072,41.789,1.991988952673826,0.96875,0.6864714409121399,13034.2833809375,0.0,0.0,0.001359374999999996,0.1191851719997474,0.11919292397202108,0.372,3.120990639405087,0.75,0.504074252106992,0.4579151249999998,0.0,0.0,0.0023437500000000003,0.11755187933817775,0.11757524186664468,0.408,3.4701183133670157,0.28125,0.4684222340823335,0.443104,0.0,0.0
c1,phm2010,768.0038599999974,796.0039999999971,0.12233550657968748,medium_wear,8.285546875,21.744207202673607,23.26931098873847,45.503,1.9554940849783584,0.96875,0.6638639151456389,15137.714574937501,0.0,0.0,-0.0028281250000000077,0.12502669148619575,0.12505867372957383,0.346,2.766701338510821,0.78125,0.4682304791675921,0.5021433124999999,0.0,0.0,-0.015359375,0.11430856912152024,0.11533585468101408,0.408,3.5374949197577026,0.3125,0.5138585188145245,0.43015824999999996,0.0,0.0
c1,phm2010,782.5039199999973,810.5040599999969,0.12371780727968744,medium_wear,7.507796875,20.04064564686266,21.400805869391345,45.503,2.126228342881283,0.96875,0.7006821516000604,13692.471672624999,0.0,0.0,-0.013734375,0.13678864195670404,0.13747641843239877,0.346,2.516795272566243,0.5625,0.4931862142394987,0.5989900625,0.0,0.0,-0.016703125000000003,0.11648641010965345,0.11767785741166431,0.376,3.1951635445287314,0.3125,0.5455428719997288,0.4445606874999999,0.0,0.0
c1,phm2010,796.5039999999971,824.5041399999967,0.12502827025156246,medium_wear,5.61825,16.590071643154527,17.51557050705172,43.38,2.476653557047162,0.9375,0.6814331872597506,9034.60915953125,0.0,0.0,-0.0159375,0.12295017728230406,0.12397882883783021,0.305,2.4600974445318684,0.4375,0.4912406676824673,0.48568900000000004,0.0,0.0,-0.005796875000000003,0.12221116199117973,0.12234856711461722,0.376,3.0731867881032056,0.875,0.5605264952109275,0.49063837499999996,0.0,0.0
c1,phm2010,811.0040599999969,839.0041999999966,0.12625357862031247,medium_wear,8.1346875,19.666635265942006,21.2826145810671,48.262,2.267672508759033,0.90625,0.6679996130950487,12496.734236,0.0,0.0,0.011906250000000004,0.1193843214619805,0.1199765602107345,0.376,3.1339454918491545,0.125,0.4829068439195787,0.4562,0.0,0.0,0.025109375,0.120297043447083,0.12288962273113217,0.34,2.766710422277717,0.96875,0.5856930402073235,0.46487662500000004,0.0,0.0
c1,phm2010,825.0041399999967,853.0042799999964,0.1274007722328125,medium_wear,10.7364375,24.248946757330387,26.519474146959436,51.669,1.9483418002058708,0.9375,0.7306619406687929,20196.70942040625,0.0,0.0,0.007859375,0.12945460922504604,0.12969296675224912,0.376,2.8991548995734533,0.28125,0.49091058868513526,0.5367484999999999,0.0,0.0,0.013671875000000003,0.11558385141958358,0.11638963388120094,0.34,2.921222351700483,0.90625,0.5320173306815512,0.42831306249999995,0.0,0.0
c1,phm2010,839.0042199999965,867.0043599999962,0.128466621275,medium_wear,11.78446875,26.836143045555623,29.309593604846352,51.74100000000001,1.7653264217025724,1.0,0.7687848235801508,32978.70752175,0.0,0.0,-0.007875000000000002,0.13067092494124313,0.13090800682158446,0.3379999999999999,2.5819658262818312,0.6875,0.49809716610269966,0.5482417812499999,0.0,0.0,-0.01110937499999999,0.1262022331898662,0.12669025959007266,0.302,2.3837665261494534,0.21875,0.5100334345001757,0.50970575,0.0,0.0
c1,phm2010,853.5042799999964,881.504419999996,0.1294459873953125,medium_wear,9.13009375,24.61741066217081,26.255961601010732,51.74100000000001,1.9706381653912923,1.0,0.7164232462189807,24476.011535000005,0.0,0.0,0.0109375,0.13237775906000976,0.13282883723047492,0.362,2.725311818937961,0.28125,0.5102462950549218,0.5781084062499999,0.0,0.0,0.000578125000000004,0.12169298006246856,0.12169435329956768,0.302,2.481627058377842,0.875,0.5244890980554326,0.4746788749999999,0.0,0.0
c1,phm2010,867.5043599999962,895.5044999999958,0.13035248527499999,medium_wear,8.6485625,25.300645315927095,26.73799331884781,52.633,1.9684723297054088,0.90625,0.6984472771678367,20757.874585156256,0.0,0.0,0.013984374999999997,0.13812205790842885,0.13882818742964267,0.362,2.6075396265146766,0.28125,0.47249261234405715,0.610494,0.0,0.0,0.0054843750000000005,0.11360883991071898,0.1137411397648186,0.286,2.5144815727304937,0.3125,0.5579907792838579,0.4207575625,0.0,0.0
c1,phm2010,882.004419999996,910.0045599999956,0.13118116747499997,medium_wear,8.36065625,24.571262708712915,25.954720650225653,52.633,2.027877730194041,0.84375,0.6992452731952834,20517.660003218756,0.0,0.0,0.005609374999999996,0.14076860636203434,0.14088032376808338,0.451,3.201298718921419,0.71875,0.5267941790859858,0.6447453749999998,0.0,0.0,0.0076875000000000025,0.14756617953904613,0.14776628505853423,0.4029999999999999,2.7272797704859446,0.96875,0.5561730662815766,0.6970614062499999,0.0,0.0
c1,phm2010,896.0044999999958,924.0046399999954,0.1319457334328125,medium_wear,6.734703125,19.66088508997599,20.782363405135733,49.801,2.3963107096709315,1.0,0.7198615119539458,14743.812180375,0.0,0.0,-0.009624999999999998,0.18148833468022124,0.18174338020956912,0.5379999999999999,2.960217859817671,0.75,0.4915208473600056,1.056644625,0.0,0.0,-0.013484374999999995,0.15310964128969595,0.15370227917958795,0.4029999999999999,2.6219520110637324,1.0,0.5698341589374677,0.8020442499999999,0.0,0.0
c1,phm2010,910.5045599999956,938.5046999999952,0.1326463644171875,medium_wear,8.6165625,22.03401257138821,23.658885419911478,48.867,2.0654819165265157,0.96875,0.7114455359532297,16700.573238656252,0.0,0.0,-0.010187500000000004,0.18509633260480876,0.18537647504470461,0.5379999999999999,2.902202126080227,0.15625,0.4899600417209125,1.1219354062499998,0.0,0.0,-0.02640625,0.12467704765087076,0.127442756757691,0.301,2.361844703126567,1.0,0.5254781717178931,0.55154021875,0.0,0.0
c1,phm2010,924.5046399999954,952.5047799999952,0.13329704138437498,medium_wear,9.76928125,22.96984309675729,24.961020572709963,55.46,2.2218642798858457,0.90625,0.6724961415520426,16956.384062468755,0.0,0.0,0.0005156249999999974,0.14902443090265224,0.14902532293204399,0.367,2.4626687114602204,0.125,0.48441842980254357,0.7282665624999998,0.0,0.0,-0.015484374999999998,0.13854883978532398,0.13941143021646396,0.401,2.876378209285765,0.1875,0.5185917147019486,0.6219065625,0.0,0.0
c1,phm2010,939.0046999999952,967.0048399999948,0.13390198508124998,medium_wear,10.055343749999999,24.58828337543282,26.564894452665346,55.46,2.0877176869202847,0.96875,0.7119482378705092,19499.92526371875,0.0,0.0,0.015218750000000007,0.1585816497847008,0.1593102319375626,0.4479999999999999,2.8121232048396085,0.59375,0.46412477144558456,0.8050165937499999,0.0,0.0,0.020546875,0.1536208735905846,0.1549888604868105,0.401,2.587282716580299,0.3125,0.5340484258932281,0.771133375,0.0,0.0
c1,phm2010,953.0047799999952,981.0049199999949,0.13447588557343748,medium_wear,11.353875,29.270531000959398,31.39545289677711,58.169,1.8527842293356858,1.0,0.7338482664580809,33485.933187,0.0,0.0,0.0020000000000000052,0.16283695833563092,0.16284924009647694,0.4479999999999999,2.7510106877661253,0.3125,0.507588164404619,0.8524241249999999,0.0,0.0,0.04840624999999999,0.14526653506894663,0.15311933662996322,0.4029999999999999,2.6319340774961186,1.0,0.5565388139909674,0.7128137187500002,0.0,0.0
c1,phm2010,967.0048599999948,995.0049999999944,0.13520198263749994,medium_wear,11.7526875,27.780855569683123,30.164575244088056,58.169,1.9283878367026075,1.0,0.7394414054676129,29446.055757875,0.0,0.0,-0.024312500000000004,0.14183891336213061,0.1439075223885117,0.366,2.54329998825147,0.3125,0.48846130912201635,0.6469848749999999,0.0,0.0,0.0030156249999999957,0.15640267462821525,0.15643174430082918,0.4639999999999999,2.966149882645913,0.96875,0.5371150578323861,0.7943484999999998,0.0,0.0
c1,phm2010,981.5049199999949,1009.5050599999944,0.13672149776562495,medium_wear,12.8679375,27.56017114473972,30.416226738884788,56.94,1.8720270758373398,0.9375,0.6960923277982416,24406.964913375,0.0,0.0,-0.01762500000000001,0.14322856515025206,0.14430891344612085,0.474,3.2846203930221716,0.125,0.4755265627260643,0.6571094999999999,0.0,0.0,-0.018203124999999994,0.1432891721842037,0.14444078587781223,0.4639999999999999,3.21238905742672,0.21875,0.5276269568979135,0.6682484375,0.0,0.0
c1,phm2010,995.5049999999944,1023.5051399999942,0.13892858599062496,medium_wear,11.770296875,27.69170489158243,30.08937367789707,56.94,1.8923624203526295,0.96875,0.7051722763102399,25890.934157312495,0.0,0.0,-0.0035000000000000014,0.1541241382782074,0.1541638738485771,0.474,3.0746502936581135,0.09375,0.4724345356201317,0.773831125,0.0,0.0,6.249999999999962e-05,0.14053679177976847,0.14053680567737406,0.44,3.130852433134806,0.03125,0.4770452159588099,0.632018875,0.0,0.0
c1,phm2010,1010.0050599999944,1038.005199999994,0.14119483770937494,medium_wear,8.658421874999998,22.56756517923226,24.17153837645372,55.147,2.2814849076267514,0.90625,0.7022615718099906,17761.068110812503,0.0,0.0,0.023656250000000004,0.16267579133336804,0.16438683417475988,0.439,2.6705301686952523,0.65625,0.5320318908586895,0.85388,0.0,0.0,-0.014640624999999994,0.14692710428851913,0.14765473874887997,0.44,2.9799246792093737,0.09375,0.5153126913772451,0.7045181874999998,0.0,0.0
c1,phm2010,1024.0051399999943,1052.005279999994,0.14346377187187498,medium_wear,7.6404375,21.83153966518037,23.129902925515058,48.713,2.106061584299332,0.90625,0.6993553740637185,15588.164257906252,0.0,0.0,0.012375000000000004,0.17830613597125589,0.17873505182252303,0.439,2.4561494543102267,0.25,0.49873454724742067,1.0177917812499997,0.0,0.0,-0.01704687499999999,0.15511411421187427,0.15604801945234678,0.4429999999999999,2.83886973737133,0.90625,0.5417945536079678,0.7803545000000002,0.0,0.0
c1,phm2010,1038.505199999994,1066.5053399999938,0.145705834421875,medium_wear,7.104640625,22.565974419720384,23.657961026298846,58.008,2.4519441863783906,0.96875,0.6968472083372359,17230.807581499997,0.0,0.0,-0.025390624999999993,0.17271613426981675,0.17457246883457883,0.583,3.339587300861503,0.21875,0.49030124828168103,0.9546129999999999,0.0,0.0,-0.01654687499999999,0.14506549487295167,0.14600615355182806,0.4429999999999999,3.034118694475075,0.90625,0.5679108596526582,0.6734186249999998,0.0,0.0
c1,phm2010,1052.505279999994,1080.5054199999936,0.147931285103125,medium_wear,11.364390625,27.324937217801384,29.593944790013634,62.015,2.095530029539243,0.90625,0.7149386920534465,24896.5526131875,0.0,0.0,-0.02301562499999999,0.1721505057525518,0.17368222599045646,0.583,3.3567050207661135,0.25,0.4995086803771452,0.954299625,0.0,0.0,-0.018999999999999996,0.153127193861835,0.15430145009039933,0.4479999999999999,2.9034075813126434,0.96875,0.5794794548796489,0.7800410312499999,0.0,0.0
c1,phm2010,1067.0053399999938,1095.0054799999934,0.15011282236718748,medium_wear,10.325046874999998,27.74739745196255,29.606159128264597,62.015,2.0946654961668134,1.0,0.709825334450854,30405.684453625,0.0,0.0,-0.0031562499999999993,0.17629744208563405,0.17632569296616984,0.352,1.996305779824925,0.3125,0.49116170895691597,1.03260425,0.0,0.0,-0.005249999999999987,0.17520933907757313,0.1752879773401473,0.5,2.8524489105704447,1.0,0.5471970858796068,1.0742592812499998,0.0,0.0
c1,phm2010,1081.0054199999936,1109.0055599999932,0.1522610609890625,medium_wear,5.751875000000001,23.95764697955279,24.63844383910031,61.733,2.5055559678664436,1.0,0.6904036960973567,22055.592156625004,0.0,0.0,-0.014625000000000006,0.180635207324043,0.18122629155285386,0.515,2.841751026229009,0.3125,0.5023246889300876,1.071860625,0.0,0.0,-0.007906249999999997,0.15831838162682657,0.15851567351527104,0.5,3.1542622184413274,0.28125,0.49907440436121336,0.8185418437499998,0.0,0.0
c1,phm2010,1095.0054999999934,1123.005639999993,0.15436112591093748,medium_wear,8.723437500000001,27.595946847926665,28.94191846180899,61.733,2.132996127449577,0.96875,0.6927283785748599,26229.859293156256,0.0,0.0,-0.02,0.2004416997533198,0.201437024898602,0.515,2.556630293061751,0.3125,0.49891740708596116,1.2904865312499998,0.0,0.0,-0.014062499999999993,0.1403589010136158,0.14106160001928236,0.431,3.0554027456166994,0.28125,0.5186842793963885,0.63595865625,0.0,0.0
c1,phm2010,1109.5055599999932,1137.5056999999929,0.15639723074999998,medium_wear,12.05721875,28.48876222602341,30.935191888143347,60.486,1.9552489028905202,0.96875,0.7181427066908855,26577.853123499997,0.0,0.0,-0.008375,0.21190973166657545,0.21207516356235587,0.501,2.3623699804559735,0.125,0.5021413005531364,1.4484217812500002,0.0,0.0,-0.03560937499999999,0.1710298418028543,0.17469755114196647,0.7659999999999999,4.384720878986544,0.90625,0.5224844803574792,0.96228775,0.0,0.0
c1,phm2010,1123.505639999993,1151.505779999993,0.15838452474531245,medium_wear,13.163765625,29.241033083741133,32.06747170006352,59.20399999999999,1.8462322366338197,0.875,0.7395230016279761,29995.371523125,0.0,0.0,-0.019515625000000005,0.22092037537506443,0.2217806841792134,0.501,2.258988431991485,0.59375,0.48036161943898426,1.5628729375,0.0,0.0,-0.03957812499999999,0.1704509464522986,0.17498557976301932,0.7659999999999999,4.37750356936488,0.78125,0.5502737868696196,0.9656583124999998,0.0,0.0
c1,phm2010,1138.0056999999929,1166.0058399999923,0.1603017238328125,medium_wear,10.424640624999999,29.655559388885663,31.43446094381332,57.962,1.8438999193783732,0.875,0.6888136520120446,28226.449665375003,0.0,0.0,0.014390624999999994,0.21580087879132787,0.21628016408122128,0.493,2.2794508321847773,0.875,0.4917852366164762,1.526656875,0.0,0.0,0.0300625,0.16420860161316153,0.16693776909375538,0.414,2.479966051106684,0.03125,0.5010415212177575,0.8689128749999999,0.0,0.0
c1,phm2010,1152.005779999993,1180.0059199999923,0.1621646944359375,medium_wear,8.365203125,28.012998337367694,29.235333060731065,63.915,2.18622445200909,0.78125,0.673690465883514,25235.844053125,0.0,0.0,0.037843749999999995,0.1843873486330814,0.18823082571672473,0.493,2.6191246737765113,0.28125,0.4841471064489492,1.1134397499999997,0.0,0.0,0.055546874999999996,0.1713543413594601,0.18013263342603972,0.414,2.298306487424908,0.84375,0.5074612370268167,0.9798864374999998,0.0,0.0
c1,phm2010,1166.5058399999923,1194.5059799999922,0.16395695935468746,medium_wear,12.021421875000001,28.50919489217727,30.940083666610775,69.493,2.2460508106186503,0.78125,0.6927783808634622,26142.5192456875,0.0,0.0,-0.0009531250000000034,0.21034669519090235,0.21034885458447355,0.46,2.1868433793409108,0.34375,0.4771521055551656,1.467263625,0.0,0.0,0.014828125000000001,0.1679650777214846,0.16861832825941547,0.426,2.5264157484980436,0.25,0.491467593766511,0.9423784999999999,0.0,0.0
c1,phm2010,1180.5059199999923,1208.506059999992,0.16569507974531247,medium_wear,12.593406250000001,28.462958263613622,31.124489941101846,69.493,2.2327434162456785,0.96875,0.6850570149669103,25993.61682021875,0.0,0.0,-0.019359375000000005,0.19195493995885954,0.19292870282827282,0.457,2.3687507006501716,0.34375,0.47521349135088237,1.1936508125,0.0,0.0,-0.02735937499999999,0.16544819498746235,0.16769508229223656,0.426,2.5403249408210082,0.6875,0.496040851410733,0.8948301874999998,0.0,0.0
c1,phm2010,1195.0059799999922,1223.0061199999918,0.1673391525609375,medium_wear,10.798859375000001,28.812273002829883,30.76950502349079,62.626000000000005,2.0353268585955013,0.96875,0.7270132082968448,28987.195336124998,0.0,0.0,0.0037031250000000033,0.1339979803587889,0.13404913977717275,0.371,2.7676417813400818,0.25,0.5208453467152118,0.6090606249999999,0.0,0.0,-0.02949999999999999,0.16200221834900902,0.16466623439551897,0.497,3.018226546714089,0.8125,0.4810498974110469,0.8399397812499998,0.0,0.0
c1,phm2010,1209.006059999992,1237.5061799999917,0.16885973044218752,medium_wear,10.368421875000001,29.462062702951513,31.233272497300458,64.19,2.0551800969798486,0.84375,0.7163705903549795,30175.110681187503,0.0,0.0,0.016796874999999996,0.1652746936625035,0.16612603460926886,0.392,2.3596542283212285,0.25,0.5314396158731409,0.9111291874999998,0.0,0.0,0.009062500000000001,0.1860538291563761,0.18627441115193466,0.52,2.7915804258044985,0.8125,0.5675640915887977,1.115650875,0.0,0.0
c1,phm2010,1223.5061199999918,1251.5062599999917,0.17032894418125,medium_wear,12.416078125000002,32.09562157508048,34.41348457068646,71.56,2.079417440364499,0.875,0.691143917267335,33764.03058012499,0.0,0.0,-0.017875000000000005,0.19393390465568416,0.194755937008349,0.414,2.125737506950826,0.625,0.5091781464194162,1.219641625,0.0,0.0,-0.020734374999999992,0.18782515491371057,0.18896614280076732,0.52,2.7518157077919065,0.28125,0.5217754222499054,1.1525855624999997,0.0,0.0
c4,phm2010,2e-05,28.00016,0.041727553782343725,low_wear,1.093625,2.842496072446715,3.045619733732365,7.805,2.5626968178443867,0.84375,0.6009466866704447,263.13142350000004,0.0,0.0,0.016015625,0.06310692617185037,0.0651074832488555,0.139,2.1349312408331103,0.03125,0.4612970044781299,0.1293383125,0.0,0.0,0.008984374999999985,0.06249962304573823,0.06314207689805586,0.205,3.246646453061349,0.0625,0.47473938548550954,0.12558074999999996,0.0,0.0
c4,phm2010,14.0001,42.50022,0.05016756673328124,low_wear,1.075234375,3.3165021612677053,3.4864474105993626,8.167,2.342499122508202,0.8125,0.5980020901081256,351.975023,0.0,0.0,-0.018640624999999997,0.05809081445985565,0.06100832422710854,0.144,2.3603336401102912,0.03125,0.48370754597125,0.10865606249999998,0.0,0.0,-0.015796875,0.056802063036780405,0.05895774440224116,0.163,2.7646919272882475,0.34375,0.5168216227944168,0.10398349999999999,0.0,0.0
c4,phm2010,28.50016,56.5003,0.056207178225468724,low_wear,1.033515625,3.5059484183678262,3.655109965428537,10.235,2.8001893504728015,0.90625,0.6431401212427308,402.77254737500004,0.0,0.0,-0.003203125000000001,0.07057623973572391,0.07064888976480804,0.163,2.3071841686774013,0.375,0.4516586905065251,0.15940943749999997,0.0,0.0,-0.018078124999999997,0.06196932322919441,0.06455242539982521,0.179,2.77293996145472,0.0625,0.47347085082923085,0.12421887499999998,0.0,0.0
c4,phm2010,42.50024,70.50038,0.060399944531874986,low_wear,1.493640625,3.8960141064586264,4.172515815952649,10.235,2.452956549827527,0.875,0.645469992377432,488.12340562500003,0.0,0.0,-0.006078125,0.08834508062979157,0.08855392072065471,0.231,2.608580152297204,0.0625,0.4318706673950452,0.2498040625,0.0,0.0,-0.020828124999999996,0.07224298293941339,0.07518549976557978,0.185,2.460580837752092,0.0625,0.4484397385512813,0.16703149999999994,0.0,0.0
c4,phm2010,57.0003,85.00044000000003,0.06306402726812496,low_wear,2.0111875,4.755673341767047,5.163458539946845,13.653,2.6441579600909413,0.8125,0.6688383783766403,755.8398274062502,0.0,0.0,-0.02734375,0.08666318039362218,0.09087457015029012,0.231,2.541965256264407,0.0625,0.4157232591393274,0.24034871875,0.0,0.0,-0.035265624999999995,0.07736283066408166,0.08502159652111926,0.237,2.787527048390928,0.09375,0.46007517672878867,0.19188812499999996,0.0,0.0
c4,phm2010,71.00038,99.00052000000004,0.06461826886187497,low_wear,2.3206562500000003,4.953780920982068,5.470410482198754,13.653,2.495790771904263,1.0,0.6697350598735539,892.9744102499999,0.0,0.0,-0.023046874999999994,0.07886191050015448,0.0821605706832663,0.195,2.3734012358767096,0.40625,0.4489605027700267,0.199024,0.0,0.0,-0.03345312499999999,0.07831724939458978,0.08516280364689738,0.237,2.7829050929634853,0.40625,0.4530804917608438,0.19661618749999993,0.0,0.0
c4,phm2010,85.50044000000003,113.50058000000008,0.06533030178765623,low_wear,2.248265625,5.042549092603696,5.521050594938884,14.101,2.554042886860394,0.84375,0.6607966728620397,824.1624157499999,0.0,0.0,0.004015625000000004,0.07566279885689779,0.0757692838490638,0.186,2.45482061531057,0.40625,0.4697525598703726,0.18323056249999997,0.0,0.0,-0.009609374999999991,0.0756142796507999,0.07622243354157618,0.168,2.2040755220490693,0.65625,0.47954357295377326,0.18315812499999995,0.0,0.0
c4,phm2010,99.50052000000004,127.5006600000001,0.06553016069875,low_wear,2.4339062499999997,5.6316095160452075,6.1350570800115625,14.101,2.2984301231592497,0.84375,0.6357977442951375,1018.7228157187499,0.0,0.0,0.0037968749999999943,0.07255798967194704,0.07265726477785961,0.176,2.4223317590897167,0.09375,0.46055833899781806,0.16952143749999996,0.0,0.0,-0.01278124999999999,0.07310576002229577,0.07421463804398698,0.168,2.263704363826803,0.09375,0.48859139129533496,0.17120774999999994,0.0,0.0
c4,phm2010,114.00058000000008,142.00072000000011,0.06559400029000001,low_wear,2.1250625,5.578152096222705,5.9692270385285235,14.565,2.4400144115795643,1.0,0.6608323748250456,1108.805785875,0.0,0.0,-0.011328125000000005,0.0849380389400672,0.08569012122176044,0.301,3.5126569516809485,0.0625,0.38920286110195085,0.23105562499999993,0.0,0.0,-0.022015624999999997,0.09069876173829151,0.09333248697532923,0.311,3.332173073693057,0.03125,0.4220828481358847,0.26453462499999997,0.0,0.0
c4,phm2010,128.0006600000001,156.00080000000014,0.06624053851359374,low_wear,1.986796875,5.4258476416699395,5.778164453624092,14.565,2.5206966878321992,0.875,0.6551353134950147,1041.9999415625002,0.0,0.0,-0.0012500000000000011,0.08707306558287699,0.08708203747042209,0.301,3.456510765520804,0.15625,0.41471480122506116,0.2429151249999999,0.0,0.0,-0.0041406249999999985,0.09529934207332899,0.09538925188405661,0.311,3.260325391565217,0.03125,0.4417156965407976,0.2918050624999999,0.0,0.0
c4,phm2010,142.50072000000011,170.50086000000016,0.06753112197859372,low_wear,3.0427343749999998,6.260958980165767,6.961166556556811,17.897000000000002,2.5709771278411075,0.84375,0.6603378034843961,1311.4199702500002,0.0,0.0,-0.006546875000000004,0.0889727714120133,0.08921331528981533,0.217,2.4323723347244885,0.28125,0.43794986240836054,0.2534998124999999,0.0,0.0,-0.009937499999999995,0.08303592501893381,0.08362845658028131,0.1989999999999999,2.3795727930117265,0.125,0.4639939721850017,0.2214691562499999,0.0,0.0
c4,phm2010,156.50080000000014,184.50094000000016,0.06893866249999998,low_wear,3.8032343749999997,6.791244183096597,7.783674534924042,19.25,2.47312498918454,0.875,0.6689791853231465,1523.939708625,0.0,0.0,-0.008359375000000004,0.0926006829057398,0.09297723175595195,0.217,2.3339047194864317,0.25,0.41779203048139224,0.27500449999999993,0.0,0.0,-0.019874999999999993,0.08041833979261198,0.08283794420433187,0.183,2.2091325630752476,0.21875,0.4671705317591455,0.21475999999999998,0.0,0.0
c4,phm2010,170.50088000000017,198.5010200000002,0.0703522435525,low_wear,3.539734375,6.737158769749928,7.610455159474695,21.844,2.8702619675519863,0.9375,0.6255810932609704,1452.7767661875002,0.0,0.0,-0.005015624999999999,0.0837077304127843,0.08385785964952837,0.1639999999999999,1.9556902678581811,0.125,0.46052488427977484,0.22673512499999998,0.0,0.0,-0.011843749999999997,0.07815013970516942,0.0790425122955995,0.185,2.3405126510673857,0.3125,0.4787899864256231,0.20609621875,0.0,0.0
c4,phm2010,185.00094000000016,213.00108000000023,0.071794210354375,low_wear,4.0710625,7.282605860617046,8.343254640726244,21.844,2.6181629280942786,0.96875,0.6565437774452373,1745.364611,0.0,0.0,0.006656250000000001,0.08323070698929272,0.08349644453508184,0.168,2.0120617223337356,0.21875,0.4841631423145436,0.22980334375,0.0,0.0,-0.011140624999999996,0.07355479827726655,0.07439369512935891,0.185,2.4867698758384584,0.3125,0.48778737888155926,0.17860306249999996,0.0,0.0
c4,phm2010,199.0010200000002,227.00116000000023,0.07329126008671877,low_wear,3.788328125,7.219476892092597,8.153053205893176,19.599,2.4038847171797535,0.84375,0.6794295939264241,1845.5872521875,0.0,0.0,-0.0031250000000000036,0.08946097263611658,0.08951553636101388,0.246,2.748126302990447,0.40625,0.46798547262191165,0.25763078125,0.0,0.0,-0.013359375,0.08423189107819777,0.08528472533226568,0.301,3.52935415840664,0.15625,0.4552880665882828,0.2283344999999999,0.0,0.0
c4,phm2010,213.50108000000023,241.50122000000027,0.07483517684156249,low_wear,3.7296562499999997,7.31522659256608,8.21114339442139,22.23,2.7072965276800494,0.84375,0.6536186783868602,1816.8747957187502,0.0,0.0,-0.006109375000000005,0.09936220313635047,0.09954984618270386,0.276,2.772480426473559,0.09375,0.4259748265970546,0.31743674999999993,0.0,0.0,-0.0030624999999999975,0.10643922488326377,0.10648327333435988,0.301,2.826735040862739,0.125,0.4049291853944058,0.3627966562499999,0.0,0.0
c4,phm2010,227.50116000000023,255.5013000000003,0.07643477232125,low_wear,4.7894375,8.071981955108283,9.38592586003107,22.23,2.3684397609258774,0.875,0.6558000192290938,2099.7752359062506,0.0,0.0,0.015234374999999994,0.10573533323047397,0.10682718228522176,0.276,2.5836120928763022,0.125,0.41371869277080453,0.35902756249999995,0.0,0.0,0.015859374999999995,0.11168480581354553,0.11280521098335837,0.298,2.641721932898672,0.125,0.40880987732070556,0.40732787499999995,0.0,0.0
c4,phm2010,242.00122000000027,270.0013600000003,0.07806541603468749,low_wear,3.733671875,8.377719901722006,9.172049739391682,21.841,2.3812561663505067,0.875,0.6360676066720178,2249.6978746874997,0.0,0.0,0.02,0.09652023751524857,0.09857056482540819,0.241,2.4449489604413657,0.4375,0.5099457759812115,0.31518328124999995,0.0,0.0,0.023593749999999993,0.09567812556137112,0.09854424767585371,0.298,3.0240222745443814,0.15625,0.458538918368248,0.29336549999999995,0.0,0.0
c4,phm2010,256.0013000000003,284.00144000000034,0.07972604324718749,low_wear,2.527609375,8.561911466301618,8.927213289116319,21.557,2.4147513117314428,0.875,0.6375456306472598,2362.9276411875003,0.0,0.0,0.006562499999999999,0.08877374242280202,0.08901597468993978,0.261,2.932057991940374,0.25,0.5039169299000815,0.25772365625,0.0,0.0,0.0013281249999999994,0.0866685595183419,0.08667873513728727,0.27,3.114950853543916,0.21875,0.46797240751912267,0.24916075,0.0,0.0
c4,phm2010,270.5013600000003,298.5015000000004,0.08138346485703123,low_wear,2.2526249999999997,8.988977711446113,9.266932593231699,21.557,2.3262282079989025,0.84375,0.6408121333796385,2586.1010896250004,0.0,0.0,-0.012421874999999999,0.0843159616945948,0.08522607802192941,0.261,3.0624429289453214,0.3125,0.43784901056946646,0.2304679375,0.0,0.0,-0.012421875000000002,0.08589870573230061,0.08679222675447382,0.27,3.1108776683861556,0.4375,0.4839869982102848,0.23624081249999998,0.0,0.0
c4,phm2010,284.50144000000034,312.5015800000004,0.08303128320124996,low_wear,2.52465625,9.119150548465901,9.462177122959071,26.134,2.7619436478935,0.84375,0.6388386544308291,2687.13297275,0.0,0.0,-0.009875,0.0762027517547759,0.0768399310254766,0.215,2.7980243752264156,0.21875,0.46981560193712896,0.187304625,0.0,0.0,-0.009484375000000001,0.0821393617935967,0.08268511428909074,0.2189999999999999,2.648602494934136,0.4375,0.5168276326451998,0.21877849999999996,0.0,0.0
c4,phm2010,298.5015200000004,326.5016600000004,0.0846415646270312,low_wear,2.7640781249999997,9.35297747762826,9.752861917310478,26.134,2.6796237065157698,0.84375,0.6307462063537406,2839.3901835624997,0.0,0.0,0.0017656249999999983,0.0772064485218649,0.07722663481597523,0.188,2.4343932692132535,0.21875,0.46858473622281477,0.19167662500000002,0.0,0.0,-0.008234374999999997,0.07375481810267973,0.07421305899233636,0.2189999999999999,2.9509631185343674,0.5,0.4966024826092901,0.18021937499999996,0.0,0.0
c4,phm2010,313.0015800000004,341.00172000000043,0.08618494084937497,low_wear,3.4791718749999996,9.97412686898377,10.56351474341637,23.904,2.2628831956615563,0.90625,0.6518057001299589,3191.3703849375,0.0,0.0,0.008843750000000001,0.08415521722351799,0.08461862974546443,0.214,2.5289939182863033,0.46875,0.48117924924608046,0.22672174999999994,0.0,0.0,-0.001093750000000001,0.069706688781906,0.06971526913094432,0.216,3.0983169496813243,0.46875,0.50799937019342,0.15629875,0.0,0.0
c4,phm2010,327.0016600000004,355.00180000000046,0.0876562656146875,low_wear,4.2372499999999995,9.626466630142652,10.517753911541666,24.579,2.33690578869964,0.875,0.6769463282508255,2965.5662481250006,0.0,0.0,0.023750000000000004,0.09352389400575661,0.09649238959627851,0.28,2.901783251212995,0.28125,0.4782660258519911,0.2803754999999999,0.0,0.0,0.018578124999999994,0.08002495795990382,0.08215315346960211,0.216,2.6292356516773663,0.46875,0.4766625176463203,0.2050275625,0.0,0.0
c4,phm2010,341.50172000000043,369.5018600000005,0.08902271989999999,low_wear,3.9719218750000005,9.203883639028227,10.024352219563866,25.82,2.575727531760986,0.90625,0.6692451009361169,2714.2371351250003,0.0,0.0,0.025484374999999997,0.08657691525955041,0.0902497403043355,0.28,3.1025020022860845,0.25,0.469667957087693,0.24019924999999998,0.0,0.0,0.026609375,0.07273509666666687,0.0774496812453092,0.181,2.337001225695327,0.8125,0.4823712407761423,0.17042668749999998,0.0,0.0
c4,phm2010,355.50180000000046,383.5019400000005,0.09028040878984375,low_wear,4.425921874999999,9.074329137229455,10.096149450873586,25.82,2.5574106371579,0.875,0.6563997682854481,2636.8208792500004,0.0,0.0,0.027015624999999995,0.07707413074994342,0.08167169414797269,0.2289999999999999,2.8039090212221867,0.34375,0.42509455732016116,0.19009443749999996,0.0,0.0,0.015281250000000007,0.07485120004674273,0.07639514873341106,0.1889999999999999,2.47397908288045,0.375,0.5286347689669236,0.18127096874999996,0.0,0.0
c4,phm2010,370.0018600000005,398.0020000000005,0.09140436467171874,low_wear,3.9770781250000002,8.547309665006965,9.42728237202403,23.591,2.502417883440892,0.90625,0.6581136721968229,2354.2066289374998,0.0,0.0,0.01790625,0.08119281040176832,0.08314388883135065,0.2289999999999999,2.7542613560511255,0.0625,0.3954519153514355,0.21099099999999993,0.0,0.0,0.008624999999999999,0.07502155940128144,0.07551572683885124,0.1889999999999999,2.5027899208772943,0.5625,0.5237246899824909,0.18056862499999995,0.0,0.0
c4,phm2010,384.0019400000005,412.00208000000055,0.09239176827312498,low_wear,3.5290468749999997,9.384991291667657,10.02657635440059,25.471,2.540348679319733,0.9375,0.6589908471221655,2858.219868062501,0.0,0.0,-0.007578124999999995,0.08155132676103052,0.08190266708111524,0.3329999999999999,4.065801662724871,0.03125,0.4551802100973601,0.21623324999999993,0.0,0.0,-0.005515624999999999,0.06679703216355778,0.06702436590524374,0.156,2.327511762223104,0.84375,0.5037933868570865,0.14285556249999995,0.0,0.0
c4,phm2010,398.5020000000005,426.50214000000057,0.09322803940406248,low_wear,3.984375,10.132519271971557,10.887754173267323,25.471,2.3394172567322364,0.65625,0.6522782638722179,3288.74195878125,0.0,0.0,0.00026562500000000804,0.07751899811245869,0.0775194532036959,0.3329999999999999,4.295695934864043,0.21875,0.47540604164574185,0.19402737499999995,0.0,0.0,0.001531250000000004,0.07261886134770704,0.07263500361396012,0.188,2.58828375639906,0.21875,0.4837258968767827,0.16883974999999996,0.0,0.0
c4,phm2010,412.50208000000055,440.5022200000006,0.09391112750796873,low_wear,3.7797187500000002,9.874329079215885,10.573015113663178,25.641,2.4251360396586334,0.625,0.6519743469973042,3152.1280135937504,0.0,0.0,-0.002015624999999995,0.08108107288917292,0.08110612261105815,0.214,2.638518438690877,0.4375,0.4557804371556967,0.2103773749999999,0.0,0.0,-0.00032812500000000246,0.07492288841858924,0.07492360692732297,0.188,2.509222496220221,0.1875,0.435791226116317,0.17996481249999996,0.0,0.0
c4,phm2010,426.5021600000006,455.0022800000006,0.09443642722187501,low_wear,4.210687500000001,10.023788743650963,10.872268852452095,25.9,2.382207462995049,0.875,0.6396709098414026,3243.5425501562495,0.0,0.0,-0.008515624999999995,0.0888100135449791,0.08921734346527023,0.214,2.398636763751031,0.3125,0.47630768073788804,0.2558458749999999,0.0,0.0,-0.0037343750000000024,0.0779695938706838,0.07805897209802341,0.175,2.2418947533698215,0.40625,0.4476539105642023,0.19493175000000001,0.0,0.0
c4,phm2010,441.0022200000006,469.00236000000064,0.09480140968984375,low_wear,4.754421875,10.701380861255547,11.709999133352872,30.024,2.5639626150342303,0.875,0.643099532609952,3677.5358607500007,0.0,0.0,0.006328125000000001,0.08118902609949433,0.08143526953967793,0.1989999999999999,2.443658639860467,0.28125,0.4600142231315482,0.2124386874999999,0.0,0.0,0.005765625,0.07969820853293613,0.079906488316031,0.201,2.515440288215932,0.28125,0.454989217444605,0.20325868749999998,0.0,0.0
c4,phm2010,455.0023000000006,483.0024400000007,0.09502123112437497,low_wear,4.90746875,11.690472766275256,12.67873822709697,30.024,2.3680589868030224,0.6875,0.6464285398800478,4376.29407646875,0.0,0.0,0.013249999999999996,0.06719607503418633,0.06848996276827721,0.185,2.701125720069558,0.03125,0.4927570614770777,0.15065049999999994,0.0,0.0,-0.005953125,0.07257376197865434,0.07281751592165171,0.201,2.760324867663252,0.25,0.47481293395599505,0.171792625,0.0,0.0
c4,phm2010,469.50236000000064,497.5025000000007,0.0951059305901562,low_wear,5.40821875,12.381219476828543,13.510863250778982,33.858000000000004,2.5059834720810965,0.65625,0.6747713913078145,4937.715711468751,0.0,0.0,0.0080625,0.06999372181667438,0.07045654689239318,0.228,3.2360371045180467,0.25,0.46607447805862046,0.16064387499999996,0.0,0.0,-0.005078124999999997,0.062359668628724885,0.0625660900568351,0.157,2.509346514339973,0.1875,0.4836325439491282,0.12482087499999998,0.0,0.0
c4,phm2010,483.5024400000007,511.5025800000007,0.09511871174999999,low_wear,5.993375,12.681918527844081,14.026817224071182,33.858000000000004,2.4138048895295268,0.6875,0.6594105573704498,5147.29388178125,0.0,0.0,-0.004609374999999999,0.07908532124932777,0.07921953278705952,0.228,2.878078069620271,0.25,0.41226497681551594,0.2001594375,0.0,0.0,-0.0094375,0.06808034660421464,0.06873136110975832,0.168,2.4442990403131675,0.1875,0.4823676737521202,0.14931915625,0.0,0.0
c4,phm2010,498.0025000000007,526.0026400000005,0.09511871174999999,low_wear,5.342328125,12.19530342111089,13.314123903889621,33.201,2.493667644951132,0.875,0.6389444614616607,4763.2410938125,0.0,0.0,-0.004265625,0.08974029233493377,0.089841614105046,0.203,2.2595319777163088,0.03125,0.5015569058746171,0.262206875,0.0,0.0,-0.011093749999999996,0.07415771174286258,0.07498291472062152,0.1989999999999999,2.6539379102753347,0.3125,0.4496990569363979,0.17597984374999995,0.0,0.0
c4,phm2010,512.0025800000006,540.0027200000003,0.09528801138609375,low_wear,4.024484375,11.749982610349084,12.4200871908423,30.58,2.462140525273248,0.875,0.6884408470806557,4656.1385950625,0.0,0.0,0.026484374999999994,0.09781231903936935,0.10133445551736092,0.259,2.555892748203767,0.8125,0.5298708662255641,0.30830531250000004,0.0,0.0,0.00865625,0.08509759447797276,0.0855367245690411,0.26,3.0396300689552427,0.3125,0.5181834037925256,0.24242574999999997,0.0,0.0
c4,phm2010,526.5026400000005,554.5027800000001,0.0958166729478125,low_wear,4.673906250000001,12.781852033154701,13.609597386816775,32.911,2.418219956446319,0.90625,0.6884315074841723,5229.164529843751,0.0,0.0,0.017234375,0.08876826259063188,0.09042581558935478,0.259,2.864226308736665,0.3125,0.48535352320966546,0.2522213125,0.0,0.0,0.004140625000000001,0.09068676639736017,0.09078124462134235,0.26,2.8640277084158297,1.0,0.5406297081455788,0.2895346875,0.0,0.0
c4,phm2010,540.5027200000003,568.5028599999999,0.09647477328749998,low_wear,6.21796875,12.696471923787467,14.137310023038328,32.911,2.327953475333557,0.90625,0.6816841593534241,5254.958712,0.0,0.0,0.003999999999999997,0.08012451247901606,0.0802242949486002,0.207,2.580265742847913,0.28125,0.4777353810852084,0.20849953124999998,0.0,0.0,0.005375000000000003,0.10152101075639466,0.10166320007751083,0.29,2.8525562817115335,0.125,0.4828908923018947,0.330108625,0.0,0.0
c4,phm2010,555.0027800000001,583.0029199999998,0.09699891493374999,low_wear,5.82271875,12.597942517367606,13.878480079335057,34.247,2.4676333290266776,0.84375,0.6298579419453372,5133.791231593752,0.0,0.0,0.0049531249999999975,0.0799588624089561,0.08011212845131503,0.207,2.583878421427737,0.375,0.47949271188840076,0.20466293749999998,0.0,0.0,0.011609375,0.10043850998053173,0.10110722958819512,0.29,2.8682419761787163,0.375,0.5070339141301945,0.3297304374999999,0.0,0.0
c4,phm2010,569.0028599999999,597.0029999999996,0.09739423572078121,low_wear,4.80278125,13.027523502508005,13.884634541238382,37.756,2.719264946287345,0.84375,0.6321121838215578,5627.69691746875,0.0,0.0,-0.015765625,0.0738778007479877,0.07554127596883704,0.2019999999999999,2.674034789713252,0.09375,0.537857660840626,0.17772506249999995,0.0,0.0,-0.0021406249999999993,0.08954989307424868,0.08957547446148414,0.1989999999999999,2.2215902421545795,0.5625,0.48839873294451097,0.25705268749999993,0.0,0.0
c4,phm2010,583.0029399999997,611.0030799999994,0.09767273548734375,low_wear,6.411421875,14.116252766984463,15.504029238898674,37.756,2.435237925459562,0.84375,0.6172085958389262,6397.242491062501,0.0,0.0,-0.012718750000000003,0.10014059940122937,0.10094506550594734,0.331,3.279011196248108,0.3125,0.46599915256960645,0.321793,0.0,0.0,-0.007484374999999996,0.10206508220669483,0.10233912680397464,0.297,2.902115830721209,0.3125,0.46798915472777136,0.3378536249999999,0.0,0.0
c4,phm2010,597.5029999999996,625.5031399999992,0.09784284911890626,low_wear,7.69090625,14.757063378386329,16.640942235943253,36.016,2.1643005239335547,0.875,0.6513542701715965,6994.789610749999,0.0,0.0,-0.0015937500000000045,0.12094067744533887,0.12095117816706044,0.331,2.7366413871786803,0.34375,0.43573430265292096,0.46806650000000005,0.0,0.0,0.003921875000000002,0.1154973355601088,0.1155639027767754,0.297,2.5700066618006896,0.28125,0.43983495813265444,0.427943625,0.0,0.0
c4,phm2010,611.5030799999994,639.503219999999,0.09792479892187499,low_wear,7.157859374999999,14.738696014729378,16.38487445929553,42.669,2.6041700902867064,0.875,0.6670942197737233,7005.131394749999,0.0,0.0,-0.00764062500000001,0.1035537854190245,0.10383528121500898,0.29,2.792885006007781,0.3125,0.45797443866084736,0.34330812499999985,0.0,0.0,0.002796875,0.1087521809677138,0.10878813986368181,0.285,2.6197708716880572,0.3125,0.4791869985255818,0.3868341249999999,0.0,0.0
c4,phm2010,626.0031399999992,654.0032799999989,0.09794639968749999,low_wear,6.189640624999999,14.43877945777359,15.709551339770178,42.669,2.7161183077189155,1.0,0.673422065218034,7559.876708875001,0.0,0.0,-0.018109375000000004,0.09285962476829945,0.09460898147110558,0.252,2.6635948942856236,0.875,0.49522090763834403,0.275984375,0.0,0.0,-0.01615625,0.09344019122378495,0.09482665105338266,0.285,3.0054841843941027,1.0,0.524661311516432,0.31404449999999995,0.0,0.0
c4,phm2010,640.003219999999,668.0033599999987,0.09794758207,low_wear,3.8554062499999997,13.902950964542057,14.427619445875331,34.836,2.4145355462615252,0.96875,0.6674654195624196,6415.209057500002,0.0,0.0,-0.014281249999999997,0.10672767166221467,0.10767892087126431,0.252,2.3402909126594884,0.0625,0.5063282242496827,0.36497059375,0.0,0.0,-0.012265625000000006,0.0894621501997318,0.09029906907050592,0.228,2.524942973907921,1.0,0.5291678871527272,0.26554718749999995,0.0,0.0
c4,phm2010,654.5032799999989,682.5034199999985,0.09794758207,low_wear,4.184109375,14.89164524901168,15.468285925866997,37.689,2.4365337039040758,0.875,0.6441903179054864,7284.052877500001,0.0,0.0,-0.005609375,0.1018013717349102,0.10195579618148248,0.23,2.2558795930600883,0.6875,0.5117839429409682,0.3320211249999999,0.0,0.0,0.0013593749999999951,0.08352551391406923,0.08353657507343713,0.192,2.29839444376565,0.09375,0.5072121590762477,0.22514718749999998,0.0,0.0
c4,phm2010,668.5033599999987,696.5034999999983,0.09794758207,low_wear,5.580859375,15.3282229052604,16.312584369034692,37.691,2.3105474367106917,0.90625,0.6398506872868109,7523.0665179375,0.0,0.0,-0.002921875,0.10213445560379893,0.10217624173456372,0.268,2.6229189432922957,0.4375,0.5451725093573562,0.34568356249999993,0.0,0.0,-0.013437499999999995,0.0963401971855466,0.09727281223445737,0.254,2.6112126725377482,0.25,0.49034193654885505,0.29704865625,0.0,0.0
c4,phm2010,683.0034199999985,711.0035599999982,0.09794758207,low_wear,5.281875,15.151986657592957,16.046211490177363,41.156000000000006,2.564842176310185,0.9375,0.6469654862814592,7367.834812031251,0.0,0.0,0.013750000000000002,0.11571624777877995,0.1165303072166207,0.268,2.299830888644351,0.4375,0.4625659490482626,0.42858599999999997,0.0,0.0,-0.0037499999999999964,0.10845866147984676,0.10852347096365834,0.254,2.3405075210417654,0.09375,0.49582867767730454,0.3764311249999999,0.0,0.0
c4,phm2010,697.0034999999983,725.003639999998,0.09794758207,low_wear,5.878546875,16.771828983940683,17.772213166292065,41.156000000000006,2.315749851462459,0.8125,0.647360736084856,9056.253856125,0.0,0.0,0.014625000000000003,0.11968036858649791,0.12057064837679192,0.289,2.396934941386848,0.375,0.4435577333710289,0.472713625,0.0,0.0,0.020312499999999997,0.10105565839550994,0.10307688271382676,0.253,2.4544785730706087,0.03125,0.46178829155450163,0.34069465624999995,0.0,0.0
c4,phm2010,711.5035599999982,739.5036999999978,0.09794758207,low_wear,6.623359375,17.324685228351903,18.547603825612487,42.901,2.3130211537491316,1.0,0.6709405988387577,10987.636234750002,0.0,0.0,0.00046875000000000475,0.10433030012147718,0.10433135314947276,0.314,3.0096417857261044,0.09375,0.43799344319024414,0.34974509375,0.0,0.0,0.006062500000000004,0.08658537603862444,0.0867973573906487,0.253,2.9148352853799846,0.125,0.4872058196577343,0.2480011562499999,0.0,0.0
c4,phm2010,725.503639999998,753.5037799999976,0.09794758207,low_wear,6.85075,17.489945740338936,18.783795611177737,42.901,2.2839366913932326,0.78125,0.6825354098638552,11690.90740428125,0.0,0.0,0.00615625,0.09784988802209994,0.09804335775563788,0.314,3.2026646902751934,0.4375,0.46760792910919197,0.30942921875,0.0,0.0,0.011250000000000001,0.09457916657488583,0.09524589886184077,0.296,3.1077453574076053,0.78125,0.51401874076573,0.2967232812499999,0.0,0.0
c4,phm2010,739.5037199999978,767.5038599999974,0.09794758207,low_wear,7.872359375,17.917808814981385,19.570945681273937,43.864,2.2412815770047523,0.78125,0.6386656080691473,10326.4161119375,0.0,0.0,0.004546875000000003,0.1148332935290736,0.11492327603666717,0.237,2.0622454229757885,0.40625,0.4742511699937563,0.4224505625,0.0,0.0,0.011375000000000003,0.11237277528387381,0.11294702851336992,0.296,2.620697541989442,1.0,0.5113127373587917,0.44767078125,0.0,0.0
c4,phm2010,754.0037799999976,782.0039199999973,0.09794758207,low_wear,6.818921874999999,17.57188575209051,18.8485772519274,48.371,2.566294492867027,0.9375,0.6614558491196981,9938.861133999999,0.0,0.0,-0.0012656249999999977,0.1173942665480703,0.11740108868745638,0.267,2.274254889669753,0.4375,0.5219613747512974,0.45096337500000006,0.0,0.0,0.0007499999999999981,0.11431002252646089,0.11431248291415945,0.316,2.7643525181523136,1.0,0.5261905977653829,0.4767045312499999,0.0,0.0
c4,phm2010,768.0038599999974,796.0039999999971,0.09799924066390625,low_wear,4.908390625,15.908731224567756,16.648724506794057,48.371,2.9053877358749394,0.9375,0.6427739369619145,8210.2840461875,0.0,0.0,0.031406250000000004,0.11170395006864126,0.11603501626664255,0.297,2.559572183947552,0.03125,0.5057767420932533,0.401134,0.0,0.0,0.02571875,0.1095601245820645,0.11253832680469351,0.316,2.807932274916504,0.96875,0.5214936587638025,0.38480324999999993,0.0,0.0
c4,phm2010,782.5039199999973,810.5040599999969,0.09826817267453124,low_wear,6.54471875,17.277085702119976,18.475146383046603,44.086000000000006,2.386232784626527,0.90625,0.6472664848175613,9668.226404749998,0.0,0.0,0.048359374999999996,0.10393468008614533,0.11463440528480093,0.298,2.5995685960043184,0.75,0.48790591330418004,0.34567737499999995,0.0,0.0,0.03396874999999999,0.09633015635530495,0.10214389360113506,0.287,2.809761698733704,0.90625,0.5516886742068439,0.3041139999999999,0.0,0.0
c4,phm2010,796.5039999999971,824.5041399999967,0.09877234650343748,low_wear,6.797937500000001,19.35997299510239,20.518784287208636,45.56100000000001,2.2204531887594645,0.90625,0.6562723854953709,12186.620717875,0.0,0.0,0.019859375,0.11716453004049208,0.11883569276526305,0.298,2.5076640954047487,0.375,0.4524791927878625,0.4478123124999999,0.0,0.0,0.013765624999999998,0.09658832457061968,0.09756432173187081,0.203,2.0806786374007773,0.90625,0.4864425238521381,0.2988855625,0.0,0.0
c4,phm2010,811.0040599999969,839.0041999999966,0.09943762209390622,low_wear,7.8995,21.424215037399854,22.834164977479467,48.077,2.1054853570260463,0.9375,0.6695019800397078,14887.2442235,0.0,0.0,-0.0034062499999999874,0.11938026411822641,0.11942884911109207,0.285,2.386358087859446,0.21875,0.4219172176093993,0.45605884374999983,0.0,0.0,0.01196875,0.10752077833348073,0.10818488226180217,0.275,2.5419448101308033,0.1875,0.49454936200763183,0.37104746874999994,0.0,0.0
c4,phm2010,825.0041399999967,853.0042799999964,0.10027227490015625,low_wear,10.4834375,23.76314824068128,25.972864226438332,50.655,1.9503047318299687,0.875,0.7113520732298063,18433.054525656255,0.0,0.0,-0.0015468749999999953,0.11322032305524646,0.11323088966797001,0.285,2.5169810184810273,0.15625,0.482904050396092,0.4122429375,0.0,0.0,0.012234374999999995,0.10142064973840077,0.10215590107771551,0.275,2.6919639208193433,0.96875,0.4909781036953254,0.3292006874999999,0.0,0.0
c4,phm2010,839.5041999999966,867.5043399999962,0.101277877103125,low_wear,10.5413125,22.650759956811463,24.983518484067652,50.655,2.027536675120577,0.90625,0.6787783806753189,16458.490577656252,0.0,0.0,0.014015625,0.11789116964751589,0.11872137812963594,0.337,2.83857890894779,0.40625,0.4825124697340492,0.445511875,0.0,0.0,0.013687499999999997,0.09280808070286768,0.09381197951221368,0.211,2.249179700685553,0.40625,0.5190702007568553,0.28603090624999994,0.0,0.0
c4,phm2010,853.5042799999964,881.504419999996,0.10247094332656248,low_wear,9.268703125,18.497612408159334,20.689865210336073,49.85,2.409392206919567,0.875,0.6935632860652193,11216.9985346875,0.0,0.0,0.03464062500000001,0.1373935232265676,0.1416931654138618,0.337,2.3783786537316742,0.25,0.4687471649544599,0.6058260625000002,0.0,0.0,0.012890625000000001,0.10708657671300065,0.10785964548894085,0.243,2.25292785729502,0.90625,0.5262178890639848,0.36821737499999996,0.0,0.0
c4,phm2010,868.0043399999962,896.0044799999959,0.10386711605624996,low_wear,8.173703125,18.864271100316607,20.558943234560356,51.063,2.483736611235989,0.96875,0.6795324366012655,11856.553565562499,0.0,0.0,0.010921875,0.13099097114490135,0.1314455091473269,0.325,2.472507445162947,0.25,0.450662974617559,0.5520311875,0.0,0.0,-0.012406249999999997,0.12225073092189469,0.12287862405642407,0.272,2.2135664529829175,1.0,0.5042842432959574,0.5298485000000001,0.0,0.0
c4,phm2010,882.004419999996,910.0045599999956,0.10579691602812497,low_wear,7.595265625,21.648608145388202,22.942325395366424,51.063,2.225711610311002,0.9375,0.6578967982802172,15141.7999035625,0.0,0.0,-0.025421875000000003,0.11130361133622023,0.11416989806862402,0.2689999999999999,2.3561376908501073,0.5,0.514025863631644,0.4081937499999999,0.0,0.0,-0.026624999999999996,0.11778363373151637,0.12075543466030834,0.298,2.4677978331848194,0.8125,0.4986035401773944,0.45416,0.0,0.0
c4,phm2010,896.5044799999959,924.5046199999956,0.1084012614359375,low_wear,8.213390625,21.24438045079303,22.776819055717045,52.257,2.2943063239940584,0.84375,0.639910937295422,14480.50744425,0.0,0.0,0.00029687500000000373,0.13372846551962816,0.13372879504803742,0.319,2.3854249182863745,0.5,0.47803313940904923,0.5731529374999998,0.0,0.0,0.0032187499999999933,0.11121340251263559,0.11125997146323559,0.298,2.6784116163329252,0.90625,0.5077166611723952,0.39800059374999996,0.0,0.0
c4,phm2010,910.5045599999956,938.5046999999952,0.11140467692343747,low_wear,8.3025625,22.220856587108514,23.72127761169811,55.805,2.3525292740758554,0.84375,0.6620090369104268,15908.425008875,0.0,0.0,0.0075000000000000015,0.13510065691920228,0.13530867488819776,0.319,2.357572419237583,0.625,0.4847098753308313,0.584125125,0.0,0.0,0.007562499999999991,0.11198184492921162,0.11223691460477697,0.302,2.690736831669341,0.84375,0.47361297523868345,0.4021286562499999,0.0,0.0
c4,phm2010,925.0046199999956,953.0047599999951,0.11461999651718746,low_wear,7.787328124999999,22.45416089089523,23.766190705298673,55.805,2.3480834893560907,0.78125,0.6551852816121861,16405.308819625003,0.0,0.0,-0.008249999999999997,0.13322009514333788,0.133475302022509,0.418,3.131665511642815,0.15625,0.48741725478092746,0.5694355000000001,0.0,0.0,0.009453124999999998,0.12328092027047159,0.12364281974704394,0.302,2.442519514015048,0.875,0.5458841456197602,0.4954713124999999,0.0,0.0
c4,phm2010,939.0046999999952,967.0048399999948,0.11805919526874996,low_wear,9.152328125,23.37696563062578,25.1047332629352,60.17100000000001,2.3967990167350988,0.8125,0.6380803014411203,17791.6989025625,0.0,0.0,0.013140625000000003,0.14882496715809942,0.14940397208575146,0.419,2.804476977088079,0.375,0.479968769618052,0.7225211249999999,0.0,0.0,0.028671874999999996,0.12355793867244781,0.12684100529797135,0.322,2.538611226263672,0.875,0.5287378950958949,0.49657868749999995,0.0,0.0
c4,phm2010,953.0047799999952,981.0049199999949,0.12169103914999996,medium_wear,9.07628125,24.414072219258067,26.046608294675334,60.17100000000001,2.3101280335336662,0.8125,0.6148948165526266,19119.066959000003,0.0,0.0,0.029093749999999995,0.1711964988279185,0.17365105096140362,0.422,2.430160932880247,0.375,0.49881656120917583,0.9412052499999998,0.0,0.0,0.024703125000000006,0.11180600941020287,0.11450252453548787,0.322,2.8121650706504924,0.8125,0.49733549647938685,0.40316887500000004,0.0,0.0
c4,phm2010,967.5048399999948,995.5049799999946,0.12549091462343748,medium_wear,8.958749999999998,24.084950044062786,25.697159768883022,57.042,2.2197783923604195,0.84375,0.6085123258976084,18566.251331031253,0.0,0.0,-0.0034374999999999944,0.1646424036928215,0.16467828484654556,0.422,2.5625722322359508,0.09375,0.5160173051597339,0.8697911562499999,0.0,0.0,0.013640625000000003,0.10914101646314905,0.10999012739787148,0.266,2.4183988717258966,0.84375,0.5201735086190185,0.3864679999999999,0.0,0.0
c4,phm2010,981.5049199999949,1009.5050599999944,0.12947317978906248,medium_wear,9.798812499999999,25.70996916742305,27.513982645193337,63.002,2.2898175379567007,0.84375,0.6122559332031574,21231.611738875003,0.0,0.0,-0.024328125,0.1457129085187183,0.14772985268726155,0.342,2.3150364924819966,0.96875,0.5649755211323692,0.6838148749999998,0.0,0.0,-0.004593749999999992,0.12643300087768816,0.12651642679905248,0.3389999999999999,2.67949394854818,0.84375,0.518154910916761,0.51399725,0.0,0.0
c4,phm2010,996.0049799999946,1024.0051199999943,0.1335901159859375,medium_wear,10.2493125,26.16350385608441,28.09941886854602,64.616,2.2995493359590427,0.84375,0.6495170551152076,21939.188530875,0.0,0.0,-0.014578125000000008,0.14393203742212632,0.14466842476850295,0.342,2.3640265700498584,0.375,0.5264412795853014,0.6675939999999999,0.0,0.0,-0.0071874999999999994,0.1376227718938621,0.13781033161559406,0.3389999999999999,2.4599026504456947,0.84375,0.5443884755369184,0.6100859999999999,0.0,0.0
c4,phm2010,1010.0050599999944,1038.005199999994,0.13785971157500002,medium_wear,10.77503125,25.460406598388673,27.64658392267931,64.616,2.3372146150394224,0.75,0.6505807945171905,20756.84604825,0.0,0.0,-0.035578125,0.16064526182394664,0.16453784708996286,0.599,3.6404998035041154,0.9375,0.5173999248899587,0.8259241249999997,0.0,0.0,-0.029421875,0.15068062299607196,0.15352620908170694,0.462,3.009258176590049,0.28125,0.5390331108741683,0.7281238125,0.0,0.0
c4,phm2010,1024.5051199999943,1052.505259999994,0.14222701903906249,medium_wear,10.073,26.413711696650097,28.269232295797316,62.446000000000005,2.208974030373072,0.78125,0.6762513705180204,23857.912118531254,0.0,0.0,-0.012828125000000001,0.17192754239499955,0.17240545416256411,0.599,3.474368040788271,0.40625,0.5056558817677007,0.9469199999999997,0.0,0.0,-0.014593750000000003,0.17150534965690573,0.17212513616552347,0.462,2.6840937372198765,0.71875,0.5270524701115566,0.96210975,0.0,0.0
c4,phm2010,1038.505199999994,1066.5053399999938,0.14667242387499996,medium_wear,8.9976875,27.134215036598054,28.587130076312313,64.824,2.267593837749878,0.9375,0.675815220281577,23643.543849000005,0.0,0.0,0.018296874999999997,0.158756858088822,0.1598077458229106,0.44,2.7533083439371064,0.375,0.4999712850298425,0.8140995625,0.0,0.0,0.02396875,0.15515677240596845,0.15699721335106556,0.411,2.6178808606045267,0.0625,0.5504065262220877,0.7742942499999999,0.0,0.0
c4,phm2010,1053.005259999994,1081.0053999999936,0.15115578984687494,medium_wear,10.125921875000001,28.203105587696747,29.965804821652544,64.824,2.1632657752999775,0.875,0.6702568620871422,25891.909342125004,0.0,0.0,0.006562499999999996,0.18050838579897055,0.180627638389035,0.4479999999999999,2.4802405877393996,0.71875,0.49441746245460444,1.0436109999999998,0.0,0.0,0.023734375000000002,0.1438685643855508,0.14581318313170452,0.418,2.8666818117703734,0.65625,0.5268171846336143,0.6745287499999999,0.0,0.0
c4,phm2010,1067.0053399999938,1095.0054799999934,0.15573898074999998,medium_wear,10.101624999999999,28.510471726137308,30.2471457444748,68.76899999999999,2.2735698958491617,0.84375,0.6782145454350533,26306.999320281247,0.0,0.0,0.020859375,0.18970148154300054,0.19084487319548302,0.4479999999999999,2.3474563004954923,0.0625,0.4977255242563199,1.151732625,0.0,0.0,0.012890625,0.15866997167740776,0.1591927389204671,0.444,2.7890719326201365,0.375,0.5042524216075339,0.8339293750000001,0.0,0.0
c4,phm2010,1081.5053999999936,1109.5055399999933,0.16038177666718748,medium_wear,9.566921874999998,28.654589354447594,30.209460194355923,68.76899999999999,2.2764061177381847,0.9375,0.6784411911485374,26969.648894374994,0.0,0.0,0.022421874999999997,0.17531416484837833,0.17674217627663183,0.447,2.5291077060201426,0.0625,0.4918336872802531,0.9927868125,0.0,0.0,0.023640625,0.15939675020090394,0.16114032122656327,0.444,2.7553625102666643,0.375,0.5422576009049993,0.8373720624999997,0.0,0.0
c4,phm2010,1095.5054799999934,1123.505619999993,0.16506584963749998,medium_wear,10.250531250000002,29.048417424065867,30.803959903720173,68.457,2.2223441471150758,0.71875,0.6728009559824835,27269.66755496875,0.0,0.0,0.031718750000000004,0.17077145443087816,0.17369216663396192,0.447,2.5735184761786396,0.0625,0.4898144190467627,0.9562712499999999,0.0,0.0,0.024937499999999998,0.13620846557299585,0.13847247018812076,0.32,2.310928660153649,0.9375,0.5528005278001819,0.5949378749999998,0.0,0.0
c4,phm2010,1109.5055599999932,1137.5056999999929,0.16975062156718748,medium_wear,10.392578125,29.01201577030449,30.81724742965577,70.309,2.2814821525020723,0.71875,0.670577066499134,26956.029002000003,0.0,0.0,0.02896875,0.1894211551634017,0.19162349151395816,0.5479999999999999,2.8597746323815563,0.0625,0.4677833484595043,1.1484139687500001,0.0,0.0,0.01151562499999999,0.13001598365531591,0.1305249616931566,0.436,3.3403572339286836,0.9375,0.5792067848326505,0.5533164375,0.0,0.0
c4,phm2010,1124.005619999993,1152.0057599999927,0.17439580505625,medium_wear,11.9238125,29.980293697941715,32.26445900290287,70.309,2.179147029667357,0.90625,0.6694266523815376,28768.264632,0.0,0.0,-0.0005156249999999953,0.19639222491193323,0.19639290179382757,0.5579999999999999,2.841243216548559,0.0625,0.48905470731265827,1.241452,0.0,0.0,-0.00784375,0.15698499318704798,0.15718082739316522,0.436,2.7738752062260668,0.375,0.5042109027405327,0.78870171875,0.0,0.0
c4,phm2010,1138.0056999999929,1166.0058399999923,0.17902368423281245,medium_wear,10.367515625,29.678444972210148,31.43716711478827,68.163,2.168229718381197,0.90625,0.622161412868602,28489.718914937497,0.0,0.0,-0.014296874999999994,0.18625685219672958,0.18680475268311564,0.5579999999999999,2.9870760351935886,0.75,0.5404434673465036,1.1102082499999997,0.0,0.0,0.008421875000000004,0.17896165831396504,0.17915971401238617,0.392,2.1879918828900293,0.34375,0.46196124440750364,1.0283903125,0.0,0.0
c4,phm2010,1152.5057599999927,1180.5058999999924,0.183535223128125,medium_wear,8.077984375,28.13542566792585,29.272102915201103,65.813,2.2483181406766333,0.8125,0.6388432890144501,25451.106166437505,0.0,0.0,-0.008484375,0.21342277527447573,0.21359135194337805,0.623,2.9167847589875926,0.03125,0.5120767217089313,1.4975861250000002,0.0,0.0,0.0067187500000000025,0.18129443151524952,0.18141888683375829,0.496,2.7340042079218883,0.8125,0.5164776797137273,1.05656746875,0.0,0.0
c4,phm2010,1166.5058399999923,1194.5059799999922,0.18795439582812498,medium_wear,10.101203125,29.04122287433615,30.74779554064608,70.536,2.294018116087612,0.8125,0.6837553645358091,27073.942177875004,0.0,0.0,0.00946875,0.22515543025527388,0.22535444304472896,0.623,2.764533911924449,0.375,0.5080691102653074,1.63183009375,0.0,0.0,0.008015625000000009,0.1787710208083496,0.17895063041241288,0.496,2.771714180927496,0.8125,0.548445232507699,1.0232986249999998,0.0,0.0
c4,phm2010,1181.0058999999924,1209.006039999992,0.19232315077187498,medium_wear,9.187453125000001,29.565818480198594,30.960408868878414,70.536,2.278264486064433,0.84375,0.6694120211733797,29336.671117625,0.0,0.0,0.005515624999999999,0.18847645676810504,0.18855714485269445,0.527,2.7949086756256603,0.84375,0.532042233355449,1.1436658124999999,0.0,0.0,0.032953125,0.1653255717598895,0.16857773614863855,0.411,2.4380443668884757,0.84375,0.5472287706671367,0.8866733124999999,0.0,0.0
c4,phm2010,1195.0059799999922,1223.0061199999918,0.1966242467296875,medium_wear,9.196296875,29.21043478989983,30.62386939673243,73.19800000000001,2.3902270170930864,0.8125,0.66843601769542,29040.702700687503,0.0,0.0,-0.007281249999999994,0.20853368048935764,0.20866075936792713,0.785,3.762087334379082,0.75,0.5134183274464927,1.43111225,0.0,0.0,-0.008546875000000002,0.17935796344945035,0.17956148842388225,0.494,2.7511467204695794,0.6875,0.548766371504692,1.038580125,0.0,0.0
c4,phm2010,1209.506039999992,1237.5061799999917,0.2007854917625,medium_wear,10.385953125,28.28282872965375,30.129494241782833,73.19800000000001,2.4294466881057315,1.0,0.7168783294274269,29536.058371249997,0.0,0.0,0.004015625,0.21069531409326447,0.21073357735538967,0.785,3.7250826842660394,0.3125,0.5137152419730506,1.4462399375,0.0,0.0,-0.026671875000000005,0.18345989468814258,0.18538856996859326,0.494,2.6646734482265475,0.78125,0.5458978893021362,1.0868585624999998,0.0,0.0
c4,phm2010,1223.5061199999918,1251.5062599999917,0.2048286422015625,medium_wear,9.289359375,25.050242724851483,26.717164111706822,62.547,2.3410793053665975,1.0,0.7110213952757863,21989.0618515625,0.0,0.0,-0.01475,0.19133960319285706,0.19190728555737535,0.512,2.667954989373893,0.46875,0.5019648505385514,1.1845075,0.0,0.0,0.012921874999999992,0.16520056982796508,0.16570516927664022,0.5479999999999999,3.3070784839857894,0.9375,0.5068653400438575,0.8781581249999998,0.0,0.0
c6,phm2010,2e-05,28.00016,0.06646430969656246,low_wear,1.2506718749999999,3.7136007797970128,3.918547038204977,10.159,2.592542567679288,0.90625,0.6644424913228866,455.9048147500001,0.0,0.0,-0.007640625000000002,0.07683004115975321,0.0772090303980046,0.208,2.6939853917058847,0.9375,0.4950276172369395,0.1891416874999999,0.0,0.0,-0.007593749999999996,0.09066933721461462,0.09098677788558071,0.267,2.934492309814098,0.40625,0.42374261378077416,0.26358975,0.0,0.0
c6,phm2010,14.50008,42.50022,0.06973067646812497,low_wear,1.472796875,3.883533974438132,4.153428314732903,10.159,2.44593122360252,0.84375,0.6500374358527725,484.04279524999987,0.0,0.0,-0.007140624999999997,0.08570823822486011,0.08600517789644992,0.208,2.418459040343264,0.5,0.4916929858995612,0.23947512499999993,0.0,0.0,0.003734375,0.11020410640425053,0.11026735974439579,0.314,2.847624181152652,0.375,0.45420367155956864,0.3886439374999999,0.0,0.0
c6,phm2010,28.50016,56.5003,0.07317041320562498,low_wear,1.601546875,3.6600921817698437,3.995150456725629,10.483,2.6239312169964495,0.84375,0.6414520847944308,429.40997200000004,0.0,0.0,0.012734374999999996,0.07129148840050524,0.07241989108663446,0.162,2.2369544826600563,0.1875,0.45652659364552256,0.16300712499999997,0.0,0.0,0.004359375000000002,0.10664651998358585,0.1067355815789655,0.314,2.941849337914512,0.25,0.48302619576142264,0.36524549999999995,0.0,0.0
c6,phm2010,43.00022,71.00036,0.07716069787218748,low_wear,2.1400625,4.227069248734134,4.737930132188528,10.611,2.2395855793463557,0.84375,0.6604733205183944,572.3767131562499,0.0,0.0,0.0016093749999999936,0.07990201366116734,0.07991821991886455,0.251,3.1407105945906073,0.09375,0.42485530591665704,0.20712049999999993,0.0,0.0,-0.002859375000000001,0.1136627229992726,0.11369868347962521,0.33,2.902408276865721,0.25,0.4858461480658654,0.41636975000000004,0.0,0.0
c6,phm2010,57.0003,85.00044000000003,0.08097627351359374,low_wear,2.58678125,4.6327357315519775,5.30600391950006,12.768,2.406330676288498,0.875,0.6990200817218155,723.6449502500001,0.0,0.0,-0.013812500000000002,0.07737022905323468,0.07859349527791723,0.251,3.1936485215784085,0.125,0.4612593397093045,0.19668265624999995,0.0,0.0,-0.011593750000000002,0.11579692876297497,0.11637587271423575,0.33,2.835639315120965,0.34375,0.4353378600726212,0.43041184375,0.0,0.0
c6,phm2010,71.50036,99.50050000000005,0.08436050911531248,low_wear,3.2743281250000003,4.7721888290866055,5.7874874419410185,14.192,2.4521867463854505,0.90625,0.6467500299057655,745.463191625,0.0,0.0,0.00540625,0.0852343678391381,0.0854056496960242,0.191,2.236386008183384,0.40625,0.5170826869846544,0.23643721874999998,0.0,0.0,-0.006406250000000002,0.11117788656444905,0.11136230286771193,0.358,3.214732371557283,0.34375,0.40558204778647833,0.3955818437500001,0.0,0.0
c6,phm2010,85.50044000000003,113.50058000000008,0.08738489927281247,low_wear,3.47775,4.87965460803836,5.992142701592645,15.61,2.6050781460613472,0.78125,0.6114744479681695,762.0425012812501,0.0,0.0,0.003484375000000003,0.09876328900891956,0.09882473437859571,0.222,2.246401180796724,0.09375,0.5094122808421206,0.31734875,0.0,0.0,0.009375000000000001,0.11110812582795193,0.11150294278627806,0.358,3.210677593381479,0.375,0.4475027899180633,0.397596625,0.0,0.0
c6,phm2010,99.50052000000004,127.5006600000001,0.09036099450203122,low_wear,3.398546875,5.2361156670811555,6.2423575787217604,15.61,2.5006577728276245,0.875,0.6516974203338239,878.1130913749998,0.0,0.0,-0.015765625,0.08800439303443536,0.0894054144053927,0.222,2.483071092242592,0.1875,0.47916717161263384,0.24807749999999995,0.0,0.0,-0.0006250000000000006,0.10438308351931361,0.10438495461511682,0.254,2.4333008615708707,0.40625,0.4514015750659747,0.34922762499999993,0.0,0.0
c6,phm2010,114.00058000000008,142.00072000000011,0.09283488714640623,low_wear,2.85484375,5.65361616638731,6.3335226054503035,14.921,2.355876962870513,0.84375,0.6145485199284496,1027.6306995,0.0,0.0,-0.013734374999999997,0.08395687921998633,0.08507285480692416,0.1939999999999999,2.2803983766653855,0.3125,0.4799865393131552,0.22827056249999997,0.0,0.0,-0.002078125000000002,0.11342071910142508,0.11343975548721885,0.327,2.882587313376595,0.34375,0.4148189860353016,0.4116934999999999,0.0,0.0
c6,phm2010,128.0006600000001,156.00080000000014,0.09460105071609373,low_wear,2.484328125,5.836799679765358,6.343509811955444,16.33,2.5742846600825433,0.875,0.6417635529991987,1098.3325651875,0.0,0.0,-0.027406249999999986,0.09383308297683444,0.09775351656078668,0.239,2.4449248314395025,0.09375,0.4551366914375762,0.28426921874999994,0.0,0.0,0.0075625,0.11656782829644721,0.11681288456330491,0.327,2.799348729572614,0.375,0.3999495628697775,0.4374098749999999,0.0,0.0
c6,phm2010,142.50072000000011,170.50086000000016,0.09610957235546874,low_wear,3.33109375,6.316390092743713,7.140936169368832,16.33,2.2868150075403015,0.78125,0.6638162408745614,1373.99484425,0.0,0.0,-0.018328124999999987,0.1017257426071905,0.10336366322359128,0.246,2.3799466111012793,0.0625,0.4650051139283811,0.33242149999999987,0.0,0.0,0.021999999999999992,0.11635774576709534,0.11841927630246689,0.2769999999999999,2.339146198567247,0.21875,0.4378145716374915,0.4339835312499999,0.0,0.0
c6,phm2010,156.50080000000014,184.50094000000016,0.097624739463125,low_wear,3.8582031249999997,6.4615062223807564,7.525742090692784,17.295,2.2981122381790136,0.78125,0.6501856965288002,1338.1216958750001,0.0,0.0,0.016296875000000002,0.097219738172011,0.09857619197859085,0.246,2.495531578795691,0.15625,0.4652452450533919,0.3091961875,0.0,0.0,0.013046874999999996,0.11701795130549146,0.11774303323339345,0.28,2.3780600202899174,0.25,0.44858105653664904,0.44060624999999987,0.0,0.0
c6,phm2010,171.00086000000016,199.0010000000002,0.09913326110484375,low_wear,3.779625,6.269808795180679,7.320933510745061,17.295,2.3624036435539035,0.96875,0.6656540172115892,1274.8286526250001,0.0,0.0,0.0115625,0.10081199627896474,0.10147290278690169,0.238,2.3454537464037295,0.15625,0.4393810733744609,0.32558915625,0.0,0.0,0.004250000000000002,0.12871856412343946,0.1287887077736243,0.3379999999999999,2.6244536950717174,0.3125,0.44286163996656897,0.53309803125,0.0,0.0
c6,phm2010,185.00094000000016,213.00108000000023,0.10064842821390624,low_wear,4.066390625,6.244821686348387,7.45206888114804,18.324,2.458914469558294,1.0,0.6714018230506376,1443.0274445625,0.0,0.0,-0.009046875000000005,0.09151253836351811,0.09195863540201105,0.228,2.4793756345259323,0.25,0.4433843736581128,0.26859356249999994,0.0,0.0,0.0050468750000000045,0.14086390037101193,0.14095428115172665,0.373,2.6462481093319448,0.25,0.4383242837622591,0.6352036874999999,0.0,0.0
c6,phm2010,199.5010000000002,227.50114000000025,0.10215694984999997,low_wear,4.537812499999999,6.741573105262136,8.126533714859614,19.446,2.3929021502048777,1.0,0.6709383501778968,1936.2113,0.0,0.0,0.001796874999999993,0.08494192495602142,0.08496092852011446,0.204,2.401103702058801,0.25,0.42076222106386296,0.23088418749999995,0.0,0.0,-0.006375000000000002,0.13795204103238196,0.13809926230795008,0.373,2.7009557746097186,0.21875,0.4352225108992275,0.612812625,0.0,0.0
c6,phm2010,213.50108000000023,241.50122000000027,0.10367211696406249,low_wear,4.464375,7.2981950818764085,8.555366479219344,20.251,2.3670523114572473,1.0,0.7008928607968797,2053.0356566250002,0.0,0.0,0.014046874999999993,0.0809904372610395,0.08219954759607866,0.173,2.104634454317276,0.03125,0.4260580958830509,0.2099109375,0.0,0.0,-0.012843750000000003,0.13425561193461336,0.1348685702823308,0.282,2.090924515694558,0.3125,0.40411288216747776,0.5790474999999998,0.0,0.0
c6,phm2010,227.50116000000023,255.5013000000003,0.105181483709375,low_wear,4.694796875000001,7.349706408208782,8.72119842592605,20.251,2.3220432572430174,0.96875,0.678686696316737,1785.22527375,0.0,0.0,0.010468749999999999,0.09021882577066441,0.09082417767312843,0.312,3.4352086415015175,0.21875,0.43638432366343327,0.2609195,0.0,0.0,-0.02251562499999999,0.13653879853675063,0.1383827911085768,0.294,2.1245416257670655,0.21875,0.4085687914170869,0.600344625,0.0,0.0
c6,phm2010,242.00122000000027,270.0013600000003,0.10624337803125,low_wear,4.1908593750000005,7.793532759336398,8.848867451367719,19.412,2.1937270624388883,0.78125,0.6649180410428206,1948.0845284999998,0.0,0.0,0.007859374999999995,0.1082511355580595,0.10853606831371772,0.312,2.8746204358368743,0.3125,0.4451198368253442,0.3754100000000001,0.0,0.0,-0.01843749999999999,0.14528107187018546,0.1464463425627284,0.365,2.492380441960556,0.21875,0.4655482471974272,0.6977770000000001,0.0,0.0
c6,phm2010,256.0013000000003,284.00144000000034,0.10668104635937499,low_wear,3.9585468749999997,7.768960007076412,8.719336726673939,18.402,2.1104816314416603,0.75,0.6656157100065101,1957.1120513125002,0.0,0.0,-0.006390625000000002,0.11156242887777845,0.11174531589735652,0.332,2.971041759861846,0.34375,0.5188761593259494,0.40339074999999996,0.0,0.0,-0.016906249999999994,0.15829755592218567,0.15919779364048986,0.428,2.6884794708055795,0.5625,0.47663082028159953,0.8363784999999998,0.0,0.0
c6,phm2010,270.5013600000003,298.5015000000004,0.10750733602656246,low_wear,4.3583125,8.023595053954539,9.13087977346652,22.138,2.4245199311824206,0.78125,0.6515607006551922,2127.2596354062503,0.0,0.0,-0.0026406250000000006,0.11379509644360504,0.11382573028537966,0.332,2.9167394680238106,0.96875,0.49500280838406263,0.4158839999999999,0.0,0.0,-0.005546875000000003,0.15305012758156844,0.1531506101032575,0.428,2.794634639140079,0.375,0.4773939829961523,0.7505634999999999,0.0,0.0
c6,phm2010,284.50144000000034,312.5015800000004,0.10912562037656244,low_wear,4.161515625,8.506438563288745,9.469831536417372,22.138,2.3377395801462435,0.75,0.632585252858971,2343.7311853124997,0.0,0.0,0.004343749999999997,0.10486274045597653,0.10495266790320291,0.259,2.467779096753156,0.375,0.47616618920293907,0.3520227187499999,0.0,0.0,0.013437499999999996,0.15594178350830157,0.15651966729456077,0.379,2.4214209405821467,0.28125,0.4780899816553386,0.7836833749999997,0.0,0.0
c6,phm2010,299.0015000000004,327.0016400000004,0.11081843167031247,low_wear,4.916390625,8.86093247000772,10.13346046598224,24.057,2.374016268258875,0.71875,0.6313781819012628,2516.8073269375004,0.0,0.0,-0.013624999999999998,0.09427461548582416,0.09525410096158589,0.252,2.645555387705844,0.375,0.48866096411054294,0.28462178125,0.0,0.0,0.011,0.16143022873675178,0.1618045696202675,0.379,2.342331869176869,0.5625,0.46361859037102116,0.8417235000000001,0.0,0.0
c6,phm2010,313.0015800000004,341.00172000000043,0.11228299469843744,low_wear,5.492625,9.106685278718322,10.634878756067227,24.87,2.338531596875197,0.9375,0.6846731129151704,2721.716967625,0.0,0.0,-0.006218749999999997,0.10413834979697681,0.10432386471943991,0.332,3.1823974398653054,0.40625,0.47353789352398756,0.34703599999999996,0.0,0.0,-0.002093749999999995,0.14811985420914206,0.1481346515842934,0.374,2.5247300074633916,0.4375,0.49557056658117776,0.70272075,0.0,0.0
c6,phm2010,327.5016400000004,355.50178000000045,0.11349999682812496,low_wear,4.721187499999999,8.787190355275328,9.975185499528317,24.87,2.4931867182997243,0.8125,0.6627652787195863,2511.44964715625,0.0,0.0,-0.00032812499999999856,0.10571335870638286,0.10571386794077682,0.332,3.140552951728089,0.25,0.4459791518311995,0.35765168750000004,0.0,0.0,0.002906249999999999,0.15382637521224213,0.1538538267317391,0.324,2.105894971107409,0.28125,0.5006210198238868,0.757877,0.0,0.0
c6,phm2010,341.50172000000043,369.5018600000005,0.11446989237031248,low_wear,4.93484375,9.271236934092773,10.502786160110087,26.876,2.5589400365091595,0.75,0.6421385256228098,2811.7706192187507,0.0,0.0,0.005812499999999995,0.10861412129069589,0.10876953847470347,0.272,2.500700139159449,0.40625,0.40699026894645707,0.37761365624999993,0.0,0.0,0.03662499999999999,0.1695422605871468,0.17345307362511625,0.4479999999999999,2.5828311406476505,0.4375,0.46985456685704635,0.9385960312499998,0.0,0.0
c6,phm2010,355.50180000000046,383.5019400000005,0.11519676465937496,low_wear,5.79403125,9.902094675762974,11.472675237003356,28.088,2.44825199177664,0.75,0.6794639633710574,3207.3292907500004,0.0,0.0,-0.00039062500000000555,0.10580341694439444,0.10580413803344364,0.272,2.5707879205445017,0.375,0.45954510756273886,0.36157137499999986,0.0,0.0,0.011937500000000004,0.18107412803531595,0.18146719744901554,0.451,2.4852976534599955,0.46875,0.4573736317888477,1.0497069999999997,0.0,0.0
c6,phm2010,370.0018600000005,398.0020000000005,0.11568060010624999,low_wear,4.866328125,9.957792590878713,11.083265886151294,28.088,2.5342710613030026,0.875,0.6769496463412934,3423.5296203750004,0.0,0.0,-0.018125,0.0964560294901257,0.09814418602240277,0.3,3.056727170079345,0.875,0.510376672434548,0.314373625,0.0,0.0,-0.005453124999999996,0.17437620337286383,0.1744614481053049,0.451,2.585098340624666,0.25,0.43639504765592235,0.9822229999999997,0.0,0.0
c6,phm2010,384.0019400000005,412.00208000000055,0.11594637425781247,low_wear,4.123468750000001,9.716251940963318,10.555024695020851,23.793000000000003,2.254187051899929,1.0,0.6969372588906588,4026.35771809375,0.0,0.0,-0.015421874999999998,0.10629893059896875,0.10741180975572472,0.3,2.7929889709731004,0.4375,0.5245466646184963,0.3712259375000001,0.0,0.0,0.025546874999999997,0.1712669635473648,0.17316181918945064,0.436,2.5178760655256616,0.28125,0.4192406401348906,0.9677065624999998,0.0,0.0
c6,phm2010,398.5020000000005,426.50214000000057,0.11603275573437491,low_wear,3.606453125,9.804446123012392,10.446706079998375,24.787,2.3727096187245134,0.96875,0.6507569440574501,3082.3169115625,0.0,0.0,-0.01410937499999999,0.11432507341834237,0.11519243410484908,0.341,2.9602638632466007,0.9375,0.508510821494537,0.42789025,0.0,0.0,-0.0010000000000000078,0.18691684314154247,0.18691951810873042,0.436,2.3325546973985904,0.25,0.45829348888174143,1.1338550000000003,0.0,0.0
c6,phm2010,412.50208000000055,440.5022200000006,0.11604123229999988,low_wear,2.8933124999999995,9.643270734810038,10.067965419462862,24.787,2.461967137082441,1.0,0.6910814128083275,3574.70881,0.0,0.0,0.0010625000000000079,0.11624205281975195,0.11624690856104518,0.341,2.9334113416093937,0.65625,0.526710230845987,0.43800887499999996,0.0,0.0,-0.036609375000000006,0.20331169245055575,0.2065814382392571,0.67,3.2432729954373927,0.28125,0.4771980418888078,1.3282138125,0.0,0.0
c6,phm2010,427.00214000000057,455.0022800000006,0.11604123229999988,low_wear,3.679765625,10.307479072774942,10.944624246205302,27.66,2.527268125225059,0.875,0.6642423361239576,3445.596071375,0.0,0.0,-0.002125,0.11796801738183109,0.11798715502121405,0.33,2.7969146297380094,0.21875,0.5423722081005071,0.45772962500000003,0.0,0.0,-0.006468750000000006,0.2067907282095537,0.2068918799759913,0.67,3.2384064569269224,0.25,0.45235073011030424,1.3684915,0.0,0.0
c6,phm2010,441.0022200000006,469.00236000000064,0.11604123229999988,low_wear,4.998265625,11.126759536757248,12.19784559038501,27.66,2.267613554790617,0.78125,0.6129795520707793,3961.9526802500004,0.0,0.0,-0.013999999999999997,0.12791293425607903,0.12867679957941136,0.565,4.3908459166434035,0.21875,0.5069378692557875,0.5249662812499999,0.0,0.0,0.0065468750000000015,0.2099357736374017,0.21003783141377175,0.741,3.527935872372629,0.1875,0.5027702376447797,1.411459125,0.0,0.0
c6,phm2010,455.5022800000006,483.5024200000007,0.11604123229999988,low_wear,5.365703125,10.539146657639803,11.826427283709778,25.734,2.1759741452473227,0.875,0.6034952757959849,3575.2917043125,0.0,0.0,-0.010531249999999999,0.12345115035283186,0.12389953087078254,0.565,4.560146402727307,0.25,0.4964063831548706,0.5048910937499999,0.0,0.0,0.0004999999999999952,0.21140364235272768,0.21140423363783423,0.741,3.505133209722939,0.25,0.4695295239768117,1.4492870312499997,0.0,0.0
c6,phm2010,469.50236000000064,497.5025000000007,0.11604123229999988,low_wear,4.917828125,10.533580418052733,11.625031178049587,29.174,2.5095846671866497,0.875,0.6679253334150158,3599.9082993749994,0.0,0.0,-0.006906250000000001,0.1335346067914138,0.13371307901622786,0.429,3.208362287042505,0.6875,0.5311258182242587,0.57110384375,0.0,0.0,0.0030156249999999905,0.2036042801142927,0.20362661141167182,0.489,2.4014542922947775,0.25,0.4552714559623643,1.3296022499999998,0.0,0.0
c6,phm2010,483.5024400000007,511.5025800000007,0.11604153075468739,low_wear,4.57315625,10.664203558545099,11.60340448424513,29.174,2.514262089166319,0.875,0.6727176607923622,3745.53225434375,0.0,0.0,-0.01940625,0.13351061740901918,0.13491362977846233,0.429,3.179812156150925,0.84375,0.531950924912711,0.57096384375,0.0,0.0,0.04954687499999999,0.22015682831276065,0.22566329314932898,0.508,2.2511414812325694,0.3125,0.44542893536651645,1.5612513124999998,0.0,0.0
c6,phm2010,498.0025000000007,526.0026400000005,0.11620078305312495,low_wear,4.704359375,11.075701795438276,12.033377222983788,29.057,2.414700334042636,0.78125,0.648439512968937,3925.4937159375004,0.0,0.0,-0.021687499999999995,0.12937009350599543,0.13117533590580205,0.371,2.82827558578861,0.125,0.46282553060725695,0.53955465625,0.0,0.0,0.064625,0.21274687864925304,0.22234573303753774,0.508,2.2847301500237758,0.3125,0.4347146741568875,1.4604496249999999,0.0,0.0
c6,phm2010,512.0025800000006,540.0027200000003,0.11673565457031247,low_wear,4.731375,12.288569002964707,13.167947354513915,31.842,2.4181445401271824,0.875,0.6654579718536271,4952.04285753125,0.0,0.0,-0.031140624999999998,0.1373582072524586,0.1408439406754866,0.371,2.6341211288230535,0.21875,0.451716566696401,0.6039405625,0.0,0.0,0.032953125,0.1959753196903487,0.1987265316332975,0.629,3.1651536150224255,0.28125,0.47907767269283646,1.241702625,0.0,0.0
c6,phm2010,526.5026400000005,554.5027800000001,0.11749081663593745,low_wear,4.881562499999999,12.23699603645003,13.17473811646744,31.842,2.416898136305258,0.875,0.6675198353261897,4964.734508375,0.0,0.0,-0.024218749999999997,0.1236866591368588,0.12603546127975251,0.331,2.6262449999314192,0.6875,0.4932928800485874,0.49711296874999994,0.0,0.0,0.028796875,0.19509878745198386,0.19721256774100376,0.629,3.1894519056516524,0.1875,0.48586405304334357,1.2206885625,0.0,0.0
c6,phm2010,540.5027200000003,568.5028599999999,0.11824930540624998,low_wear,4.90775,11.699128322229823,12.686828349217151,31.483,2.4815500874923306,0.84375,0.6569440297339785,4415.23973603125,0.0,0.0,-0.012015624999999999,0.11165802873443259,0.11230267416673567,0.355,3.16110014862987,0.15625,0.4928595338357567,0.42492399999999997,0.0,0.0,0.005046875000000008,0.20304451710827942,0.2031072299919429,0.61,3.0033396645909565,0.1875,0.4563512635947002,1.351113,0.0,0.0
c6,phm2010,555.0027800000001,583.0029199999998,0.11900446747187497,low_wear,5.240656250000001,12.298640475194238,13.368658701184275,32.125,2.4030084631567545,0.84375,0.6671074777733099,4848.92306634375,0.0,0.0,-0.004078124999999997,0.12857370268248625,0.12863836179382881,0.429,3.334930529413664,0.8125,0.5057153732364605,0.5318201875,0.0,0.0,0.002078125000000007,0.22215087107973347,0.22216059084590137,0.675,3.0383426575787444,0.3125,0.4761635523904341,1.5917340625,0.0,0.0
c6,phm2010,569.0028599999999,597.0029999999996,0.11976295624218744,low_wear,6.3756562500000005,12.682629043078407,14.195001657713886,32.125,2.2631205528984597,0.9375,0.6867032576589985,5545.989945343751,0.0,0.0,-0.011140625000000001,0.13383722239948562,0.13430009540205098,0.429,3.1943387584030596,0.5,0.4685627410213134,0.5756033125,0.0,0.0,0.031015625,0.2530172605393936,0.2549111671249418,0.675,2.6479812854536755,0.09375,0.4775324708371607,2.054937875,0.0,0.0
c6,phm2010,583.5029199999998,611.5030599999994,0.12051811830781245,medium_wear,6.871625,12.175241769288403,13.980548711736962,31.277,2.237179716254077,0.78125,0.6670213092347983,5183.3594560312495,0.0,0.0,-0.00995312499999999,0.14366643545983304,0.14401079603626943,0.376,2.6109153643265994,0.5,0.4752889639244001,0.6812639375,0.0,0.0,0.062203125,0.23983700061757438,0.24777210421070406,0.65,2.6233784552567854,0.25,0.4403182209099764,1.8415021875000002,0.0,0.0
c6,phm2010,597.5029999999996,625.5031399999992,0.12127660707812495,medium_wear,7.070718750000001,12.793761627338085,14.617640035886437,33.78,2.310906542853005,0.96875,0.667463640057077,5306.7520920000015,0.0,0.0,-0.014218749999999992,0.15848654011756802,0.1591230852202156,0.3779999999999999,2.37551955127613,0.40625,0.5011416294161924,0.8178454999999999,0.0,0.0,0.06643750000000001,0.22249324954647498,0.23220074827614143,0.532,2.291120954387824,0.09375,0.4408028952866997,1.600665875,0.0,0.0
c6,phm2010,611.5030799999994,639.503219999999,0.12203552348281246,medium_wear,7.09703125,13.515757826478819,15.265764382679958,35.277,2.3108570993028126,0.96875,0.6844591945256988,6111.763996250002,0.0,0.0,-0.038140625,0.14359555476967026,0.14857452885673236,0.461,3.102819867896291,0.4375,0.47066191047420164,0.6603868125,0.0,0.0,-0.005906250000000002,0.22931056443377726,0.22938661414738218,0.532,2.3192286174911105,0.09375,0.4368827708917818,1.710338,0.0,0.0
c6,phm2010,626.0031399999992,654.0032799999989,0.12282361332031244,medium_wear,4.902015625,13.541315390883593,14.401283960228165,35.277,2.4495732531504846,0.96875,0.6665982484694031,6259.159843625001,0.0,0.0,-0.026109375000000008,0.14664328713619787,0.14894949857250275,0.461,3.0950087406679208,0.15625,0.5002429593784253,0.6881505624999998,0.0,0.0,-0.05231249999999999,0.21460646214350118,0.22089031497555522,0.504,2.2816754100594,0.15625,0.47230135624889436,1.4753161562500001,0.0,0.0
c6,phm2010,640.003219999999,668.0033599999987,0.12366292477968746,medium_wear,3.0212031250000004,13.553206390901204,13.885858698578025,32.29,2.3253873383650836,0.8125,0.6631240403223009,5977.252763062501,0.0,0.0,0.0052343749999999994,0.15196327086950773,0.1520533931716093,0.395,2.597771689015833,0.375,0.5103113252969277,0.74184925,0.0,0.0,0.03931249999999999,0.2681470489185924,0.27101349136159253,0.792,2.922363739240181,0.71875,0.453010645852998,2.3040509999999994,0.0,0.0
c6,phm2010,654.5032799999989,682.5034199999985,0.12451515960937498,medium_wear,3.889015625,14.108815483913979,14.63499630647801,34.236999999999995,2.3393924592140407,0.78125,0.6502940574661439,6492.325136125001,0.0,0.0,0.0431875,0.14168570797278743,0.1481215716902842,0.395,2.6667283873136856,0.375,0.5161451382061767,0.6424699062500001,0.0,0.0,0.03520312499999999,0.25388033473515503,0.2563093528824104,0.792,3.09001599470837,0.46875,0.46524540262871905,2.0630751875,0.0,0.0
c6,phm2010,668.5033599999987,696.5034999999983,0.1253711487765625,medium_wear,4.509453125,14.180246009997596,14.880004851834727,35.233000000000004,2.3678083677274957,0.75,0.659730996334296,6845.7574876875,0.0,0.0,-0.014562500000000006,0.1758880036948228,0.17648981911147169,0.5539999999999999,3.138991261870416,0.0625,0.5218335651346048,0.9901861562499997,0.0,0.0,-0.020265625000000016,0.22606001983623591,0.22696657931290234,0.497,2.1897497045801715,0.375,0.5020160921936831,1.6387968124999996,0.0,0.0
c6,phm2010,683.0034199999985,711.0035599999982,0.12622338360625002,medium_wear,4.236453125000001,13.802562190733022,14.438083602382106,35.233000000000004,2.4402823096402484,0.75,0.6584390761292338,6206.205654312502,0.0,0.0,-0.036046875000000006,0.18303930842235602,0.18655499356758048,0.5539999999999999,2.9696337225050513,0.625,0.4829972405965588,1.0728162499999998,0.0,0.0,-0.0021718750000000063,0.24335111944263654,0.24336081109126834,0.929,3.817377152197255,0.46875,0.5110455820181891,1.9222061874999998,0.0,0.0
c6,phm2010,697.0034999999983,725.003639999998,0.1270793727796875,medium_wear,4.533156249999999,14.574393046130119,15.263107096852856,35.693000000000005,2.338514679449484,0.8125,0.6223964792016058,6804.636649718751,0.0,0.0,0.034406250000000006,0.19158432532683226,0.19464928396991343,0.621,3.190353374718742,0.25,0.46264382990964764,1.17582084375,0.0,0.0,-0.007218750000000006,0.25423491036527124,0.25433737436719756,0.929,3.652628727143985,0.46875,0.47704754858650117,2.10458025,0.0,0.0
c6,phm2010,711.5035599999982,739.5036999999978,0.12793160760312497,medium_wear,3.8946562499999997,15.137696348044043,15.63068130412907,35.896,2.2965089813786657,0.90625,0.6152430325852485,7338.768055250001,0.0,0.0,0.03375,0.20676957283410924,0.20950589192192187,0.621,2.964117115290642,0.21875,0.4436395804813192,1.388823125,0.0,0.0,0.015656250000000003,0.28031735468204155,0.28075422970990127,0.88,3.13441404216524,0.4375,0.4776361346316474,2.5265415,0.0,0.0
c6,phm2010,725.503639999998,753.5037799999976,0.12878759677187498,medium_wear,4.720203124999999,15.657622332249723,16.353637351996802,35.949,2.19822656123719,0.875,0.6196598116853365,7856.582379750002,0.0,0.0,-0.009281250000000001,0.18548765699754122,0.18571971489316905,0.511,2.7514580253041037,0.09375,0.47144423095461707,1.10167525,0.0,0.0,0.016156249999999997,0.26845752799267425,0.2689432444773432,0.88,3.2720658282760273,0.1875,0.4871301298030339,2.3183902187500003,0.0,0.0
c6,phm2010,739.5037199999978,767.5038599999974,0.12965051404375,medium_wear,7.009562500000001,16.147677557348416,17.60345014301174,35.956,2.042554141823948,0.90625,0.6582786127871223,8345.371077906253,0.0,0.0,0.014499999999999996,0.18504534917149362,0.18561258375983025,0.511,2.753046100910908,0.75,0.5311054113735355,1.1328651249999997,0.0,0.0,-0.013015624999999996,0.24162661614743391,0.241976916512712,0.617,2.5498299957367485,0.375,0.4686179530443354,1.8952105,0.0,0.0
c6,phm2010,754.0037799999976,782.0039199999973,0.13103621293437498,medium_wear,5.072390625000001,15.19092607716156,16.01541075759142,39.091,2.4408365537218946,0.75,0.6529737884417364,7842.959069875001,0.0,0.0,0.0305,0.18481815387022996,0.18731791158348954,0.534,2.8507684902412054,0.28125,0.4883865908467832,1.09325303125,0.0,0.0,0.0249375,0.26124861692217627,0.2624361231804799,0.7609999999999999,2.899753245770411,0.34375,0.46525070373621313,2.1847299999999996,0.0,0.0
c6,phm2010,768.0038599999974,796.0039999999971,0.13320161391875,medium_wear,5.04984375,16.686050011179574,17.433450228655257,41.823,2.3990087705792047,0.78125,0.6320487379545819,8943.41207375,0.0,0.0,-0.004828124999999999,0.15402085438012728,0.15409650993776594,0.534,3.465360767843889,0.1875,0.4808325310807923,0.7602755625,0.0,0.0,0.026843750000000006,0.2671618317348822,0.26850704134156334,0.7609999999999999,2.8341901061430432,0.21875,0.46229135424417195,2.3274529999999998,0.0,0.0
c6,phm2010,782.5039199999973,810.5040599999969,0.13562652854843749,medium_wear,7.665578124999999,18.297807548655836,19.83862014047663,41.823,2.1081607341565434,0.78125,0.6643653682057935,11385.024341374998,0.0,0.0,-0.016687500000000008,0.19794316379645446,0.19864533407558305,0.5920000000000001,2.9801857806272385,0.1875,0.49427606413952846,1.28562290625,0.0,0.0,0.0009687500000000017,0.2829290419406207,0.2829307004374039,0.6759999999999999,2.3892776533438065,0.46875,0.4877585528203748,2.56377409375,0.0,0.0
c6,phm2010,796.5039999999971,824.5041399999967,0.13806212560781245,medium_wear,5.972234375,16.75996716485278,17.792247828671762,41.607,2.3384903583093846,0.875,0.6217283210438938,9017.612647000002,0.0,0.0,-0.021515625000000014,0.22689073583083857,0.22790859598751423,0.5920000000000001,2.5975325653466457,1.0,0.4931168325566934,1.7563271249999999,0.0,0.0,0.019109375000000005,0.32206904913715223,0.3226354608920104,0.76,2.3555997158489044,0.4375,0.4655260069270974,3.3630821250000005,0.0,0.0
c6,phm2010,811.0040599999969,839.0041999999966,0.1404870402234375,medium_wear,5.888624999999999,16.86018227539,17.858937559384657,40.616,2.2742674285602607,1.0,0.6571083662398078,10436.013863781249,0.0,0.0,0.031953125000000006,0.21305262185135007,0.2154354239093469,0.595,2.7618484889948745,0.78125,0.5116868777075674,1.4877373749999996,0.0,0.0,-0.014015624999999993,0.3113254171776846,0.31164074368573824,1.131,3.6291788635330433,0.375,0.46120861266512125,3.102317875,0.0,0.0
c6,phm2010,825.0041399999967,853.0042799999964,0.142922637296875,medium_wear,6.432265625,18.05551829621815,19.167049382093868,48.968,2.5548011602530023,0.8125,0.678095185326436,11187.382413125,0.0,0.0,0.049,0.22429472798084218,0.22958467936689503,0.595,2.5916363480384574,0.8125,0.5325962304607603,1.6304645,0.0,0.0,0.0009531249999999991,0.30589762532215636,0.30589911020629007,1.131,3.6972974495979547,0.28125,0.48977858474093444,3.0434493749999993,0.0,0.0
c6,phm2010,839.5041999999966,867.5043399999962,0.14534755192656248,medium_wear,5.994765625,18.376184342565335,19.32928777504813,48.968,2.5333576989428455,0.8125,0.6634328383256872,10834.859346437499,0.0,0.0,0.041203125,0.23941192141419018,0.24293160688761764,0.5870000000000001,2.4163179403475135,0.84375,0.5056027234745921,1.8587924375000002,0.0,0.0,0.0007343750000000093,0.33544398014923354,0.3354447840181749,0.967,2.882739711784001,0.25,0.4849551881752852,3.6963736874999995,0.0,0.0
c6,phm2010,853.5042799999964,881.504419999996,0.1477831489859375,medium_wear,6.586749999999999,18.924268976138816,20.03779508438366,50.403,2.51539651881565,0.90625,0.662202142389861,11489.056358781248,0.0,0.0,0.037484375,0.24937540677833367,0.25217686625660174,0.802,3.180307582948261,0.34375,0.5024173705003877,2.0034055625000002,0.0,0.0,-0.02121875,0.3216909167173321,0.3223899521542196,0.967,2.999473133509516,0.28125,0.4945229544583605,3.3135375937499996,0.0,0.0
c6,phm2010,867.5043599999962,895.5044999999958,0.1502283534171875,medium_wear,7.2576406250000005,19.043892740987193,20.379970514499647,50.403,2.473163538884416,0.84375,0.6716549720489401,12216.741430625001,0.0,0.0,0.03615624999999999,0.24980656383677652,0.2524095753928523,0.802,3.177375496756653,0.3125,0.5225369490965441,1.9970593437499997,0.0,0.0,0.004843750000000022,0.36509272019027916,0.3651248502224958,1.106,3.0291008659806034,0.25,0.46153755227099424,4.2885325000000005,0.0,0.0
c6,phm2010,882.004419999996,910.0045599999956,0.15339303571874996,medium_wear,7.800875,18.099057375748192,19.708615594613693,48.201,2.445681675032172,0.96875,0.6560300840066713,10538.12946628125,0.0,0.0,0.036406249999999994,0.280735458146878,0.28308622802955286,1.145,4.044704004041014,0.6875,0.5358644475615832,2.55960325,0.0,0.0,-0.08617187499999998,0.3908417820346033,0.4002285479885212,1.106,2.763421064185858,0.28125,0.40834719287064714,4.8984759375,0.0,0.0
c6,phm2010,896.0044999999958,924.0046399999954,0.1576444261265625,medium_wear,7.40625,18.53638476416046,19.961214872534686,50.855,2.5476906252821876,1.0,0.6921936553393082,14715.451029281252,0.0,0.0,0.032609374999999996,0.28305777994450065,0.2849299530147717,1.145,4.0185315298902236,0.84375,0.5514747606173711,2.5995057499999996,0.0,0.0,-0.08675000000000001,0.3675251266920399,0.37762452416388426,1.109,2.9367796025840422,0.1875,0.44292407577716436,4.35185478125,0.0,0.0
c6,phm2010,910.5045599999956,938.5046999999952,0.16225021422343747,medium_wear,7.823078125,21.316734594199026,22.706909193225197,51.87,2.2843267464810166,0.96875,0.6453297776737784,14541.848764375,0.0,0.0,0.016968749999999998,0.25369093947840843,0.2542578046983022,0.579,2.2772162321114626,0.59375,0.5620146352427009,2.11510209375,0.0,0.0,0.042437499999999996,0.3832410254575441,0.38558348642025636,1.234,3.200344525789766,0.1875,0.47159177403374103,4.724655406250001,0.0,0.0
c6,phm2010,924.5046399999954,952.5047799999952,0.16687629218125,medium_wear,5.435453124999999,18.927465044982984,19.69246261144413,51.87,2.6340027158338297,0.96875,0.6683713016505818,12414.298712625,0.0,0.0,-0.007953124999999991,0.27480842359311763,0.274923483673185,0.926,3.3682099019987017,0.1875,0.5410686528376838,2.4393405625000004,0.0,0.0,0.10437500000000001,0.3747074066855364,0.38897272558625495,1.234,3.172458938194523,0.21875,0.44780369325581554,4.49559053125,0.0,0.0
c6,phm2010,939.0046999999952,967.0048399999948,0.1714820803015625,medium_wear,5.722046875,19.767981623092624,20.579478076244428,55.927,2.717610222805329,0.9375,0.6380464584880559,12540.595806,0.0,0.0,0.020796875,0.2883857106640937,0.2891346193816991,1.002,3.4655137532223925,0.84375,0.5158515004173412,2.6932950625000007,0.0,0.0,0.09321874999999999,0.35719665752696717,0.3691601109274944,0.937,2.538194057981615,0.21875,0.46191837224327625,4.10192375,0.0,0.0
c6,phm2010,953.0047799999952,981.0049199999949,0.1761081582140625,medium_wear,10.114984374999999,24.32713101115976,26.34619919723953,55.927,2.1227729882897055,0.90625,0.6625092099984957,18944.574931812498,0.0,0.0,0.056796875000000004,0.27693174811717486,0.2826960879195182,1.002,3.5444423988112033,1.0,0.5438196425508907,2.7300498125000003,0.0,0.0,-0.02949999999999999,0.3764091855946133,0.3775634052712206,1.064,2.818069720596151,0.03125,0.4472829649695893,4.53682928125,0.0,0.0
c6,phm2010,967.5048399999948,995.5049799999946,0.18071394633750001,medium_wear,8.283125,22.09526231493134,23.59683827404108,55.651,2.358409179810405,0.90625,0.6555252657111137,16000.366007625003,0.0,0.0,0.017093750000000005,0.2743968225233986,0.27492874076749413,0.795,2.891658390391158,1.0,0.5728365073969267,2.7095145,0.0,0.0,-0.0026562499999999937,0.4028090125430879,0.40281777052409196,1.14,2.830063823939014,0.03125,0.42454412097411165,5.22648521875,0.0,0.0
c6,phm2010,981.5049199999949,1009.5050599999944,0.1853400242921875,medium_wear,5.798578125000001,18.592265479229432,19.475519092488266,55.651,2.85748481135297,0.96875,0.6021472101591272,11068.144546750002,0.0,0.0,-0.013421875,0.2586259850565762,0.2589740274139474,0.795,3.0698059104176565,0.96875,0.5559406469523303,2.204972,0.0,0.0,-0.014546875000000004,0.4037198490943124,0.4039818413307707,1.14,2.821909015129705,0.03125,0.43332653129580795,5.2318934375,0.0,0.0
c6,phm2010,995.5049999999944,1023.5051399999942,0.18996371293125003,medium_wear,7.490515625,18.047575624921365,19.540286852183748,54.056,2.7663872290574334,0.9375,0.6091986759587269,11089.858010687502,0.0,0.0,-0.009109374999999996,0.2516064087262273,0.25177125655046484,0.605,2.4029748601534036,0.25,0.4927341638988806,2.0273183125,0.0,0.0,-0.21531250000000002,0.3467214243362386,0.4081362747294095,1.02,2.4991652620837255,0.125,0.45789200780877526,3.85998540625,0.0,0.0
c6,phm2010,1010.0050599999944,1038.005199999994,0.19438552698124997,medium_wear,10.174515625000002,22.71032676242255,24.885331218598942,55.873000000000005,2.245218257663427,0.9375,0.6522548787096244,17605.621777687502,0.0,0.0,-0.04521875000000001,0.2808495186900584,0.2844664962697716,0.653,2.2955251622346853,0.90625,0.5014401523005815,2.5253855,0.0,0.0,-0.19696874999999997,0.31335807038185165,0.3701215594233873,0.8809999999999999,2.380299060050732,0.03125,0.49306416025789646,3.1459260937499995,0.0,0.0
c6,phm2010,1024.0051399999943,1052.005279999994,0.19856003230937497,medium_wear,10.909890625000001,26.106100859112647,28.29406678997604,60.61600000000001,2.1423572811199736,1.0,0.6921041380107777,27846.1175876875,0.0,0.0,-0.03332812500000001,0.3001244041376582,0.3019692399483762,0.659,2.182341486545652,0.15625,0.5113495684087387,2.8891606249999997,0.0,0.0,-0.08657812499999999,0.3610609715082542,0.37129610403961955,0.898,2.4185548682842577,0.65625,0.4730642366908284,4.173355562499999,0.0,0.0
c6,phm2010,1038.505199999994,1066.5053399999938,0.20262345543593746,medium_wear,8.883078125,25.961670833115143,27.43934090720612,65.605,2.3909101979476053,0.96875,0.6128461514101288,21680.360771187505,0.0,0.0,0.0075468750000000015,0.2756225300165688,0.2757258318964692,0.732,2.654811103353039,0.65625,0.5073833104304687,2.430969,0.0,0.0,0.020515625000000003,0.37110464293223194,0.3716712887418128,0.898,2.4161134507858355,0.03125,0.46546855814728133,4.4321690625,0.0,0.0
c6,phm2010,1052.505279999994,1080.5054199999936,0.20670477905937495,medium_wear,6.872890625,22.99251994271533,23.99776237192491,65.605,2.7337965508297386,1.0,0.650543552262251,19721.350170812504,0.0,0.0,0.04731250000000001,0.2669708478350211,0.27113079177769533,0.732,2.699804014145981,0.78125,0.5672005788435182,2.3609499999999994,0.0,0.0,-0.03360937499999998,0.395663193937861,0.39708809239890336,1.154,2.9061561454245886,0.0625,0.4546996297712926,5.1672909375,0.0,0.0
c6,phm2010,1067.0053399999938,1095.0054799999934,0.21076820213593744,high_wear,8.798734374999999,26.061095520455744,27.50633429463339,63.267,2.3000883840906305,1.0,0.675867061387821,29044.771857187505,0.0,0.0,-0.0701875,0.29962747052590155,0.3077383730541253,0.902,2.9310611837197027,0.03125,0.49955075733090176,2.881043875,0.0,0.0,0.013312500000000008,0.44015848974403526,0.44035976059354015,1.154,2.620584583942406,0.09375,0.4382604675685132,6.242441999999999,0.0,0.0
c6,phm2010,1081.0054199999936,1109.0055599999932,0.214849525775,high_wear,10.4671875,28.965514882936116,30.79875105574494,65.441,2.124793952896125,1.0,0.6908641455791543,32444.98592865625,0.0,0.0,-0.089671875,0.25689060504227157,0.2720915804007908,0.902,3.315060314146268,0.03125,0.47971796669621397,2.207965,0.0,0.0,0.0541875,0.41286971594408567,0.4164104795751423,1.133,2.720872926051198,0.125,0.4095440676815325,5.458086000000001,0.0,0.0
c6,phm2010,1095.5054799999934,1123.505619999993,0.2189129489015625,high_wear,8.744140625,23.77901172703777,25.335773009410527,65.441,2.582948622711969,0.9375,0.6578477029446689,19400.886152312498,0.0,0.0,0.001921875000000007,0.22023143399951872,0.2202398195717568,0.602,2.7333840046298308,0.21875,0.48373994258485603,1.598763625,0.0,0.0,-0.039390625,0.3997287602701479,0.4016649139830364,1.133,2.8207591964277223,0.0625,0.413061827613892,5.118769749999999,0.0,0.0
c6,phm2010,1109.5055599999932,1137.5056999999929,0.22299427254999998,high_wear,4.41846875,17.65674993183268,18.201200077192713,53.983,2.9659033344534356,1.0,0.6476940093417066,11492.14798096875,0.0,0.0,-0.01929687500000001,0.23650625518204454,0.23729217881127054,0.68,2.865665456849446,1.0,0.5168123360834312,1.8979810625,0.0,0.0,0.09692187499999999,0.3286122004300576,0.34260739648320493,0.961,2.804959874960287,0.0625,0.4086319624458653,3.4555732499999996,0.0,0.0
c6,phm2010,1123.505639999993,1151.505779999993,0.2270601696140625,high_wear,4.4508125,20.465455865368448,20.943844338790814,61.49100000000001,2.9359939371832713,1.0,0.6613417158799747,15902.615298656252,0.0,0.0,-0.02442187500000001,0.22198429031461747,0.2233236510649958,0.68,3.0449081266457254,0.8125,0.5508668155247011,1.6269113750000002,0.0,0.0,0.09357812499999998,0.3547779148939296,0.3669117528439229,1.147,3.126092285432763,0.03125,0.393406939027101,4.0359638125,0.0,0.0
c6,phm2010,1138.0056999999929,1166.0058399999923,0.2299283260171875,high_wear,11.588875,29.2505581450487,31.462631415100994,70.271,2.233474977756384,0.90625,0.6619189275644888,28402.724297531255,0.0,0.0,0.0026249999999999954,0.25045131138606563,0.2504650674245812,0.723,2.8866300895142043,0.21875,0.5142685890640234,2.033333625,0.0,0.0,-0.037046875000000014,0.4157180696430387,0.41736552849390907,1.147,2.7481905468787153,0.09375,0.4514858137983987,5.5435525624999995,0.0,0.0
c6,phm2010,1152.005779999993,1180.0059199999923,0.23108413484999998,high_wear,12.403890625,30.98874365249279,33.379016399481806,70.271,2.1052447789051962,0.90625,0.6750189910547623,32609.7963165,0.0,0.0,0.02095312499999999,0.2682831660349459,0.2691001498048635,0.762,2.831659516178494,0.03125,0.509125344999874,2.3488671875000002,0.0,0.0,-0.093875,0.3723927907801116,0.38404284428954016,1.023,2.663765293928333,0.21875,0.47637637058352233,4.456365624999999,0.0,0.0
c6,phm2010,1166.5058399999923,1194.5059799999922,0.23164573001249994,high_wear,9.726609375,27.569286941958385,29.234782578666035,67.09,2.2948691278777855,0.875,0.6464209096192944,24360.3241286875,0.0,0.0,0.008421874999999992,0.3146374801203512,0.3147501737489592,0.8370000000000001,2.6592519077291463,1.0,0.5403329290340225,3.3044642499999997,0.0,0.0,-0.10582812499999998,0.36905261120060423,0.3839263234984025,1.023,2.6645737408111234,0.21875,0.5038800675685473,4.735432125,0.0,0.0
c6,phm2010,1180.5059199999923,1208.506059999992,0.2322097991625,high_wear,8.8900625,24.656998544958668,26.21069988573369,66.242,2.527288484809026,0.96875,0.6243077789349822,19505.491363156252,0.0,0.0,0.008546875000000002,0.35887379961866034,0.3589755606235612,0.936,2.6074198432175,0.375,0.5565363461844355,4.213474375,0.0,0.0,0.001843750000000012,0.41750472372889086,0.4175087948175463,1.371,3.283763161442227,0.0625,0.43735765536912896,5.644356343750001,0.0,0.0
c6,phm2010,1195.0059799999922,1223.0061199999918,0.23277139432499996,high_wear,7.297375,23.284608776171762,24.401325532642687,66.077,2.7079266620825986,0.96875,0.6334116683849454,17482.161228625002,0.0,0.0,0.012874999999999998,0.3125839637201499,0.3128490051126901,0.936,2.9918586433185146,0.375,0.5090804575640626,3.14564328125,0.0,0.0,0.08328125,0.3661488968281039,0.37550070738948016,1.371,3.6511249460256257,0.21875,0.451051001753342,4.3632335937499995,0.0,0.0
c6,phm2010,1209.006059999992,1237.0061999999916,0.23333546347499998,high_wear,9.8588125,26.646635484073666,28.411958160803525,69.008,2.428836464189991,0.84375,0.6041443549973389,22726.247483999996,0.0,0.0,-0.03626562500000001,0.27258887554036276,0.2749907100703585,0.7070000000000001,2.570995943168802,0.53125,0.47313464057475574,2.4052160625,0.0,0.0,0.015578124999999988,0.35044310365091275,0.35078917724895675,0.983,2.8022529306893644,0.0625,0.4251525395234948,3.9388262499999995,0.0,0.0
c6,phm2010,1223.5061199999918,1251.5062599999917,0.2338970586375,high_wear,11.303749999999999,28.51089065164398,30.669947013526127,72.139,2.3521070958546195,0.9375,0.6218204060300524,26122.062779125004,0.0,0.0,-0.080109375,0.26858373445186395,0.2802761751826223,0.984,3.510822849494237,0.0625,0.5071074264675312,2.3229475624999996,0.0,0.0,0.006156249999999993,0.38432104169032627,0.384370345500274,0.983,2.5574293425799657,0.0625,0.4610740637211813,4.76860775,0.0,0.0
